vectors,trial,stage,epoch,accuracy,nll
128,0,1,1,27.34375,2.1665573120117188
128,0,1,2,33.59375,1.9741140604019165
128,0,1,3,44.53125,1.729252815246582
128,0,1,4,52.34375,1.4526243209838867
128,0,1,5,65.625,1.174403190612793
128,0,1,6,68.75,0.9155640602111816
128,0,1,7,81.25,0.6862684488296509
128,0,1,8,85.9375,0.497429221868515
128,0,1,9,91.40625,0.3541157841682434
128,0,1,10,92.96875,0.249452143907547
128,0,1,11,94.53125,0.1767779290676117
128,0,1,12,96.875,0.1290215104818344
128,0,1,13,97.65625,0.09394974261522293
128,0,1,14,99.21875,0.0664265975356102
128,0,1,15,100.0,0.046094831079244614
128,0,1,16,100.0,0.030108748003840446
128,0,1,17,100.0,0.019839972257614136
128,0,1,18,100.0,0.01361135020852089
128,0,1,19,100.0,0.00990794412791729
128,0,1,20,100.0,0.007656418718397617
128,0,1,21,100.0,0.0062507139518857
128,0,1,22,100.0,0.0051951417699456215
128,0,1,23,100.0,0.00442286254838109
128,0,1,24,100.0,0.003860095515847206
128,0,1,25,100.0,0.00341666117310524
128,0,1,26,100.0,0.003072398481890559
128,0,1,27,100.0,0.0027972343377768993
128,0,1,28,100.0,0.0025609112344682217
128,0,1,29,100.0,0.002365200314670801
128,0,1,30,100.0,0.0022000321187078953
128,0,1,31,100.0,0.0020539830438792706
128,0,1,32,100.0,0.001927053090184927
128,0,1,33,100.0,0.001812673988752067
128,0,1,34,100.0,0.0017107287421822548
128,0,1,35,100.0,0.0016203487757593393
128,0,1,36,100.0,0.0015378955285996199
128,0,1,37,100.0,0.001461612293496728
128,0,1,38,100.0,0.0013926804531365633
128,0,1,39,100.0,0.0013276702957227826
128,0,1,40,100.0,0.0012692059390246868
128,0,1,41,100.0,0.0012143900385126472
128,0,1,42,100.0,0.0011623746249824762
128,0,1,43,100.0,0.001114020822569728
128,0,1,44,100.0,0.001067989505827427
128,0,1,45,100.0,0.001023744698613882
128,0,1,46,100.0,0.0009818905964493752
128,0,1,47,100.0,0.0009434825042262673
128,0,1,48,100.0,0.000908268557395786
128,0,1,49,100.0,0.0008744600927457213
128,0,1,50,100.0,0.0008426351705566049
128,0,1,51,100.0,0.000812913232948631
128,0,1,52,100.0,0.0007851091795600951
128,0,1,53,100.0,0.0007585607818327844
128,0,1,54,100.0,0.0007333813118748367
128,0,1,55,100.0,0.0007091474253684282
128,0,1,56,100.0,0.0006861771689727902
128,0,1,57,100.0,0.0006650411523878574
128,0,1,58,100.0,0.0006450960645452142
128,0,1,59,100.0,0.0006259357323870063
128,0,1,60,100.0,0.0006073024705983698
128,0,1,61,100.0,0.0005897433729842305
128,0,1,62,100.0,0.0005729565746150911
128,0,1,63,100.0,0.0005568381166085601
128,0,1,64,100.0,0.00054128811461851
128,0,1,65,100.0,0.0005266288062557578
128,0,1,66,100.0,0.0005126897594891489
128,0,1,67,100.0,0.0004989579902030528
128,0,1,68,100.0,0.0004859567270614207
128,0,1,69,100.0,0.00047338035074062645
128,0,1,70,100.0,0.0004615382058545947
128,0,1,71,100.0,0.00045000400859862566
128,0,1,72,100.0,0.00043912045657634735
128,0,1,73,100.0,0.0004285968607291579
128,0,1,74,100.0,0.00041831977432593703
128,0,1,75,100.0,0.0004084366955794394
128,0,1,76,100.0,0.0003989655524492264
128,0,1,77,100.0,0.0003898576251231134
128,0,1,78,100.0,0.00038117653457447886
128,0,1,79,100.0,0.00037282274570316076
128,0,1,80,100.0,0.00036480382550507784
128,0,1,81,100.0,0.0003570324624888599
128,0,1,82,100.0,0.0003494620614219457
128,0,1,83,100.0,0.00034219856024719775
128,0,1,84,100.0,0.0003351510677020997
128,0,1,85,100.0,0.000328260735841468
128,0,1,86,100.0,0.00032154153450392187
128,0,1,87,100.0,0.0003149889234919101
128,0,1,88,100.0,0.000308729475364089
128,0,1,89,100.0,0.0003025846090167761
128,0,1,90,100.0,0.0002965635503642261
128,0,1,91,100.0,0.00029085122514516115
128,0,1,92,100.0,0.0002853053156286478
128,0,1,93,100.0,0.0002798571949824691
128,0,1,94,100.0,0.0002745756646618247
128,0,1,95,100.0,0.0002695211151149124
128,0,1,96,100.0,0.0002646098437253386
128,0,1,97,100.0,0.00025980561622418463
128,0,1,98,100.0,0.00025517999893054366
128,0,1,99,100.0,0.0002506661112420261
128,0,1,100,100.0,0.00024628901155665517
128,0,2,1,100.0,0.00020595049136318266
128,0,2,2,100.0,0.00015652969887014478
128,0,2,3,100.0,0.00010853787534870207
128,0,2,4,100.0,7.055312016746029e-05
128,0,2,5,100.0,4.515890759648755e-05
128,0,2,6,100.0,2.8453781851567328e-05
128,0,2,7,100.0,1.8095197447109967e-05
128,0,2,8,100.0,1.161902673629811e-05
128,0,2,9,100.0,7.64143987908028e-06
128,0,2,10,100.0,5.3886024034e-06
128,0,2,11,100.0,3.99349482904654e-06
128,0,2,12,100.0,3.0826681722828653e-06
128,0,2,13,100.0,2.457754135321011e-06
128,0,2,14,100.0,2.014446636167122e-06
128,0,2,15,100.0,1.6968668887784588e-06
128,0,2,16,100.0,1.4472732345893746e-06
128,0,2,17,100.0,1.2712537227344e-06
128,0,2,18,100.0,1.132487000177207e-06
128,0,2,19,100.0,1.017003228298563e-06
128,0,2,20,100.0,9.080387144422275e-07
128,0,2,21,100.0,8.29807731861365e-07
128,0,2,22,100.0,7.683405556235812e-07
128,0,2,23,100.0,7.068733793857973e-07
128,0,2,24,100.0,6.491314366030565e-07
128,0,2,25,100.0,6.062906550141633e-07
128,0,2,26,100.0,5.653124617310823e-07
128,0,2,27,100.0,5.29922260739113e-07
128,0,2,28,100.0,4.954633823217591e-07
128,0,2,29,100.0,4.591418303334649e-07
128,0,2,30,100.0,4.3213350409132545e-07
128,0,2,31,100.0,4.0698779457670753e-07
128,0,2,32,100.0,3.846360812076455e-07
128,0,2,33,100.0,3.641470129878144e-07
128,0,2,34,100.0,3.3900130347319646e-07
128,0,2,35,100.0,3.2968807772704167e-07
128,0,2,36,100.0,3.0733639277968905e-07
128,0,2,37,100.0,2.9057258643661044e-07
128,0,2,38,100.0,2.756714252427628e-07
128,0,2,39,100.0,2.617015866235306e-07
128,0,2,40,100.0,2.5052571572814486e-07
128,0,2,41,100.0,2.393498448327591e-07
128,0,2,42,100.0,2.309679416612198e-07
128,0,2,43,100.0,2.2165471591506503e-07
128,0,2,44,100.0,2.0675356893207208e-07
128,0,2,45,100.0,2.0023431090976374e-07
128,0,2,46,100.0,1.9464637546207086e-07
128,0,2,47,100.0,1.899897767998482e-07
128,0,2,48,100.0,1.8253919620292436e-07
128,0,2,49,100.0,1.76019938180616e-07
128,0,2,50,100.0,1.6950068015830766e-07
128,0,2,51,100.0,1.6484406728523027e-07
128,0,2,52,100.0,1.6111877698676835e-07
128,0,2,53,100.0,1.5553084153907548e-07
128,0,2,54,100.0,1.4901158351676713e-07
128,0,2,55,100.0,1.4249232549445878e-07
128,0,2,56,100.0,1.378357126213814e-07
128,0,2,57,100.0,1.3504174489753495e-07
128,0,2,58,100.0,1.2665984172599565e-07
128,0,2,59,100.0,1.2200324306377297e-07
128,0,2,60,100.0,1.1455266246684914e-07
128,0,2,61,100.0,1.0896472701915627e-07
128,0,2,62,100.0,1.0523943672069436e-07
128,0,2,63,100.0,1.0244546899684792e-07
128,0,2,64,100.0,1.0058282384761696e-07
128,0,2,65,100.0,9.220092067607766e-08
128,0,2,66,100.0,8.847563037761574e-08
128,0,2,67,100.0,8.475034007915383e-08
128,0,2,68,100.0,8.009372720607644e-08
128,0,2,69,100.0,7.357446918376809e-08
128,0,2,70,100.0,7.357446918376809e-08
128,0,2,71,100.0,7.171182403453713e-08
128,0,2,72,100.0,6.705521116145974e-08
128,0,2,73,100.0,6.984917888530617e-08
128,0,2,74,100.0,6.70552182668871e-08
128,0,2,75,100.0,6.70552182668871e-08
128,0,2,76,100.0,6.426125054304066e-08
128,0,2,77,100.0,6.519257311765614e-08
128,0,2,78,100.0,6.053596024457875e-08
128,0,2,79,100.0,6.053596024457875e-08
128,0,2,80,100.0,5.960463766996327e-08
128,0,2,81,100.0,5.960463766996327e-08
128,0,2,82,100.0,5.5879347371501353e-08
128,0,2,83,100.0,5.4016702222270396e-08
128,0,2,84,100.0,5.029141192380848e-08
128,0,2,85,100.0,4.9360089349193004e-08
128,0,2,86,100.0,4.8428766774577525e-08
128,0,2,87,100.0,4.9360089349193004e-08
128,0,2,88,100.0,4.2840831326884654e-08
128,0,2,89,100.0,4.377215390150013e-08
128,0,2,90,100.0,4.1909508752269176e-08
128,0,2,91,100.0,4.004686360303822e-08
128,0,2,92,100.0,4.284083487959833e-08
128,0,2,93,100.0,3.911554102842274e-08
128,0,2,94,100.0,3.818421845380726e-08
128,0,2,95,100.0,3.818421845380726e-08
128,0,2,96,100.0,3.911554102842274e-08
128,0,2,97,100.0,3.5390254282674505e-08
128,0,2,98,100.0,3.259628655882807e-08
128,0,2,99,100.0,3.4458931708059026e-08
128,0,2,100,100.0,3.352760913344355e-08
128,0,3,1,100.0,4.470347647611561e-08
128,0,3,2,100.0,3.911554102842274e-08
128,0,3,3,100.0,3.725289943190546e-08
128,0,3,4,100.0,3.725289943190546e-08
128,0,3,5,100.0,3.818422200652094e-08
128,0,3,6,100.0,3.911554458113642e-08
128,0,3,7,100.0,3.6321576857289983e-08
128,0,3,8,100.0,3.5390254282674505e-08
128,0,3,9,100.0,3.352760913344355e-08
128,0,3,10,100.0,3.352760913344355e-08
128,0,3,11,100.0,3.259628655882807e-08
128,0,3,12,100.0,2.7939673685750677e-08
128,0,3,13,100.0,2.4214383387288763e-08
128,0,3,14,100.0,2.2351738238057806e-08
128,0,3,15,100.0,2.2351738238057806e-08
128,0,3,16,100.0,2.1420415663442327e-08
128,0,3,17,100.0,2.1420417439799166e-08
128,0,3,18,100.0,2.1420415663442327e-08
128,0,3,19,100.0,2.2351738238057806e-08
128,0,3,20,100.0,2.4214385163645602e-08
128,0,3,21,100.0,2.1420417439799166e-08
128,0,3,22,100.0,1.7695127141337252e-08
128,0,3,23,100.0,1.6763804566721774e-08
128,0,3,24,100.0,2.0489094865183688e-08
128,0,3,25,100.0,1.6763804566721774e-08
128,0,3,26,100.0,1.6763804566721774e-08
128,0,3,27,100.0,1.7695127141337252e-08
128,0,3,28,100.0,1.955777229056821e-08
128,0,3,29,100.0,1.862644971595273e-08
128,0,3,30,100.0,1.862644971595273e-08
128,0,3,31,100.0,1.4901159417490817e-08
128,0,3,32,100.0,1.4901159417490817e-08
128,0,3,33,100.0,1.7695127141337252e-08
128,0,3,34,100.0,1.955777229056821e-08
128,0,3,35,100.0,1.7695127141337252e-08
128,0,3,36,100.0,2.2351740014414645e-08
128,0,3,37,100.0,2.0489094865183688e-08
128,0,3,38,100.0,1.955777229056821e-08
128,0,3,39,100.0,2.514570773826108e-08
128,0,3,40,100.0,2.8870996260366155e-08
128,0,3,41,100.0,3.259628655882807e-08
128,0,3,42,100.0,6.891781367812655e-08
128,0,3,43,100.0,2.3469280563404027e-07
128,0,3,44,100.0,0.0007208872120827436
128,0,3,45,100.0,0.0007141772657632828
128,0,3,46,99.21875,0.061109207570552826
128,0,3,47,100.0,4.641542545869015e-06
128,0,3,48,100.0,0.00169161066878587
128,0,3,49,100.0,0.0016990742878988385
128,0,3,50,100.0,0.0002476556983310729
128,0,3,51,100.0,0.0005267817177809775
128,0,3,52,100.0,5.17239232067368e-06
128,0,3,53,100.0,1.8346556771575706e-06
128,0,3,54,100.0,1.7172603747894755e-06
128,0,3,55,100.0,1.9444344161456684e-06
128,0,3,56,100.0,1.787058636182337e-06
128,0,3,57,100.0,1.1464027238616836e-06
128,0,3,58,100.0,6.975441237955238e-07
128,0,3,59,100.0,4.665866981667932e-07
128,0,3,60,100.0,3.4365547207926284e-07
128,0,3,61,100.0,2.710136186578893e-07
128,0,3,62,100.0,2.1979141706651717e-07
128,0,3,63,100.0,1.871953827503603e-07
128,0,3,64,100.0,1.6763772237027297e-07
128,0,3,65,100.0,1.5646193674001552e-07
128,0,3,66,100.0,1.499427213502713e-07
128,0,3,67,100.0,1.4156083238958672e-07
128,0,3,68,100.0,1.3411028021437232e-07
128,0,3,69,100.0,1.2852235897753417e-07
128,0,3,70,100.0,1.2479708288992697e-07
128,0,3,71,100.0,1.1920916875851617e-07
128,0,3,72,100.0,1.1548389267090897e-07
128,0,3,73,100.0,1.108272940086863e-07
128,0,3,74,100.0,1.0803334049569457e-07
128,0,3,75,100.0,1.0430805019723266e-07
128,0,3,76,100.0,1.0058277410962546e-07
128,0,3,77,100.0,9.965145153500998e-08
128,0,3,78,100.0,9.68574909165909e-08
128,0,3,79,100.0,9.685749802201826e-08
128,0,3,80,100.0,9.685749802201826e-08
128,0,3,81,100.0,9.31322148289837e-08
128,0,3,82,100.0,9.31322148289837e-08
128,0,3,83,100.0,9.126956967975275e-08
128,0,3,84,100.0,8.940693163594915e-08
128,0,3,85,100.0,8.847560906133367e-08
128,0,3,86,100.0,8.568164844291459e-08
128,0,3,87,100.0,8.475032586829911e-08
128,0,3,88,100.0,8.475032586829911e-08
128,0,3,89,100.0,8.195635814445268e-08
128,0,3,90,100.0,8.10250355698372e-08
128,0,3,91,100.0,7.916239042060624e-08
128,0,3,92,100.0,7.823108205684548e-08
128,0,3,93,100.0,7.823108205684548e-08
128,0,3,94,100.0,7.729975948223e-08
128,0,3,95,100.0,7.636843690761452e-08
128,0,3,96,100.0,7.543711433299904e-08
128,0,3,97,100.0,7.543711433299904e-08
128,0,3,98,100.0,7.543711433299904e-08
128,0,3,99,100.0,7.357446918376809e-08
128,0,3,100,100.0,6.984917888530617e-08
128,0,4,1,100.0,6.89178563106907e-08
128,0,4,2,100.0,6.42612434376133e-08
128,0,4,3,100.0,6.053595313915139e-08
128,0,4,4,100.0,5.774199252073231e-08
128,0,4,5,100.0,5.4948024796885875e-08
128,0,4,6,100.0,5.122273449842396e-08
128,0,4,7,100.0,4.9360089349193004e-08
128,0,4,8,100.0,4.749744419996205e-08
128,0,4,9,100.0,4.470348002882929e-08
128,0,4,10,100.0,4.1909512304982854e-08
128,0,4,11,100.0,4.004686360303822e-08
128,0,4,12,100.0,3.6321576857289983e-08
128,0,4,13,100.0,3.5390254282674505e-08
128,0,4,14,100.0,3.5390254282674505e-08
128,0,4,15,100.0,3.4458931708059026e-08
128,0,4,16,100.0,3.4458931708059026e-08
128,0,4,17,100.0,3.259628655882807e-08
128,0,4,18,100.0,3.259628655882807e-08
128,0,4,19,100.0,2.8870996260366155e-08
128,0,4,20,100.0,2.4214383387288763e-08
128,0,4,21,100.0,2.0489094865183688e-08
128,0,4,22,100.0,2.1420417439799166e-08
128,0,4,23,100.0,2.0489094865183688e-08
128,0,4,24,100.0,1.7695127141337252e-08
128,0,4,25,100.0,1.4901159417490817e-08
128,0,4,26,100.0,1.5832481992106295e-08
128,0,4,27,100.0,1.303851515643828e-08
128,0,4,28,100.0,1.0244547432591844e-08
128,0,4,29,100.0,9.313224857976365e-09
128,0,4,30,100.0,1.0244547432591844e-08
128,0,4,31,100.0,8.381902283360887e-09
128,0,4,32,100.0,7.4505797087454084e-09
128,0,4,33,100.0,8.381902283360887e-09
128,0,4,34,100.0,8.381902283360887e-09
128,0,4,35,100.0,1.2107192581822801e-08
128,0,4,36,100.0,6.51925757821914e-09
128,0,4,37,100.0,8.381902283360887e-09
128,0,4,38,100.0,9.313224857976365e-09
128,0,4,39,100.0,8.381902283360887e-09
128,0,4,40,100.0,8.381902283360887e-09
128,0,4,41,100.0,8.381902283360887e-09
128,0,4,42,100.0,1.0244547432591844e-08
128,0,4,43,100.0,1.1175870007207322e-08
128,0,4,44,100.0,9.313224857976365e-09
128,0,4,45,100.0,1.0244547432591844e-08
128,0,4,46,100.0,1.0244547432591844e-08
128,0,4,47,100.0,1.2107192581822801e-08
128,0,4,48,100.0,1.6763804566721774e-08
128,0,4,49,100.0,1.4901159417490817e-08
128,0,4,50,100.0,1.3969836842875338e-08
128,0,4,51,100.0,1.7695127141337252e-08
128,0,4,52,100.0,1.303851515643828e-08
128,0,4,53,100.0,2.9802318834981634e-08
128,0,4,54,100.0,2.4640066840220243e-06
128,0,4,55,100.0,0.0030361346434801817
128,0,4,56,100.0,4.463431650947314e-06
128,0,4,57,100.0,0.00011540420382516459
128,0,4,58,100.0,7.480301428586245e-05
128,0,4,59,100.0,0.00014861604722682387
128,0,4,60,100.0,4.374080162961036e-05
128,0,4,61,100.0,2.9703393011004664e-05
128,0,4,62,100.0,1.8999635358341038e-05
128,0,4,63,100.0,1.6671176126692444e-05
128,0,4,64,100.0,1.3054358532826882e-05
128,0,4,65,100.0,9.404144293512218e-06
128,0,4,66,100.0,6.868401214887854e-06
128,0,4,67,100.0,1.9715789676411077e-06
128,0,4,68,100.0,7.860323876229813e-07
128,0,4,69,100.0,4.898741963188513e-07
128,0,4,70,100.0,3.883603483245679e-07
128,0,4,71,100.0,3.3248124964302406e-07
128,0,4,72,100.0,3.138548834158428e-07
128,0,4,73,100.0,3.036104203602008e-07
128,0,4,74,100.0,2.9615989660669584e-07
128,0,4,75,100.0,2.868466992822505e-07
128,0,4,76,100.0,2.7660198043122364e-07
128,0,4,77,100.0,2.570444053162646e-07
128,0,4,78,100.0,2.6170107503276085e-07
128,0,4,79,100.0,2.48662615831563e-07
128,0,4,80,100.0,2.4121197839122033e-07
128,0,4,81,100.0,2.3655537972899765e-07
128,0,4,82,100.0,2.27242196615407e-07
128,0,4,83,100.0,2.2724222503711644e-07
128,0,4,84,100.0,2.2444827152412472e-07
128,0,4,85,100.0,2.2258558374232962e-07
128,0,4,86,100.0,2.2351689210609038e-07
128,0,4,87,100.0,2.2165426116771414e-07
128,0,4,88,100.0,2.1792899929096166e-07
128,0,4,89,100.0,2.1606642519600427e-07
128,0,4,90,100.0,2.114098407446363e-07
128,0,4,91,100.0,2.03027937573097e-07
128,0,4,92,100.0,2.048905116680544e-07
128,0,4,93,100.0,2.0675309997386648e-07
128,0,4,94,100.0,2.0302782388625928e-07
128,0,4,95,100.0,2.0116532084557548e-07
128,0,4,96,100.0,2.048906111440374e-07
128,0,4,97,100.0,2.0023401248181472e-07
128,0,4,98,100.0,1.918520950994207e-07
128,0,4,99,100.0,1.9464602019070298e-07
128,0,4,100,100.0,1.8905811316471954e-07
128,0,5,1,100.0,1.527367459175366e-07
128,0,5,2,100.0,1.2479715394420055e-07
128,0,5,3,100.0,9.313222903983842e-08
128,0,5,4,100.0,7.636843690761452e-08
128,0,5,5,100.0,6.798653373607522e-08
128,0,5,6,100.0,5.867331509534779e-08
128,0,5,7,100.0,5.215405707303944e-08
128,0,5,8,100.0,4.563479905073109e-08
128,0,5,9,100.0,3.818422200652094e-08
128,0,5,10,100.0,3.166496398421259e-08
128,0,5,11,100.0,2.7008351111135198e-08
128,0,5,12,100.0,2.4214385163645602e-08
128,0,5,13,100.0,2.4214385163645602e-08
128,0,5,14,100.0,2.3283060812673284e-08
128,0,5,15,100.0,2.0489094865183688e-08
128,0,5,16,100.0,1.955777229056821e-08
128,0,5,17,100.0,1.7695127141337252e-08
128,0,5,18,100.0,1.7695127141337252e-08
128,0,5,19,100.0,1.6763804566721774e-08
128,0,5,20,100.0,1.0244547432591844e-08
128,0,5,21,100.0,1.0244547432591844e-08
128,0,5,22,100.0,1.0244547432591844e-08
128,0,5,23,100.0,9.313224857976365e-09
128,0,5,24,100.0,1.0244547432591844e-08
128,0,5,25,100.0,8.381902283360887e-09
128,0,5,26,100.0,7.4505797087454084e-09
128,0,5,27,100.0,6.51925757821914e-09
128,0,5,28,100.0,5.587935003603661e-09
128,0,5,29,100.0,5.587935003603661e-09
128,0,5,30,100.0,7.4505797087454084e-09
128,0,5,31,100.0,4.656612428988183e-09
128,0,5,32,100.0,4.656612428988183e-09
128,0,5,33,100.0,3.725290076417309e-09
128,0,5,34,100.0,3.725290076417309e-09
128,0,5,35,100.0,3.725290076417309e-09
128,0,5,36,100.0,3.725290076417309e-09
128,0,5,37,100.0,4.656612428988183e-09
128,0,5,38,100.0,4.656612428988183e-09
128,0,5,39,100.0,3.725290076417309e-09
128,0,5,40,100.0,3.725290076417309e-09
128,0,5,41,100.0,3.725290076417309e-09
128,0,5,42,100.0,5.587935003603661e-09
128,0,5,43,100.0,1.0244547432591844e-08
128,0,5,44,100.0,7.450580152834618e-09
128,0,5,45,100.0,9.313224857976365e-09
128,0,5,46,100.0,8.381902283360887e-09
128,0,5,47,100.0,4.09781861776537e-08
128,0,5,48,100.0,4.004686360303822e-08
128,0,5,49,100.0,6.314165261755988e-07
128,0,5,50,100.0,0.003354283981025219
128,0,5,51,100.0,0.001653793966397643
128,0,5,52,100.0,0.00019171521125826985
128,0,5,53,100.0,0.00013515196042135358
128,0,5,54,100.0,5.511203926289454e-05
128,0,5,55,100.0,0.00010628638847265393
128,0,5,56,100.0,0.00010181773541262373
128,0,5,57,100.0,3.0324317776830867e-05
128,0,5,58,100.0,2.391310226812493e-05
128,0,5,59,100.0,1.3904775187256746e-05
128,0,5,60,100.0,9.155271982308477e-06
128,0,5,61,100.0,6.992069302214077e-06
128,0,5,62,100.0,5.730231350753456e-06
128,0,5,63,100.0,4.906997219222831e-06
128,0,5,64,100.0,4.332404387241695e-06
128,0,5,65,100.0,3.903086508216802e-06
128,0,5,66,100.0,3.5734137782128528e-06
128,0,5,67,100.0,3.3089288535848027e-06
128,0,5,68,100.0,3.091938879151712e-06
128,0,5,69,100.0,2.9075442853354616e-06
128,0,5,70,100.0,2.7473620320961345e-06
128,0,5,71,100.0,2.606736870802706e-06
128,0,5,72,100.0,2.4810119612084236e-06
128,0,5,73,100.0,2.3739130483590998e-06
128,0,5,74,100.0,2.2724013888364425e-06
128,0,5,75,100.0,2.182996695410111e-06
128,0,5,76,100.0,2.1001110326324124e-06
128,0,5,77,100.0,2.0265379134798422e-06
128,0,5,78,100.0,1.9613466974988114e-06
128,0,5,79,100.0,1.8989495629284647e-06
128,0,5,80,100.0,1.839346168708289e-06
128,0,5,81,100.0,1.7843990463006776e-06
128,0,5,82,100.0,1.7331774415652035e-06
128,0,5,83,100.0,1.6856806723808404e-06
128,0,5,84,100.0,1.6409779846071615e-06
128,0,5,85,100.0,1.5972065057212603e-06
128,0,5,86,100.0,1.5515723816861282e-06
128,0,5,87,100.0,1.5105948705240735e-06
128,0,5,88,100.0,1.473342535973643e-06
128,0,5,89,100.0,1.4360902014232124e-06
128,0,5,90,100.0,1.4044254612599616e-06
128,0,5,91,100.0,1.3746237073064549e-06
128,0,5,92,100.0,1.3392339042184176e-06
128,0,5,93,100.0,1.3103631317790132e-06
128,0,5,94,100.0,1.2842866681239684e-06
128,0,5,95,100.0,1.259141185983026e-06
128,0,5,96,100.0,1.233064381267468e-06
128,0,5,97,100.0,1.2069876902387477e-06
128,0,5,98,100.0,1.183704966933874e-06
128,0,5,99,100.0,1.1632160976660089e-06
128,0,5,100,100.0,1.1455210824351525e-06
128,0,6,1,100.0,8.01865894572984e-07
128,0,6,2,100.0,4.228196814892726e-07
128,0,6,3,100.0,1.7415720776625676e-07
128,0,6,4,100.0,8.3819010399111e-08
128,0,6,5,100.0,4.842875966915017e-08
128,0,6,6,100.0,2.9802317058624794e-08
128,0,6,7,100.0,2.3283060812673284e-08
128,0,6,8,100.0,1.862644971595273e-08
128,0,6,9,100.0,1.5832481992106295e-08
128,0,6,10,100.0,1.0244547432591844e-08
128,0,6,11,100.0,6.51925757821914e-09
128,0,6,12,100.0,6.51925757821914e-09
128,0,6,13,100.0,5.587935003603661e-09
128,0,6,14,100.0,5.587935003603661e-09
128,0,6,15,100.0,5.587935003603661e-09
128,0,6,16,100.0,4.656612428988183e-09
128,0,6,17,100.0,4.656612428988183e-09
128,0,6,18,100.0,4.656612428988183e-09
128,0,6,19,100.0,3.725290076417309e-09
128,0,6,20,100.0,1.8626450382086546e-09
128,0,6,21,100.0,1.8626450382086546e-09
128,0,6,22,100.0,2.7939675018018306e-09
128,0,6,23,100.0,1.8626450382086546e-09
128,0,6,24,100.0,2.7939675018018306e-09
128,0,6,25,100.0,1.8626450382086546e-09
128,0,6,26,100.0,2.7939675018018306e-09
128,0,6,27,100.0,1.8626450382086546e-09
128,0,6,28,100.0,1.8626450382086546e-09
128,0,6,29,100.0,2.7939675018018306e-09
128,0,6,30,100.0,3.725290076417309e-09
128,0,6,31,100.0,2.7939675018018306e-09
128,0,6,32,100.0,3.725290076417309e-09
128,0,6,33,100.0,4.656612428988183e-09
128,0,6,34,100.0,3.725290076417309e-09
128,0,6,35,100.0,2.7939675018018306e-09
128,0,6,36,100.0,4.656612428988183e-09
128,0,6,37,100.0,4.656612428988183e-09
128,0,6,38,100.0,2.7939675018018306e-09
128,0,6,39,100.0,5.587935003603661e-09
128,0,6,40,100.0,1.8626450382086546e-09
128,0,6,41,100.0,5.587935003603661e-09
128,0,6,42,100.0,2.7939675018018306e-09
128,0,6,43,100.0,9.313225191043273e-10
128,0,6,44,100.0,3.725290076417309e-09
128,0,6,45,100.0,4.656612428988183e-09
128,0,6,46,100.0,2.7939675018018306e-09
128,0,6,47,100.0,3.725290076417309e-09
128,0,6,48,100.0,9.313225191043273e-10
128,0,6,49,100.0,4.656612428988183e-09
128,0,6,50,100.0,2.7939675018018306e-09
128,0,6,51,100.0,9.313225191043273e-10
128,0,6,52,100.0,4.656612428988183e-09
128,0,6,53,100.0,3.725290076417309e-09
128,0,6,54,100.0,3.725290076417309e-09
128,0,6,55,100.0,4.656612428988183e-09
128,0,6,56,100.0,1.8626450382086546e-09
128,0,6,57,100.0,3.725290076417309e-09
128,0,6,58,100.0,3.725290076417309e-09
128,0,6,59,100.0,1.8626450382086546e-09
128,0,6,60,100.0,4.656612428988183e-09
128,0,6,61,100.0,1.1175870007207322e-08
128,0,6,62,100.0,1.303851426825986e-08
128,0,6,63,100.0,1.0244546544413424e-08
128,0,6,64,100.0,4.842875256372281e-08
128,0,6,65,100.0,0.0017410812433809042
128,0,6,66,100.0,0.0024819239042699337
128,0,6,67,99.21875,0.012229842133820057
128,0,6,68,100.0,0.0005150224315002561
128,0,6,69,100.0,0.00022692039783578366
128,0,6,70,100.0,9.537354344502091e-06
128,0,6,71,100.0,2.8878921511932276e-06
128,0,6,72,100.0,1.975306986423675e-06
128,0,6,73,100.0,1.370896370644914e-06
128,0,6,74,100.0,1.2144359970989171e-06
128,0,6,75,100.0,1.0123421816388145e-06
128,0,6,76,100.0,8.046594075494795e-07
128,0,6,77,100.0,6.528549079121149e-07
128,0,6,78,100.0,5.774181772721931e-07
128,0,6,79,100.0,5.317835984897101e-07
128,0,6,80,100.0,4.982560994903906e-07
128,0,6,81,100.0,4.73110475240901e-07
128,0,6,82,100.0,4.582093708904722e-07
128,0,6,83,100.0,4.395830615067098e-07
128,0,6,84,100.0,4.2375057773824665e-07
128,0,6,85,100.0,4.1071214695875824e-07
128,0,6,86,100.0,4.004676270596974e-07
128,0,6,87,100.0,3.90223135582346e-07
128,0,6,88,100.0,3.8277261182884104e-07
128,0,6,89,100.0,3.7439070865730173e-07
128,0,6,90,100.0,3.6973412420593377e-07
128,0,6,91,100.0,3.613522778778133e-07
128,0,6,92,100.0,3.5669569342644536e-07
128,0,6,93,100.0,3.50176435404137e-07
128,0,6,94,100.0,3.4272591165063204e-07
128,0,6,95,100.0,3.399319439267856e-07
128,0,6,96,100.0,3.324813917515712e-07
128,0,6,97,100.0,3.287561298748187e-07
128,0,6,98,100.0,3.231682228488353e-07
128,0,6,99,100.0,3.175802874011424e-07
128,0,6,100,100.0,3.1292370294977445e-07
128,0,7,1,100.0,2.225858395377145e-07
128,0,7,2,100.0,1.555307704848019e-07
128,0,7,3,100.0,1.0989602117206232e-07
128,0,7,4,100.0,6.89178563106907e-08
128,0,7,5,100.0,5.029141192380848e-08
128,0,7,6,100.0,4.004686360303822e-08
128,0,7,7,100.0,3.259628655882807e-08
128,0,7,8,100.0,2.8870996260366155e-08
128,0,7,9,100.0,2.607702853651972e-08
128,0,7,10,100.0,2.3283062589030123e-08
128,0,7,11,100.0,2.3283062589030123e-08
128,0,7,12,100.0,1.955777229056821e-08
128,0,7,13,100.0,1.7695127141337252e-08
128,0,7,14,100.0,1.5832481992106295e-08
128,0,7,15,100.0,1.5832481992106295e-08
128,0,7,16,100.0,1.4901159417490817e-08
128,0,7,17,100.0,1.4901159417490817e-08
128,0,7,18,100.0,1.4901159417490817e-08
128,0,7,19,100.0,1.2107192581822801e-08
128,0,7,20,100.0,1.1175870007207322e-08
128,0,7,21,100.0,1.0244547432591844e-08
128,0,7,22,100.0,8.381902283360887e-09
128,0,7,23,100.0,9.313224857976365e-09
128,0,7,24,100.0,9.313224857976365e-09
128,0,7,25,100.0,9.313224857976365e-09
128,0,7,26,100.0,8.381902283360887e-09
128,0,7,27,100.0,9.313224857976365e-09
128,0,7,28,100.0,7.4505797087454084e-09
128,0,7,29,100.0,6.51925757821914e-09
128,0,7,30,100.0,6.51925757821914e-09
128,0,7,31,100.0,9.313224857976365e-09
128,0,7,32,100.0,6.51925757821914e-09
128,0,7,33,100.0,6.51925757821914e-09
128,0,7,34,100.0,7.450580152834618e-09
128,0,7,35,100.0,7.450580152834618e-09
128,0,7,36,100.0,8.381902283360887e-09
128,0,7,37,100.0,6.51925757821914e-09
128,0,7,38,100.0,6.51925757821914e-09
128,0,7,39,100.0,4.656612428988183e-09
128,0,7,40,100.0,7.450580152834618e-09
128,0,7,41,100.0,5.587935003603661e-09
128,0,7,42,100.0,2.7939675018018306e-09
128,0,7,43,100.0,3.725290076417309e-09
128,0,7,44,100.0,5.587935003603661e-09
128,0,7,45,100.0,6.51925757821914e-09
128,0,7,46,100.0,5.587935003603661e-09
128,0,7,47,100.0,6.51925757821914e-09
128,0,7,48,100.0,3.725290076417309e-09
128,0,7,49,100.0,4.656612428988183e-09
128,0,7,50,100.0,9.313224857976365e-09
128,0,7,51,100.0,9.313224857976365e-09
128,0,7,52,100.0,9.313224857976365e-09
128,0,7,53,100.0,7.4505797087454084e-09
128,0,7,54,100.0,7.450580152834618e-09
128,0,7,55,100.0,8.381902283360887e-09
128,0,7,56,100.0,1.303851515643828e-08
128,0,7,57,100.0,1.5832481992106295e-08
128,0,7,58,100.0,9.313224857976365e-09
128,0,7,59,100.0,1.303851515643828e-08
128,0,7,60,100.0,1.3969837731053758e-08
128,0,7,61,100.0,1.5832481992106295e-08
128,0,7,62,100.0,2.7008351111135198e-08
128,0,7,63,100.0,4.8428766774577525e-08
128,0,7,64,100.0,5.029138350209905e-08
128,0,7,65,99.21875,0.03874890133738518
128,0,7,66,100.0,0.0011458743829280138
128,0,7,67,100.0,7.277841359609738e-05
128,0,7,68,100.0,3.0373845220310614e-05
128,0,7,69,100.0,2.5499884941382334e-05
128,0,7,70,100.0,3.825651219813153e-06
128,0,7,71,100.0,1.7346039385301992e-05
128,0,7,72,100.0,1.8560450598670286e-06
128,0,7,73,100.0,7.11522943674936e-07
128,0,7,74,100.0,4.2933743316098116e-07
128,0,7,75,100.0,3.390001097614004e-07
128,0,7,76,100.0,1.7881369274164172e-07
128,0,7,77,100.0,9.778879928035167e-08
128,0,7,78,100.0,6.239859828838235e-08
128,0,7,79,100.0,5.5879340266073996e-08
128,0,7,80,100.0,3.445892815534535e-08
128,0,7,81,100.0,2.7939673685750677e-08
128,0,7,82,100.0,2.8870996260366155e-08
128,0,7,83,100.0,2.7939671909393837e-08
128,0,7,84,100.0,2.607702853651972e-08
128,0,7,85,100.0,2.4214383387288763e-08
128,0,7,86,100.0,2.8870996260366155e-08
128,0,7,87,100.0,2.7939673685750677e-08
128,0,7,88,100.0,2.7008351111135198e-08
128,0,7,89,100.0,2.4214383387288763e-08
128,0,7,90,100.0,2.607702853651972e-08
128,0,7,91,100.0,2.514570596190424e-08
128,0,7,92,100.0,2.4214383387288763e-08
128,0,7,93,100.0,2.4214383387288763e-08
128,0,7,94,100.0,2.4214383387288763e-08
128,0,7,95,100.0,2.514570596190424e-08
128,0,7,96,100.0,2.7939673685750677e-08
128,0,7,97,100.0,2.8870996260366155e-08
128,0,7,98,100.0,2.514570596190424e-08
128,0,7,99,100.0,2.514570596190424e-08
128,0,7,100,100.0,2.4214383387288763e-08
128,0,8,1,100.0,2.514570596190424e-08
128,0,8,2,100.0,2.4214383387288763e-08
128,0,8,3,100.0,2.3283060812673284e-08
128,0,8,4,100.0,2.2351738238057806e-08
128,0,8,5,100.0,1.955777229056821e-08
128,0,8,6,100.0,1.955777229056821e-08
128,0,8,7,100.0,1.862644971595273e-08
128,0,8,8,100.0,1.7695127141337252e-08
128,0,8,9,100.0,1.4901159417490817e-08
128,0,8,10,100.0,1.3969836842875338e-08
128,0,8,11,100.0,1.303851515643828e-08
128,0,8,12,100.0,1.303851515643828e-08
128,0,8,13,100.0,1.303851515643828e-08
128,0,8,14,100.0,1.1175870007207322e-08
128,0,8,15,100.0,1.0244547432591844e-08
128,0,8,16,100.0,1.0244547432591844e-08
128,0,8,17,100.0,9.313224857976365e-09
128,0,8,18,100.0,9.313224857976365e-09
128,0,8,19,100.0,9.313224857976365e-09
128,0,8,20,100.0,8.381902283360887e-09
128,0,8,21,100.0,8.381902283360887e-09
128,0,8,22,100.0,8.381902283360887e-09
128,0,8,23,100.0,7.4505797087454084e-09
128,0,8,24,100.0,5.587935003603661e-09
128,0,8,25,100.0,6.51925757821914e-09
128,0,8,26,100.0,5.587935003603661e-09
128,0,8,27,100.0,5.587935003603661e-09
128,0,8,28,100.0,5.587935003603661e-09
128,0,8,29,100.0,6.51925757821914e-09
128,0,8,30,100.0,6.51925757821914e-09
128,0,8,31,100.0,5.587935003603661e-09
128,0,8,32,100.0,5.587935003603661e-09
128,0,8,33,100.0,4.656612428988183e-09
128,0,8,34,100.0,4.656612428988183e-09
128,0,8,35,100.0,3.725290076417309e-09
128,0,8,36,100.0,3.725290076417309e-09
128,0,8,37,100.0,4.656612428988183e-09
128,0,8,38,100.0,4.656612428988183e-09
128,0,8,39,100.0,3.725290076417309e-09
128,0,8,40,100.0,3.725290076417309e-09
128,0,8,41,100.0,4.656612428988183e-09
128,0,8,42,100.0,3.725290076417309e-09
128,0,8,43,100.0,3.725290076417309e-09
128,0,8,44,100.0,3.725290076417309e-09
128,0,8,45,100.0,4.656612428988183e-09
128,0,8,46,100.0,2.7939675018018306e-09
128,0,8,47,100.0,2.7939675018018306e-09
128,0,8,48,100.0,2.7939675018018306e-09
128,0,8,49,100.0,1.8626450382086546e-09
128,0,8,50,100.0,1.8626450382086546e-09
128,0,8,51,100.0,1.8626450382086546e-09
128,0,8,52,100.0,0.0
128,0,8,53,100.0,0.0
128,0,8,54,100.0,0.0
128,0,8,55,100.0,0.0
128,0,8,56,100.0,1.8626450382086546e-09
128,0,8,57,100.0,1.8626450382086546e-09
128,0,8,58,100.0,0.0
128,0,8,59,100.0,0.0
128,0,8,60,100.0,9.313225191043273e-10
128,0,8,61,100.0,0.0
128,0,8,62,100.0,0.0
128,0,8,63,100.0,9.313225191043273e-10
128,0,8,64,100.0,9.313225191043273e-10
128,0,8,65,100.0,0.0
128,0,8,66,100.0,9.313225191043273e-10
128,0,8,67,100.0,9.313225191043273e-10
128,0,8,68,100.0,0.0
128,0,8,69,100.0,9.313225191043273e-10
128,0,8,70,100.0,9.313225191043273e-10
128,0,8,71,100.0,9.313225191043273e-10
128,0,8,72,100.0,9.313225191043273e-10
128,0,8,73,100.0,9.313225191043273e-10
128,0,8,74,100.0,9.313225191043273e-10
128,0,8,75,100.0,9.313225191043273e-10
128,0,8,76,100.0,9.313225191043273e-10
128,0,8,77,100.0,1.8626450382086546e-09
128,0,8,78,100.0,3.725290076417309e-09
128,0,8,79,100.0,4.656612428988183e-09
128,0,8,80,100.0,2.7939675018018306e-09
128,0,8,81,100.0,3.725290076417309e-09
128,0,8,82,100.0,1.1175869119028903e-08
128,0,8,83,100.0,0.002661279169842601
128,0,8,84,96.875,0.0714859887957573
128,0,8,85,100.0,0.0005978569970466197
128,0,8,86,100.0,0.0001289217034354806
128,0,8,87,100.0,0.0002477551461197436
128,0,8,88,100.0,0.0009305216372013092
128,0,8,89,100.0,0.0006596691673621535
128,0,8,90,100.0,0.00026207242626696825
128,0,8,91,100.0,8.794202585704625e-05
128,0,8,92,100.0,4.463495861273259e-05
128,0,8,93,100.0,2.938552097475622e-05
128,0,8,94,100.0,2.2235482902033255e-05
128,0,8,95,100.0,1.8286704289494082e-05
128,0,8,96,100.0,1.5716348571004346e-05
128,0,8,97,100.0,1.3963280252937693e-05
128,0,8,98,100.0,1.2712900570477359e-05
128,0,8,99,100.0,1.1704561984515749e-05
128,0,8,100,100.0,1.0924307389359456e-05
128,1,1,1,26.5625,2.1754562854766846
128,1,1,2,44.53125,1.9489290714263916
128,1,1,3,51.5625,1.6502630710601807
128,1,1,4,60.9375,1.330406904220581
128,1,1,5,71.875,1.014691948890686
128,1,1,6,78.90625,0.7412431240081787
128,1,1,7,85.9375,0.5185526609420776
128,1,1,8,92.1875,0.3552965521812439
128,1,1,9,92.96875,0.23517753183841705
128,1,1,10,96.875,0.1516571342945099
128,1,1,11,99.21875,0.09037052094936371
128,1,1,12,100.0,0.05598312243819237
128,1,1,13,100.0,0.034945230931043625
128,1,1,14,100.0,0.022052323445677757
128,1,1,15,100.0,0.014907303266227245
128,1,1,16,100.0,0.010064937174320221
128,1,1,17,100.0,0.007374086882919073
128,1,1,18,100.0,0.005528812762349844
128,1,1,19,100.0,0.004417769610881805
128,1,1,20,100.0,0.003703135997056961
128,1,1,21,100.0,0.0031657684594392776
128,1,1,22,100.0,0.002761298092082143
128,1,1,23,100.0,0.0024638287723064423
128,1,1,24,100.0,0.0022304863668978214
128,1,1,25,100.0,0.0020366734825074673
128,1,1,26,100.0,0.001872135209850967
128,1,1,27,100.0,0.0017311294795945287
128,1,1,28,100.0,0.0016108929412439466
128,1,1,29,100.0,0.0015047744382172823
128,1,1,30,100.0,0.001411205972544849
128,1,1,31,100.0,0.001329038175754249
128,1,1,32,100.0,0.001255677780136466
128,1,1,33,100.0,0.0011903226841241121
128,1,1,34,100.0,0.0011308940593153238
128,1,1,35,100.0,0.0010773533722385764
128,1,1,36,100.0,0.0010277098044753075
128,1,1,37,100.0,0.0009806340094655752
128,1,1,38,100.0,0.0009369150502607226
128,1,1,39,100.0,0.000895608332939446
128,1,1,40,100.0,0.0008568729972466826
128,1,1,41,100.0,0.0008209302905015647
128,1,1,42,100.0,0.0007874155417084694
128,1,1,43,100.0,0.0007570156594738364
128,1,1,44,100.0,0.0007280521094799042
128,1,1,45,100.0,0.0007011712295934558
128,1,1,46,100.0,0.0006752515910193324
128,1,1,47,100.0,0.0006500709569081664
128,1,1,48,100.0,0.0006268610013648868
128,1,1,49,100.0,0.0006053883116692305
128,1,1,50,100.0,0.0005852546310052276
128,1,1,51,100.0,0.00056609814055264
128,1,1,52,100.0,0.0005476106307469308
128,1,1,53,100.0,0.0005298439646139741
128,1,1,54,100.0,0.0005129529163241386
128,1,1,55,100.0,0.0004970798618160188
128,1,1,56,100.0,0.0004818616434931755
128,1,1,57,100.0,0.00046724299318157136
128,1,1,58,100.0,0.00045359355863183737
128,1,1,59,100.0,0.00044050702126696706
128,1,1,60,100.0,0.0004280993016436696
128,1,1,61,100.0,0.00041601178236305714
128,1,1,62,100.0,0.00040462767356075346
128,1,1,63,100.0,0.000393859576433897
128,1,1,64,100.0,0.00038362160557881
128,1,1,65,100.0,0.00037360063288360834
128,1,1,66,100.0,0.00036387884756550193
128,1,1,67,100.0,0.00035457685589790344
128,1,1,68,100.0,0.0003455494297668338
128,1,1,69,100.0,0.00033691670978441834
128,1,1,70,100.0,0.00032863731030374765
128,1,1,71,100.0,0.0003205442044418305
128,1,1,72,100.0,0.00031282324925996363
128,1,1,73,100.0,0.00030548012000508606
128,1,1,74,100.0,0.0002985377795994282
128,1,1,75,100.0,0.00029182236175984144
128,1,1,76,100.0,0.00028519018087536097
128,1,1,77,100.0,0.00027879991102963686
128,1,1,78,100.0,0.0002727025421336293
128,1,1,79,100.0,0.0002666566288098693
128,1,1,80,100.0,0.00026075789355672896
128,1,1,81,100.0,0.00025507755344733596
128,1,1,82,100.0,0.00024957102141343057
128,1,1,83,100.0,0.0002442429540678859
128,1,1,84,100.0,0.00023909994342830032
128,1,1,85,100.0,0.00023410219000652432
128,1,1,86,100.0,0.00022930098930373788
128,1,1,87,100.0,0.00022474917932413518
128,1,1,88,100.0,0.00022033683490008116
128,1,1,89,100.0,0.0002160835574613884
128,1,1,90,100.0,0.00021192702115513384
128,1,1,91,100.0,0.00020791841961909086
128,1,1,92,100.0,0.00020400936773512512
128,1,1,93,100.0,0.0002001961984205991
128,1,1,94,100.0,0.00019648352463264018
128,1,1,95,100.0,0.0001928946003317833
128,1,1,96,100.0,0.00018935136904474348
128,1,1,97,100.0,0.000185998942470178
128,1,1,98,100.0,0.00018271181033924222
128,1,1,99,100.0,0.00017949908215086907
128,1,1,100,100.0,0.00017641193699091673
128,1,2,1,100.0,0.0001435595768271014
128,1,2,2,100.0,0.00010822525655385107
128,1,2,3,100.0,7.453360012732446e-05
128,1,2,4,100.0,4.694204108091071e-05
128,1,2,5,100.0,2.7348378353053704e-05
128,1,2,6,100.0,1.596161564521026e-05
128,1,2,7,100.0,9.304718332714401e-06
128,1,2,8,100.0,5.992070782667724e-06
128,1,2,9,100.0,4.229104888509028e-06
128,1,2,10,100.0,3.0500646062137093e-06
128,1,2,11,100.0,2.3245709144248394e-06
128,1,2,12,100.0,1.8607757965583005e-06
128,1,2,13,100.0,1.5459909263881855e-06
128,1,2,14,100.0,1.3243372904980788e-06
128,1,2,15,100.0,1.1408676527935313e-06
128,1,2,16,100.0,9.95582013274543e-07
128,1,2,17,100.0,8.754419695833349e-07
128,1,2,18,100.0,7.795160854584537e-07
128,1,2,19,100.0,6.910406682436587e-07
128,1,2,20,100.0,6.314361371551058e-07
128,1,2,21,100.0,5.727629286411684e-07
128,1,2,22,100.0,5.187462761568895e-07
128,1,2,23,100.0,4.768368739860307e-07
128,1,2,24,100.0,4.414466161506425e-07
128,1,2,25,100.0,4.0791906030790415e-07
128,1,2,26,100.0,3.799794114911492e-07
128,1,2,27,100.0,3.594903432713181e-07
128,1,2,28,100.0,3.3341333960379416e-07
128,1,2,29,100.0,3.14786916533194e-07
128,1,2,30,100.0,2.9150385216780705e-07
128,1,2,31,100.0,2.7567139682105335e-07
128,1,2,32,100.0,2.561136227541283e-07
128,1,2,33,100.0,2.440064292841271e-07
128,1,2,34,100.0,2.356245403234425e-07
128,1,2,35,100.0,2.2538000621352694e-07
128,1,2,36,100.0,2.1327281274352572e-07
128,1,2,37,100.0,2.0023429669890902e-07
128,1,2,38,100.0,1.8905842580352328e-07
128,1,2,39,100.0,1.7881389169360773e-07
128,1,2,40,100.0,1.7508860139514582e-07
128,1,2,41,100.0,1.67638020798222e-07
128,1,2,42,100.0,1.5832480926292192e-07
128,1,2,43,100.0,1.4808026094215165e-07
128,1,2,44,100.0,1.4249232549445878e-07
128,1,2,45,100.0,1.3876703519599687e-07
128,1,2,46,100.0,1.285224868752266e-07
128,1,2,47,100.0,1.2293455142753373e-07
128,1,2,48,100.0,1.1455265536142178e-07
128,1,2,49,100.0,1.1175868763757535e-07
128,1,2,50,100.0,1.0151414642223244e-07
128,1,2,51,100.0,1.0058282384761696e-07
128,1,2,52,100.0,9.778885612377053e-08
128,1,2,53,100.0,9.406356582530861e-08
128,1,2,54,100.0,9.03382755268467e-08
128,1,2,55,100.0,8.754430780300027e-08
128,1,2,56,100.0,8.19563723553074e-08
128,1,2,57,100.0,7.636843690761452e-08
128,1,2,58,100.0,7.450579175838357e-08
128,1,2,59,100.0,7.171182403453713e-08
128,1,2,60,100.0,6.42612434376133e-08
128,1,2,61,100.0,6.053596024457875e-08
128,1,2,62,100.0,5.867331509534779e-08
128,1,2,63,100.0,5.4948024796885875e-08
128,1,2,64,100.0,5.774199252073231e-08
128,1,2,65,100.0,5.5879347371501353e-08
128,1,2,66,100.0,5.308537964765492e-08
128,1,2,67,100.0,5.122273449842396e-08
128,1,2,68,100.0,5.029141192380848e-08
128,1,2,69,100.0,4.9360089349193004e-08
128,1,2,70,100.0,4.563479905073109e-08
128,1,2,71,100.0,4.749744419996205e-08
128,1,2,72,100.0,4.377215390150013e-08
128,1,2,73,100.0,4.2840831326884654e-08
128,1,2,74,100.0,4.2840831326884654e-08
128,1,2,75,100.0,4.2840831326884654e-08
128,1,2,76,100.0,4.09781861776537e-08
128,1,2,77,100.0,3.911554102842274e-08
128,1,2,78,100.0,3.818422200652094e-08
128,1,2,79,100.0,3.4458931708059026e-08
128,1,2,80,100.0,3.6321576857289983e-08
128,1,2,81,100.0,3.6321576857289983e-08
128,1,2,82,100.0,3.4458931708059026e-08
128,1,2,83,100.0,3.5390254282674505e-08
128,1,2,84,100.0,2.9802318834981634e-08
128,1,2,85,100.0,3.166496398421259e-08
128,1,2,86,100.0,3.166496398421259e-08
128,1,2,87,100.0,2.7939673685750677e-08
128,1,2,88,100.0,2.8870996260366155e-08
128,1,2,89,100.0,2.514570596190424e-08
128,1,2,90,100.0,2.7008352887492038e-08
128,1,2,91,100.0,2.3283060812673284e-08
128,1,2,92,100.0,2.2351740014414645e-08
128,1,2,93,100.0,2.4214385163645602e-08
128,1,2,94,100.0,2.0489094865183688e-08
128,1,2,95,100.0,2.3283062589030123e-08
128,1,2,96,100.0,1.955777229056821e-08
128,1,2,97,100.0,2.1420417439799166e-08
128,1,2,98,100.0,1.955777229056821e-08
128,1,2,99,100.0,2.3283062589030123e-08
128,1,2,100,100.0,2.1420417439799166e-08
128,1,3,1,100.0,3.725289943190546e-08
128,1,3,2,100.0,3.5390254282674505e-08
128,1,3,3,100.0,3.259628655882807e-08
128,1,3,4,100.0,3.166496398421259e-08
128,1,3,5,100.0,2.7008351111135198e-08
128,1,3,6,100.0,2.4214383387288763e-08
128,1,3,7,100.0,2.0489094865183688e-08
128,1,3,8,100.0,1.862644971595273e-08
128,1,3,9,100.0,1.862644971595273e-08
128,1,3,10,100.0,1.862644971595273e-08
128,1,3,11,100.0,1.955777229056821e-08
128,1,3,12,100.0,1.955777229056821e-08
128,1,3,13,100.0,1.5832481992106295e-08
128,1,3,14,100.0,1.3969836842875338e-08
128,1,3,15,100.0,1.3969836842875338e-08
128,1,3,16,100.0,1.303851426825986e-08
128,1,3,17,100.0,1.303851515643828e-08
128,1,3,18,100.0,1.303851515643828e-08
128,1,3,19,100.0,1.303851515643828e-08
128,1,3,20,100.0,1.2107191693644381e-08
128,1,3,21,100.0,1.0244547432591844e-08
128,1,3,22,100.0,9.313224857976365e-09
128,1,3,23,100.0,8.381902283360887e-09
128,1,3,24,100.0,8.381902283360887e-09
128,1,3,25,100.0,6.51925757821914e-09
128,1,3,26,100.0,7.450580152834618e-09
128,1,3,27,100.0,9.313224857976365e-09
128,1,3,28,100.0,5.587935003603661e-09
128,1,3,29,100.0,4.656612428988183e-09
128,1,3,30,100.0,6.51925757821914e-09
128,1,3,31,100.0,6.51925757821914e-09
128,1,3,32,100.0,7.450580152834618e-09
128,1,3,33,100.0,7.4505797087454084e-09
128,1,3,34,100.0,9.313224857976365e-09
128,1,3,35,100.0,8.381902283360887e-09
128,1,3,36,100.0,7.450580152834618e-09
128,1,3,37,100.0,9.313224857976365e-09
128,1,3,38,100.0,7.450580152834618e-09
128,1,3,39,100.0,8.381902283360887e-09
128,1,3,40,100.0,9.313224857976365e-09
128,1,3,41,100.0,1.0244547432591844e-08
128,1,3,42,100.0,8.381902283360887e-09
128,1,3,43,100.0,6.51925757821914e-09
128,1,3,44,100.0,9.313224857976365e-09
128,1,3,45,100.0,8.381902283360887e-09
128,1,3,46,100.0,9.313224857976365e-09
128,1,3,47,100.0,9.313224857976365e-09
128,1,3,48,100.0,8.381902283360887e-09
128,1,3,49,100.0,1.0244547432591844e-08
128,1,3,50,100.0,1.0244547432591844e-08
128,1,3,51,100.0,1.0244547432591844e-08
128,1,3,52,100.0,1.862644971595273e-08
128,1,3,53,100.0,1.4901159417490817e-08
128,1,3,54,100.0,2.0489094865183688e-08
128,1,3,55,100.0,3.911554102842274e-08
128,1,3,56,100.0,3.725289587919178e-08
128,1,3,57,100.0,2.1047864606771327e-07
128,1,3,58,100.0,0.006709508132189512
128,1,3,59,100.0,0.0006919120205566287
128,1,3,60,100.0,0.004000775516033173
128,1,3,61,100.0,0.0001795688149286434
128,1,3,62,100.0,9.88077008514665e-05
128,1,3,63,100.0,8.471240289509296e-05
128,1,3,64,100.0,4.4037158659193665e-05
128,1,3,65,100.0,3.084661511820741e-05
128,1,3,66,100.0,2.3825039534131065e-05
128,1,3,67,100.0,1.6537085684831254e-05
128,1,3,68,100.0,1.1859347978315782e-05
128,1,3,69,100.0,9.070410669664852e-06
128,1,3,70,100.0,7.216755875560921e-06
128,1,3,71,100.0,5.244556632533204e-06
128,1,3,72,100.0,3.3021901799656916e-06
128,1,3,73,100.0,9.490050842941855e-07
128,1,3,74,100.0,3.334117764097755e-07
128,1,3,75,100.0,1.3224773454112437e-07
128,1,3,76,100.0,9.778883480748846e-08
128,1,3,77,100.0,8.10250355698372e-08
128,1,3,78,100.0,7.543711433299904e-08
128,1,3,79,100.0,6.984917888530617e-08
128,1,3,80,100.0,5.774198896801863e-08
128,1,3,81,100.0,5.4016702222270396e-08
128,1,3,82,100.0,5.215405707303944e-08
128,1,3,83,100.0,5.122273449842396e-08
128,1,3,84,100.0,5.122273449842396e-08
128,1,3,85,100.0,5.122273449842396e-08
128,1,3,86,100.0,4.9360089349193004e-08
128,1,3,87,100.0,4.656612162534657e-08
128,1,3,88,100.0,4.377215390150013e-08
128,1,3,89,100.0,3.911554102842274e-08
128,1,3,90,100.0,3.725289587919178e-08
128,1,3,91,100.0,3.911554102842274e-08
128,1,3,92,100.0,3.911554102842274e-08
128,1,3,93,100.0,3.725289587919178e-08
128,1,3,94,100.0,3.6321573304576305e-08
128,1,3,95,100.0,3.818421845380726e-08
128,1,3,96,100.0,3.725289587919178e-08
128,1,3,97,100.0,3.6321573304576305e-08
128,1,3,98,100.0,3.5390254282674505e-08
128,1,3,99,100.0,3.4458931708059026e-08
128,1,3,100,100.0,3.5390254282674505e-08
128,1,4,1,100.0,3.5390254282674505e-08
128,1,4,2,100.0,3.4458931708059026e-08
128,1,4,3,100.0,3.259628655882807e-08
128,1,4,4,100.0,3.259628655882807e-08
128,1,4,5,100.0,3.352760913344355e-08
128,1,4,6,100.0,3.259628655882807e-08
128,1,4,7,100.0,3.073364140959711e-08
128,1,4,8,100.0,2.8870996260366155e-08
128,1,4,9,100.0,2.8870996260366155e-08
128,1,4,10,100.0,2.7939673685750677e-08
128,1,4,11,100.0,2.607702853651972e-08
128,1,4,12,100.0,2.3283062589030123e-08
128,1,4,13,100.0,2.514570596190424e-08
128,1,4,14,100.0,2.3283062589030123e-08
128,1,4,15,100.0,2.3283062589030123e-08
128,1,4,16,100.0,2.4214383387288763e-08
128,1,4,17,100.0,2.0489094865183688e-08
128,1,4,18,100.0,1.955777229056821e-08
128,1,4,19,100.0,1.6763804566721774e-08
128,1,4,20,100.0,1.4901159417490817e-08
128,1,4,21,100.0,1.4901159417490817e-08
128,1,4,22,100.0,1.5832481992106295e-08
128,1,4,23,100.0,1.6763804566721774e-08
128,1,4,24,100.0,1.4901159417490817e-08
128,1,4,25,100.0,1.3969837731053758e-08
128,1,4,26,100.0,1.3969837731053758e-08
128,1,4,27,100.0,1.1175870007207322e-08
128,1,4,28,100.0,1.4901159417490817e-08
128,1,4,29,100.0,1.303851426825986e-08
128,1,4,30,100.0,1.303851426825986e-08
128,1,4,31,100.0,1.0244547432591844e-08
128,1,4,32,100.0,1.2107191693644381e-08
128,1,4,33,100.0,1.3969837731053758e-08
128,1,4,34,100.0,1.1175870007207322e-08
128,1,4,35,100.0,1.1175870007207322e-08
128,1,4,36,100.0,1.3969837731053758e-08
128,1,4,37,100.0,1.1175870007207322e-08
128,1,4,38,100.0,8.381902283360887e-09
128,1,4,39,100.0,1.0244547432591844e-08
128,1,4,40,100.0,7.450580152834618e-09
128,1,4,41,100.0,4.656612428988183e-09
128,1,4,42,100.0,5.587935003603661e-09
128,1,4,43,100.0,5.587935003603661e-09
128,1,4,44,100.0,9.313224857976365e-09
128,1,4,45,100.0,8.381902283360887e-09
128,1,4,46,100.0,9.313224857976365e-09
128,1,4,47,100.0,1.2107192581822801e-08
128,1,4,48,100.0,1.1175870007207322e-08
128,1,4,49,100.0,1.303851515643828e-08
128,1,4,50,100.0,3.6321573304576305e-08
128,1,4,51,100.0,4.1909508752269176e-08
128,1,4,52,100.0,5.308537609494124e-08
128,1,4,53,100.0,0.0007669870392419398
128,1,4,54,100.0,3.7913610867690295e-05
128,1,4,55,100.0,0.0007051658467389643
128,1,4,56,100.0,0.0003115115687251091
128,1,4,57,100.0,0.00018914681277237833
128,1,4,58,100.0,9.853355322775315e-07
128,1,4,59,100.0,7.40398775178619e-07
128,1,4,60,100.0,1.0486635346751427e-06
128,1,4,61,100.0,1.0877791964958305e-06
128,1,4,62,100.0,7.720641406194773e-07
128,1,4,63,100.0,3.8370436072909797e-07
128,1,4,64,100.0,1.2200322885291826e-07
128,1,4,65,100.0,5.960463411724959e-08
128,1,4,66,100.0,8.288768071906816e-08
128,1,4,67,100.0,5.867331509534779e-08
128,1,4,68,100.0,4.749744419996205e-08
128,1,4,69,100.0,5.029141192380848e-08
128,1,4,70,100.0,4.8428766774577525e-08
128,1,4,71,100.0,4.470347647611561e-08
128,1,4,72,100.0,4.563479905073109e-08
128,1,4,73,100.0,4.749744419996205e-08
128,1,4,74,100.0,4.656612162534657e-08
128,1,4,75,100.0,4.470347647611561e-08
128,1,4,76,100.0,4.656612162534657e-08
128,1,4,77,100.0,4.1909508752269176e-08
128,1,4,78,100.0,4.1909508752269176e-08
128,1,4,79,100.0,4.2840831326884654e-08
128,1,4,80,100.0,4.1909508752269176e-08
128,1,4,81,100.0,4.470347647611561e-08
128,1,4,82,100.0,4.377215390150013e-08
128,1,4,83,100.0,4.377215390150013e-08
128,1,4,84,100.0,4.377215390150013e-08
128,1,4,85,100.0,4.2840831326884654e-08
128,1,4,86,100.0,4.2840831326884654e-08
128,1,4,87,100.0,4.2840831326884654e-08
128,1,4,88,100.0,4.09781861776537e-08
128,1,4,89,100.0,4.377215390150013e-08
128,1,4,90,100.0,4.2840831326884654e-08
128,1,4,91,100.0,4.470347647611561e-08
128,1,4,92,100.0,4.1909508752269176e-08
128,1,4,93,100.0,4.2840831326884654e-08
128,1,4,94,100.0,4.09781861776537e-08
128,1,4,95,100.0,4.377215390150013e-08
128,1,4,96,100.0,4.2840831326884654e-08
128,1,4,97,100.0,4.2840831326884654e-08
128,1,4,98,100.0,4.470347647611561e-08
128,1,4,99,100.0,4.377215390150013e-08
128,1,4,100,100.0,4.1909508752269176e-08
128,1,5,1,100.0,4.470347647611561e-08
128,1,5,2,100.0,4.2840831326884654e-08
128,1,5,3,100.0,4.1909508752269176e-08
128,1,5,4,100.0,4.09781861776537e-08
128,1,5,5,100.0,4.09781861776537e-08
128,1,5,6,100.0,4.00468671557519e-08
128,1,5,7,100.0,3.725289943190546e-08
128,1,5,8,100.0,3.725289943190546e-08
128,1,5,9,100.0,3.6321576857289983e-08
128,1,5,10,100.0,3.5390254282674505e-08
128,1,5,11,100.0,3.5390254282674505e-08
128,1,5,12,100.0,3.4458931708059026e-08
128,1,5,13,100.0,3.5390254282674505e-08
128,1,5,14,100.0,3.4458931708059026e-08
128,1,5,15,100.0,3.259628655882807e-08
128,1,5,16,100.0,3.166496398421259e-08
128,1,5,17,100.0,2.9802318834981634e-08
128,1,5,18,100.0,2.8870996260366155e-08
128,1,5,19,100.0,2.7008351111135198e-08
128,1,5,20,100.0,2.607702853651972e-08
128,1,5,21,100.0,2.2351738238057806e-08
128,1,5,22,100.0,2.1420415663442327e-08
128,1,5,23,100.0,1.955777229056821e-08
128,1,5,24,100.0,1.955777229056821e-08
128,1,5,25,100.0,1.862644971595273e-08
128,1,5,26,100.0,1.862644971595273e-08
128,1,5,27,100.0,1.955777229056821e-08
128,1,5,28,100.0,1.7695127141337252e-08
128,1,5,29,100.0,1.5832481992106295e-08
128,1,5,30,100.0,1.3969836842875338e-08
128,1,5,31,100.0,1.303851426825986e-08
128,1,5,32,100.0,1.2107191693644381e-08
128,1,5,33,100.0,9.313224857976365e-09
128,1,5,34,100.0,9.313224857976365e-09
128,1,5,35,100.0,7.450580152834618e-09
128,1,5,36,100.0,7.450580152834618e-09
128,1,5,37,100.0,6.51925757821914e-09
128,1,5,38,100.0,3.725290076417309e-09
128,1,5,39,100.0,8.381902283360887e-09
128,1,5,40,100.0,6.51925757821914e-09
128,1,5,41,100.0,3.725290076417309e-09
128,1,5,42,100.0,3.725290076417309e-09
128,1,5,43,100.0,7.450580152834618e-09
128,1,5,44,100.0,4.656612428988183e-09
128,1,5,45,100.0,4.656612428988183e-09
128,1,5,46,100.0,6.51925757821914e-09
128,1,5,47,100.0,1.8626450382086546e-09
128,1,5,48,100.0,3.725290076417309e-09
128,1,5,49,100.0,6.51925757821914e-09
128,1,5,50,100.0,3.725290076417309e-09
128,1,5,51,100.0,6.51925757821914e-09
128,1,5,52,100.0,7.450580152834618e-09
128,1,5,53,100.0,8.381902283360887e-09
128,1,5,54,100.0,8.381902283360887e-09
128,1,5,55,100.0,1.1175870007207322e-08
128,1,5,56,100.0,1.3969836842875338e-08
128,1,5,57,100.0,1.2107192581822801e-08
128,1,5,58,100.0,1.2107192581822801e-08
128,1,5,59,100.0,2.1420417439799166e-08
128,1,5,60,100.0,1.0067496987176128e-05
128,1,5,61,100.0,0.0001497810590080917
128,1,5,62,100.0,0.0003729987074621022
128,1,5,63,100.0,0.0008112610084936023
128,1,5,64,100.0,0.0005794190801680088
128,1,5,65,100.0,9.026110637933016e-05
128,1,5,66,100.0,5.3909043344901875e-05
128,1,5,67,100.0,5.434585182229057e-05
128,1,5,68,100.0,1.0135625416296534e-05
128,1,5,69,100.0,1.0948883755190764e-05
128,1,5,70,100.0,2.2369931684806943e-06
128,1,5,71,100.0,7.767186502860568e-07
128,1,5,72,100.0,5.187441161069728e-07
128,1,5,73,100.0,4.4051299141756317e-07
128,1,5,74,100.0,4.2374853137516766e-07
128,1,5,75,100.0,4.125722909975593e-07
128,1,5,76,100.0,3.9208353541653196e-07
128,1,5,77,100.0,3.669383659143932e-07
128,1,5,78,100.0,3.43655813139776e-07
128,1,5,79,100.0,3.2689237627892e-07
128,1,5,80,100.0,3.110601483058417e-07
128,1,5,81,100.0,2.9802183121319104e-07
128,1,5,82,100.0,2.8405216312421544e-07
128,1,5,83,100.0,2.766016677924199e-07
128,1,5,84,100.0,2.6449453116583754e-07
128,1,5,85,100.0,2.5983791829276015e-07
128,1,5,86,100.0,2.533186602704518e-07
128,1,5,87,100.0,2.4866210424079327e-07
128,1,5,88,100.0,2.4214295990532264e-07
128,1,5,89,100.0,2.3934904902489507e-07
128,1,5,90,100.0,2.3469249299523653e-07
128,1,5,91,100.0,2.2910464281267195e-07
128,1,5,92,100.0,2.2537939514677419e-07
128,1,5,93,100.0,2.225854700554919e-07
128,1,5,94,100.0,2.197915307533549e-07
128,1,5,95,100.0,2.160662688766024e-07
128,1,5,96,100.0,2.1234100699984992e-07
128,1,5,97,100.0,2.1047837606147368e-07
128,1,5,98,100.0,2.0675312839557591e-07
128,1,5,99,100.0,2.039591890934389e-07
128,1,5,100,100.0,2.0209655815506267e-07
128,1,6,1,100.0,1.6391260260206764e-07
128,1,6,2,100.0,1.2759110745719227e-07
128,1,6,3,100.0,1.0337676314975397e-07
128,1,6,4,100.0,8.754427938129083e-08
128,1,6,5,100.0,7.636842269675981e-08
128,1,6,6,100.0,6.891784209983598e-08
128,1,6,7,100.0,6.239859828838235e-08
128,1,6,8,100.0,5.215405352032576e-08
128,1,6,9,100.0,4.563479905073109e-08
128,1,6,10,100.0,4.09781861776537e-08
128,1,6,11,100.0,3.725289587919178e-08
128,1,6,12,100.0,3.166496398421259e-08
128,1,6,13,100.0,2.8870996260366155e-08
128,1,6,14,100.0,2.8870996260366155e-08
128,1,6,15,100.0,2.607702853651972e-08
128,1,6,16,100.0,1.862644971595273e-08
128,1,6,17,100.0,1.3969836842875338e-08
128,1,6,18,100.0,1.1175870007207322e-08
128,1,6,19,100.0,1.1175870007207322e-08
128,1,6,20,100.0,1.0244547432591844e-08
128,1,6,21,100.0,9.313224857976365e-09
128,1,6,22,100.0,8.381902283360887e-09
128,1,6,23,100.0,9.313224857976365e-09
128,1,6,24,100.0,7.450580152834618e-09
128,1,6,25,100.0,7.450580152834618e-09
128,1,6,26,100.0,4.656612428988183e-09
128,1,6,27,100.0,4.656612428988183e-09
128,1,6,28,100.0,4.656612428988183e-09
128,1,6,29,100.0,4.656612428988183e-09
128,1,6,30,100.0,3.725290076417309e-09
128,1,6,31,100.0,5.587935003603661e-09
128,1,6,32,100.0,1.8626450382086546e-09
128,1,6,33,100.0,2.7939675018018306e-09
128,1,6,34,100.0,4.656612428988183e-09
128,1,6,35,100.0,2.7939675018018306e-09
128,1,6,36,100.0,1.8626450382086546e-09
128,1,6,37,100.0,2.7939675018018306e-09
128,1,6,38,100.0,5.587935003603661e-09
128,1,6,39,100.0,3.725290076417309e-09
128,1,6,40,100.0,3.725290076417309e-09
128,1,6,41,100.0,3.725290076417309e-09
128,1,6,42,100.0,1.8626450382086546e-09
128,1,6,43,100.0,2.7939675018018306e-09
128,1,6,44,100.0,2.7939675018018306e-09
128,1,6,45,100.0,4.656612428988183e-09
128,1,6,46,100.0,1.8626450382086546e-09
128,1,6,47,100.0,2.7939675018018306e-09
128,1,6,48,100.0,1.8626450382086546e-09
128,1,6,49,100.0,1.8626450382086546e-09
128,1,6,50,100.0,5.587935003603661e-09
128,1,6,51,100.0,5.587935003603661e-09
128,1,6,52,100.0,4.656612428988183e-09
128,1,6,53,100.0,3.725290076417309e-09
128,1,6,54,100.0,9.313224857976365e-09
128,1,6,55,100.0,1.2107192581822801e-08
128,1,6,56,100.0,1.1175870007207322e-08
128,1,6,57,100.0,1.5832481992106295e-08
128,1,6,58,100.0,1.955777229056821e-08
128,1,6,59,100.0,4.563479905073109e-08
128,1,6,60,100.0,8.323534711962566e-05
128,1,6,61,100.0,0.0002742067736107856
128,1,6,62,100.0,0.00013786295312456787
128,1,6,63,100.0,0.00131138670258224
128,1,6,64,100.0,0.00031398984719999135
128,1,6,65,100.0,8.71757511049509e-05
128,1,6,66,100.0,9.272869647247717e-05
128,1,6,67,100.0,5.394061008701101e-05
128,1,6,68,100.0,3.439827196416445e-05
128,1,6,69,100.0,2.0625888282665983e-05
128,1,6,70,100.0,1.2524471458164044e-05
128,1,6,71,100.0,8.810839972284157e-06
128,1,6,72,100.0,6.839405614300631e-06
128,1,6,73,100.0,5.745175258198287e-06
128,1,6,74,100.0,5.07000459037954e-06
128,1,6,75,100.0,4.609022653312422e-06
128,1,6,76,100.0,4.2737610783660784e-06
128,1,6,77,100.0,4.009275926364353e-06
128,1,6,78,100.0,3.7960107874823734e-06
128,1,6,79,100.0,3.622790700319456e-06
128,1,6,80,100.0,3.4681961551541463e-06
128,1,6,81,100.0,3.3396772778360173e-06
128,1,6,82,100.0,3.226059561711736e-06
128,1,6,83,100.0,3.1198919714370277e-06
128,1,6,84,100.0,3.0276937650342006e-06
128,1,6,85,100.0,2.9354955586313736e-06
128,1,6,86,100.0,2.8526101232273504e-06
128,1,6,87,100.0,2.7725184281734983e-06
128,1,6,88,100.0,2.6998770863428945e-06
128,1,6,89,100.0,2.632823452586308e-06
128,1,6,90,100.0,2.5704262043291237e-06
128,1,6,91,100.0,2.508028728698264e-06
128,1,6,92,100.0,2.4558758013881743e-06
128,1,6,93,100.0,2.4046539692790247e-06
128,1,6,94,100.0,2.359020072617568e-06
128,1,6,95,100.0,2.308729563083034e-06
128,1,6,96,100.0,2.262164343846962e-06
128,1,6,97,100.0,2.213736024714308e-06
128,1,6,98,100.0,2.16530838770268e-06
128,1,6,99,100.0,2.117811618518317e-06
128,1,6,100,100.0,2.0833533653785707e-06
128,1,7,1,100.0,8.102490482997382e-07
128,1,7,2,100.0,2.3469317511626286e-07
128,1,7,3,100.0,9.592620386911221e-08
128,1,7,4,100.0,7.450578465295621e-08
128,1,7,5,100.0,4.9360085796479325e-08
128,1,7,6,100.0,3.6321573304576305e-08
128,1,7,7,100.0,3.073364140959711e-08
128,1,7,8,100.0,2.4214383387288763e-08
128,1,7,9,100.0,2.1420415663442327e-08
128,1,7,10,100.0,1.7695127141337252e-08
128,1,7,11,100.0,1.5832481992106295e-08
128,1,7,12,100.0,1.2107191693644381e-08
128,1,7,13,100.0,1.1175869119028903e-08
128,1,7,14,100.0,1.0244547432591844e-08
128,1,7,15,100.0,1.0244547432591844e-08
128,1,7,16,100.0,1.0244547432591844e-08
128,1,7,17,100.0,1.1175870007207322e-08
128,1,7,18,100.0,1.1175870007207322e-08
128,1,7,19,100.0,1.1175870007207322e-08
128,1,7,20,100.0,1.0244547432591844e-08
128,1,7,21,100.0,9.313224857976365e-09
128,1,7,22,100.0,8.381902283360887e-09
128,1,7,23,100.0,6.51925757821914e-09
128,1,7,24,100.0,6.51925757821914e-09
128,1,7,25,100.0,5.587935003603661e-09
128,1,7,26,100.0,5.587935003603661e-09
128,1,7,27,100.0,5.587935003603661e-09
128,1,7,28,100.0,7.4505797087454084e-09
128,1,7,29,100.0,6.51925757821914e-09
128,1,7,30,100.0,6.51925757821914e-09
128,1,7,31,100.0,6.51925757821914e-09
128,1,7,32,100.0,5.587935003603661e-09
128,1,7,33,100.0,4.656612428988183e-09
128,1,7,34,100.0,7.4505797087454084e-09
128,1,7,35,100.0,6.51925757821914e-09
128,1,7,36,100.0,6.51925757821914e-09
128,1,7,37,100.0,5.587935003603661e-09
128,1,7,38,100.0,6.51925757821914e-09
128,1,7,39,100.0,7.4505797087454084e-09
128,1,7,40,100.0,5.587935003603661e-09
128,1,7,41,100.0,8.381902283360887e-09
128,1,7,42,100.0,5.587935003603661e-09
128,1,7,43,100.0,6.51925757821914e-09
128,1,7,44,100.0,4.656612428988183e-09
128,1,7,45,100.0,6.51925757821914e-09
128,1,7,46,100.0,7.450580152834618e-09
128,1,7,47,100.0,6.51925757821914e-09
128,1,7,48,100.0,5.587935003603661e-09
128,1,7,49,100.0,4.656612428988183e-09
128,1,7,50,100.0,3.725290076417309e-09
128,1,7,51,100.0,4.656612428988183e-09
128,1,7,52,100.0,2.7939675018018306e-09
128,1,7,53,100.0,3.725290076417309e-09
128,1,7,54,100.0,2.7939675018018306e-09
128,1,7,55,100.0,1.8626450382086546e-09
128,1,7,56,100.0,4.656612428988183e-09
128,1,7,57,100.0,1.8626450382086546e-09
128,1,7,58,100.0,2.7939675018018306e-09
128,1,7,59,100.0,5.587935003603661e-09
128,1,7,60,100.0,5.587935003603661e-09
128,1,7,61,100.0,5.587935003603661e-09
128,1,7,62,100.0,5.587935003603661e-09
128,1,7,63,100.0,1.303851426825986e-08
128,1,7,64,100.0,1.0244547432591844e-08
128,1,7,65,100.0,1.3969836842875338e-08
128,1,7,66,100.0,1.1175870007207322e-08
128,1,7,67,100.0,1.4901159417490817e-08
128,1,7,68,100.0,2.048909308882685e-08
128,1,7,69,100.0,3.0733637856883433e-08
128,1,7,70,100.0,2.5951343559427187e-05
128,1,7,71,100.0,6.0740876506315544e-05
128,1,7,72,100.0,0.0004715156683232635
128,1,7,73,99.21875,0.020821966230869293
128,1,7,74,100.0,0.00011835939949378371
128,1,7,75,100.0,6.91504556016298e-06
128,1,7,76,100.0,4.691621143138036e-06
128,1,7,77,100.0,1.7078449673135765e-05
128,1,7,78,100.0,1.2722848623525351e-05
128,1,7,79,100.0,1.1876164535351563e-05
128,1,7,80,100.0,8.461533070658334e-06
128,1,7,81,100.0,7.0736264206061605e-06
128,1,7,82,100.0,6.443322490667924e-06
128,1,7,83,100.0,5.605275418929523e-06
128,1,7,84,100.0,4.810020527656889e-06
128,1,7,85,100.0,4.200058356218506e-06
128,1,7,86,100.0,3.7744739529443905e-06
128,1,7,87,100.0,3.4466779652575497e-06
128,1,7,88,100.0,3.194311148035922e-06
128,1,7,89,100.0,2.9968864510010462e-06
128,1,7,90,100.0,2.8376425689202733e-06
128,1,7,91,100.0,2.7072655939264223e-06
128,1,7,92,100.0,2.5908589122991543e-06
128,1,7,93,100.0,2.4968016987259034e-06
128,1,7,94,100.0,2.4148509965016274e-06
128,1,7,95,100.0,2.3356944893748732e-06
128,1,7,96,100.0,2.2658493890048703e-06
128,1,7,97,100.0,2.2015908598405076e-06
128,1,7,98,100.0,2.1466453290486243e-06
128,1,7,99,100.0,2.087044549625716e-06
128,1,7,100,100.0,2.0339630282251164e-06
128,1,8,1,100.0,1.4686636404803721e-06
128,1,8,2,100.0,7.171134370764776e-07
128,1,8,3,100.0,2.970915602418245e-07
128,1,8,4,100.0,1.8347046193412098e-07
128,1,8,5,100.0,1.4249229707274935e-07
128,1,8,6,100.0,1.1548395661975519e-07
128,1,8,7,100.0,8.847561616676103e-08
128,1,8,8,100.0,6.798653373607522e-08
128,1,8,9,100.0,5.867331509534779e-08
128,1,8,10,100.0,5.029141192380848e-08
128,1,8,11,100.0,4.1909508752269176e-08
128,1,8,12,100.0,3.352760913344355e-08
128,1,8,13,100.0,3.166496398421259e-08
128,1,8,14,100.0,2.8870996260366155e-08
128,1,8,15,100.0,2.514570596190424e-08
128,1,8,16,100.0,2.514570596190424e-08
128,1,8,17,100.0,2.1420417439799166e-08
128,1,8,18,100.0,1.4901159417490817e-08
128,1,8,19,100.0,1.303851426825986e-08
128,1,8,20,100.0,1.1175870007207322e-08
128,1,8,21,100.0,1.0244547432591844e-08
128,1,8,22,100.0,9.313224857976365e-09
128,1,8,23,100.0,7.4505797087454084e-09
128,1,8,24,100.0,7.4505797087454084e-09
128,1,8,25,100.0,7.450580152834618e-09
128,1,8,26,100.0,5.587935003603661e-09
128,1,8,27,100.0,6.51925757821914e-09
128,1,8,28,100.0,6.51925757821914e-09
128,1,8,29,100.0,6.51925757821914e-09
128,1,8,30,100.0,4.656612428988183e-09
128,1,8,31,100.0,3.725290076417309e-09
128,1,8,32,100.0,2.7939675018018306e-09
128,1,8,33,100.0,2.7939675018018306e-09
128,1,8,34,100.0,1.8626450382086546e-09
128,1,8,35,100.0,9.313225191043273e-10
128,1,8,36,100.0,9.313225191043273e-10
128,1,8,37,100.0,9.313225191043273e-10
128,1,8,38,100.0,9.313225191043273e-10
128,1,8,39,100.0,9.313225191043273e-10
128,1,8,40,100.0,9.313225191043273e-10
128,1,8,41,100.0,9.313225191043273e-10
128,1,8,42,100.0,1.8626450382086546e-09
128,1,8,43,100.0,1.8626450382086546e-09
128,1,8,44,100.0,9.313225191043273e-10
128,1,8,45,100.0,0.0
128,1,8,46,100.0,1.8626450382086546e-09
128,1,8,47,100.0,0.0
128,1,8,48,100.0,9.313225191043273e-10
128,1,8,49,100.0,2.7939675018018306e-09
128,1,8,50,100.0,0.0
128,1,8,51,100.0,3.725290076417309e-09
128,1,8,52,100.0,9.313225191043273e-10
128,1,8,53,100.0,0.0
128,1,8,54,100.0,2.7939675018018306e-09
128,1,8,55,100.0,9.313225191043273e-10
128,1,8,56,100.0,0.0
128,1,8,57,100.0,9.313225191043273e-10
128,1,8,58,100.0,9.313225191043273e-10
128,1,8,59,100.0,9.313225191043273e-10
128,1,8,60,100.0,9.313225191043273e-10
128,1,8,61,100.0,9.313225191043273e-10
128,1,8,62,100.0,9.313225191043273e-10
128,1,8,63,100.0,1.8626450382086546e-09
128,1,8,64,100.0,0.0
128,1,8,65,100.0,9.313225191043273e-10
128,1,8,66,100.0,0.0
128,1,8,67,100.0,2.7939675018018306e-09
128,1,8,68,100.0,6.51925757821914e-09
128,1,8,69,100.0,4.656612428988183e-09
128,1,8,70,100.0,5.587935003603661e-09
128,1,8,71,100.0,8.381902283360887e-09
128,1,8,72,100.0,9.313224857976365e-09
128,1,8,73,100.0,7.450580152834618e-09
128,1,8,74,100.0,2.2351738238057806e-08
128,1,8,75,100.0,1.2107191693644381e-08
128,1,8,76,100.0,7.729970263881114e-08
128,1,8,77,100.0,6.217803274921607e-06
128,1,8,78,100.0,1.0002296448874404e-06
128,1,8,79,100.0,0.001002908917143941
128,1,8,80,100.0,0.00019239188986830413
128,1,8,81,100.0,0.0005000721430405974
128,1,8,82,100.0,0.0015932382084429264
128,1,8,83,100.0,0.0002458288799971342
128,1,8,84,100.0,0.00020121927082072943
128,1,8,85,100.0,0.00010583122639218345
128,1,8,86,100.0,4.5265216613188386e-05
128,1,8,87,100.0,4.197443195153028e-05
128,1,8,88,100.0,3.296809154562652e-05
128,1,8,89,100.0,2.5461467885179445e-05
128,1,8,90,100.0,2.1274987375363708e-05
128,1,8,91,100.0,1.827699270506855e-05
128,1,8,92,100.0,1.5645673556718975e-05
128,1,8,93,100.0,1.3920254787080921e-05
128,1,8,94,100.0,1.2796344890375622e-05
128,1,8,95,100.0,1.1939668183913454e-05
128,1,8,96,100.0,1.0979603757732548e-05
128,1,8,97,100.0,1.0007410310208797e-05
128,1,8,98,100.0,8.967228495748714e-06
128,1,8,99,100.0,7.468860076187411e-06
128,1,8,100,100.0,5.5718846851959825e-06
128,2,1,1,21.09375,2.2017033100128174
128,2,1,2,38.28125,2.0289437770843506
128,2,1,3,48.4375,1.7733416557312012
128,2,1,4,60.15625,1.455770492553711
128,2,1,5,65.625,1.1149287223815918
128,2,1,6,75.78125,0.8064303994178772
128,2,1,7,87.5,0.5513973236083984
128,2,1,8,92.1875,0.35218021273612976
128,2,1,9,97.65625,0.21223926544189453
128,2,1,10,99.21875,0.1193646788597107
128,2,1,11,100.0,0.0644804909825325
128,2,1,12,100.0,0.038025639951229095
128,2,1,13,100.0,0.02086823806166649
128,2,1,14,100.0,0.012964937835931778
128,2,1,15,100.0,0.00880332663655281
128,2,1,16,100.0,0.006210029125213623
128,2,1,17,100.0,0.004789351485669613
128,2,1,18,100.0,0.003947804681956768
128,2,1,19,100.0,0.003355068154633045
128,2,1,20,100.0,0.002911839634180069
128,2,1,21,100.0,0.002583984052762389
128,2,1,22,100.0,0.00233512744307518
128,2,1,23,100.0,0.002137009985744953
128,2,1,24,100.0,0.001973874866962433
128,2,1,25,100.0,0.001835137722082436
128,2,1,26,100.0,0.0017155557870864868
128,2,1,27,100.0,0.0016088930424302816
128,2,1,28,100.0,0.0015138746239244938
128,2,1,29,100.0,0.0014289128594100475
128,2,1,30,100.0,0.0013516386970877647
128,2,1,31,100.0,0.0012794395443052053
128,2,1,32,100.0,0.001213673036545515
128,2,1,33,100.0,0.0011526416055858135
128,2,1,34,100.0,0.0010966851841658354
128,2,1,35,100.0,0.0010448340326547623
128,2,1,36,100.0,0.0009956073481589556
128,2,1,37,100.0,0.0009502347093075514
128,2,1,38,100.0,0.0009091083193197846
128,2,1,39,100.0,0.0008715174626559019
128,2,1,40,100.0,0.0008365588146261871
128,2,1,41,100.0,0.0008037199731916189
128,2,1,42,100.0,0.0007734079263173044
128,2,1,43,100.0,0.0007442001369781792
128,2,1,44,100.0,0.0007171497563831508
128,2,1,45,100.0,0.0006912678945809603
128,2,1,46,100.0,0.0006670052534900606
128,2,1,47,100.0,0.000643598847091198
128,2,1,48,100.0,0.0006216192268766463
128,2,1,49,100.0,0.0006005623727105558
128,2,1,50,100.0,0.0005808488349430263
128,2,1,51,100.0,0.0005617925780825317
128,2,1,52,100.0,0.000543879927136004
128,2,1,53,100.0,0.0005273489514365792
128,2,1,54,100.0,0.0005113165825605392
128,2,1,55,100.0,0.000496184395160526
128,2,1,56,100.0,0.0004818066372536123
128,2,1,57,100.0,0.00046804192243143916
128,2,1,58,100.0,0.00045488931937143207
128,2,1,59,100.0,0.0004424435319378972
128,2,1,60,100.0,0.00043073671986348927
128,2,1,61,100.0,0.0004194745561107993
128,2,1,62,100.0,0.0004084281390532851
128,2,1,63,100.0,0.0003980524488724768
128,2,1,64,100.0,0.0003881404409185052
128,2,1,65,100.0,0.0003783878346439451
128,2,1,66,100.0,0.0003689238801598549
128,2,1,67,100.0,0.00035984977148473263
128,2,1,68,100.0,0.0003511104150675237
128,2,1,69,100.0,0.000342543120495975
128,2,1,70,100.0,0.00033422053093090653
128,2,1,71,100.0,0.0003263575490564108
128,2,1,72,100.0,0.0003187354886904359
128,2,1,73,100.0,0.0003114808932878077
128,2,1,74,100.0,0.0003045026969630271
128,2,1,75,100.0,0.00029775325674563646
128,2,1,76,100.0,0.0002912040799856186
128,2,1,77,100.0,0.00028484474751167
128,2,1,78,100.0,0.0002787431003525853
128,2,1,79,100.0,0.0002728190447669476
128,2,1,80,100.0,0.0002670699614100158
128,2,1,81,100.0,0.0002615971607156098
128,2,1,82,100.0,0.0002562408335506916
128,2,1,83,100.0,0.0002511664933990687
128,2,1,84,100.0,0.0002461981785017997
128,2,1,85,100.0,0.00024139542074408382
128,2,1,86,100.0,0.0002367071865592152
128,2,1,87,100.0,0.0002321847277926281
128,2,1,88,100.0,0.00022775819525122643
128,2,1,89,100.0,0.0002234562998637557
128,2,1,90,100.0,0.00021926977206021547
128,2,1,91,100.0,0.0002151856606360525
128,2,1,92,100.0,0.0002111890644300729
128,2,1,93,100.0,0.00020736834267154336
128,2,1,94,100.0,0.00020363513613119721
128,2,1,95,100.0,0.0002000089589273557
128,2,1,96,100.0,0.0001965019037015736
128,2,1,97,100.0,0.00019309541676193476
128,2,1,98,100.0,0.00018979216110892594
128,2,1,99,100.0,0.00018653823644854128
128,2,1,100,100.0,0.0001833243586588651
128,2,2,1,100.0,0.00015957604045979679
128,2,2,2,100.0,0.00012838540715165436
128,2,2,3,100.0,9.49147724895738e-05
128,2,2,4,100.0,6.281171226873994e-05
128,2,2,5,100.0,3.897081478498876e-05
128,2,2,6,100.0,2.3926022549858317e-05
128,2,2,7,100.0,1.518216413387563e-05
128,2,2,8,100.0,9.691233572084457e-06
128,2,2,9,100.0,6.702669452351984e-06
128,2,2,10,100.0,4.845636794925667e-06
128,2,2,11,100.0,3.675908374134451e-06
128,2,2,12,100.0,2.8880162972200196e-06
128,2,2,13,100.0,2.3255029191204812e-06
128,2,2,14,100.0,1.906410602714459e-06
128,2,2,15,100.0,1.6018697124309256e-06
128,2,2,16,100.0,1.3522765129891923e-06
128,2,2,17,100.0,1.1622876172623364e-06
128,2,2,18,100.0,1.0095512834595866e-06
128,2,2,19,100.0,8.968618203653023e-07
128,2,2,20,100.0,7.944166782181128e-07
128,2,2,21,100.0,7.143232778616948e-07
128,2,2,22,100.0,6.370237315422855e-07
128,2,2,23,100.0,5.736940238421084e-07
128,2,2,24,100.0,5.187461624700518e-07
128,2,2,25,100.0,4.703175022768846e-07
128,2,2,26,100.0,4.321333619827783e-07
128,2,2,27,100.0,4.041937415877328e-07
128,2,2,28,100.0,3.688035690174729e-07
128,2,2,29,100.0,3.483144723759324e-07
128,2,2,30,100.0,3.241001422793488e-07
128,2,2,31,100.0,3.026797230631928e-07
128,2,2,32,100.0,2.849845941454987e-07
128,2,2,33,100.0,2.654268485002831e-07
128,2,2,34,100.0,2.440064292841271e-07
128,2,2,35,100.0,2.2444868363891146e-07
128,2,2,36,100.0,2.1513545789275668e-07
128,2,2,37,100.0,2.058222321466019e-07
128,2,2,38,100.0,1.9371503867660067e-07
128,2,2,39,100.0,1.844018271413006e-07
128,2,2,40,100.0,1.7881389169360773e-07
128,2,2,41,100.0,1.7322597045676957e-07
128,2,2,42,100.0,1.592561318375374e-07
128,2,2,43,100.0,1.4808026094215165e-07
128,2,2,44,100.0,1.415610029198433e-07
128,2,2,45,100.0,1.3411042232291948e-07
128,2,2,46,100.0,1.3224777717368852e-07
128,2,2,47,100.0,1.285224868752266e-07
128,2,2,48,100.0,1.238658740021492e-07
128,2,2,49,100.0,1.1362133989223366e-07
128,2,2,50,100.0,1.0896472701915627e-07
128,2,2,51,100.0,1.033767915714634e-07
128,2,2,52,100.0,1.0058282384761696e-07
128,2,2,53,100.0,9.778885612377053e-08
128,2,2,54,100.0,9.313224325069314e-08
128,2,2,55,100.0,9.03382755268467e-08
128,2,2,56,100.0,9.220092067607766e-08
128,2,2,57,100.0,8.661298522838479e-08
128,2,2,58,100.0,8.288769492992287e-08
128,2,2,59,100.0,8.009372720607644e-08
128,2,2,60,100.0,7.636843690761452e-08
128,2,2,61,100.0,7.450579175838357e-08
128,2,2,62,100.0,7.078050856534901e-08
128,2,2,63,100.0,6.798654084150257e-08
128,2,2,64,100.0,6.705521116145974e-08
128,2,2,65,100.0,6.426125054304066e-08
128,2,2,66,100.0,6.146728281919422e-08
128,2,2,67,100.0,5.774199252073231e-08
128,2,2,68,100.0,5.774199252073231e-08
128,2,2,69,100.0,5.5879347371501353e-08
128,2,2,70,100.0,5.4948024796885875e-08
128,2,2,71,100.0,5.029141192380848e-08
128,2,2,72,100.0,4.749744419996205e-08
128,2,2,73,100.0,4.749744419996205e-08
128,2,2,74,100.0,4.656612162534657e-08
128,2,2,75,100.0,4.1909508752269176e-08
128,2,2,76,100.0,4.470347647611561e-08
128,2,2,77,100.0,4.1909508752269176e-08
128,2,2,78,100.0,3.818421845380726e-08
128,2,2,79,100.0,3.911554102842274e-08
128,2,2,80,100.0,3.725289587919178e-08
128,2,2,81,100.0,3.818421845380726e-08
128,2,2,82,100.0,3.6321576857289983e-08
128,2,2,83,100.0,3.5390254282674505e-08
128,2,2,84,100.0,3.352760913344355e-08
128,2,2,85,100.0,3.073364140959711e-08
128,2,2,86,100.0,2.7939673685750677e-08
128,2,2,87,100.0,2.8870996260366155e-08
128,2,2,88,100.0,2.7008351111135198e-08
128,2,2,89,100.0,2.607702853651972e-08
128,2,2,90,100.0,2.7008351111135198e-08
128,2,2,91,100.0,2.607702853651972e-08
128,2,2,92,100.0,2.514570596190424e-08
128,2,2,93,100.0,2.607702853651972e-08
128,2,2,94,100.0,2.3283060812673284e-08
128,2,2,95,100.0,2.4214383387288763e-08
128,2,2,96,100.0,2.2351738238057806e-08
128,2,2,97,100.0,2.048909308882685e-08
128,2,2,98,100.0,2.048909308882685e-08
128,2,2,99,100.0,2.1420417439799166e-08
128,2,2,100,100.0,2.2351738238057806e-08
128,2,3,1,100.0,3.166496398421259e-08
128,2,3,2,100.0,3.073364140959711e-08
128,2,3,3,100.0,2.8870996260366155e-08
128,2,3,4,100.0,2.607702853651972e-08
128,2,3,5,100.0,2.2351740014414645e-08
128,2,3,6,100.0,1.955777229056821e-08
128,2,3,7,100.0,1.5832481992106295e-08
128,2,3,8,100.0,1.5832481992106295e-08
128,2,3,9,100.0,1.6763804566721774e-08
128,2,3,10,100.0,1.6763804566721774e-08
128,2,3,11,100.0,1.7695127141337252e-08
128,2,3,12,100.0,1.862644971595273e-08
128,2,3,13,100.0,1.7695127141337252e-08
128,2,3,14,100.0,1.955777229056821e-08
128,2,3,15,100.0,1.6763804566721774e-08
128,2,3,16,100.0,1.7695127141337252e-08
128,2,3,17,100.0,1.7695127141337252e-08
128,2,3,18,100.0,2.0489094865183688e-08
128,2,3,19,100.0,1.7695127141337252e-08
128,2,3,20,100.0,1.5832481992106295e-08
128,2,3,21,100.0,1.303851426825986e-08
128,2,3,22,100.0,1.1175870007207322e-08
128,2,3,23,100.0,1.3969836842875338e-08
128,2,3,24,100.0,1.2107192581822801e-08
128,2,3,25,100.0,1.1175870007207322e-08
128,2,3,26,100.0,1.1175870007207322e-08
128,2,3,27,100.0,9.313224857976365e-09
128,2,3,28,100.0,1.2107191693644381e-08
128,2,3,29,100.0,1.2107192581822801e-08
128,2,3,30,100.0,1.2107192581822801e-08
128,2,3,31,100.0,9.313224857976365e-09
128,2,3,32,100.0,1.3969836842875338e-08
128,2,3,33,100.0,8.381902283360887e-09
128,2,3,34,100.0,7.450580152834618e-09
128,2,3,35,100.0,1.1175870007207322e-08
128,2,3,36,100.0,1.3969836842875338e-08
128,2,3,37,100.0,8.381902283360887e-09
128,2,3,38,100.0,1.1175870007207322e-08
128,2,3,39,100.0,1.2107192581822801e-08
128,2,3,40,100.0,8.381902283360887e-09
128,2,3,41,100.0,1.0244547432591844e-08
128,2,3,42,100.0,1.6763804566721774e-08
128,2,3,43,100.0,2.607702853651972e-08
128,2,3,44,100.0,9.843872703640955e-07
128,2,3,45,100.0,8.698337978785275e-07
128,2,3,46,100.0,1.5189919395197649e-05
128,2,3,47,99.21875,0.014511620625853539
128,2,3,48,100.0,0.00015649665147066116
128,2,3,49,100.0,0.0003646438999567181
128,2,3,50,100.0,4.0536637243349105e-05
128,2,3,51,100.0,8.571719263272826e-06
128,2,3,52,100.0,5.539970970858121e-06
128,2,3,53,100.0,4.6190434659365565e-06
128,2,3,54,100.0,3.858223408315098e-06
128,2,3,55,100.0,3.2640866720612394e-06
128,2,3,56,100.0,2.86644535663072e-06
128,2,3,57,100.0,2.6187349249084946e-06
128,2,3,58,100.0,2.4306259547302034e-06
128,2,3,59,100.0,2.3030470401863568e-06
128,2,3,60,100.0,2.1959556306683226e-06
128,2,3,61,100.0,2.102832240780117e-06
128,2,3,62,100.0,2.0097093056392623e-06
128,2,3,63,100.0,1.918448788273963e-06
128,2,3,64,100.0,1.8448808987159282e-06
128,2,3,65,100.0,1.7741062947607134e-06
128,2,3,66,100.0,1.715437974780798e-06
128,2,3,67,100.0,1.6632882307021646e-06
128,2,3,68,100.0,1.6139319996000268e-06
128,2,3,69,100.0,1.567369054100709e-06
128,2,3,70,100.0,1.5226687537506223e-06
128,2,3,71,100.0,1.4844874840491684e-06
128,2,3,72,100.0,1.4472370821749792e-06
128,2,3,73,100.0,1.4118489843895077e-06
128,2,3,74,100.0,1.3773923228654894e-06
128,2,3,75,100.0,1.3494543509295909e-06
128,2,3,76,100.0,1.3243100056570256e-06
128,2,3,77,100.0,1.2973031289220671e-06
128,2,3,78,100.0,1.2693649296124931e-06
128,2,3,79,100.0,1.2470145520637743e-06
128,2,3,80,100.0,1.2200074479551404e-06
128,2,3,81,100.0,1.1930005712201819e-06
128,2,3,82,100.0,1.1669246759993257e-06
128,2,3,83,100.0,1.1417802170399227e-06
128,2,3,84,100.0,1.1175669669682975e-06
128,2,3,85,100.0,1.09428492578445e-06
128,2,3,86,100.0,1.0710028846006026e-06
128,2,3,87,100.0,1.0523773426029948e-06
128,2,3,88,100.0,1.0328203643439338e-06
128,2,3,89,100.0,1.0123320635102573e-06
128,2,3,90,100.0,9.97431584437436e-07
128,2,3,91,100.0,9.80668346528546e-07
128,2,3,92,100.0,9.63905108619656e-07
128,2,3,93,100.0,9.471419275541848e-07
128,2,3,94,100.0,9.313099553764914e-07
128,2,3,95,100.0,9.164093057734135e-07
128,2,3,96,100.0,9.033711876327288e-07
128,2,3,97,100.0,8.912643920666596e-07
128,2,3,98,100.0,8.763636856201629e-07
128,2,3,99,100.0,8.642568900540937e-07
128,2,3,100,100.0,8.51218771913409e-07
128,2,4,1,100.0,5.55996166440309e-07
128,2,4,2,100.0,2.1513532999506424e-07
128,2,4,3,100.0,1.0058282384761696e-07
128,2,4,4,100.0,6.519257311765614e-08
128,2,4,5,100.0,5.4948024796885875e-08
128,2,4,6,100.0,5.029141192380848e-08
128,2,4,7,100.0,4.470347647611561e-08
128,2,4,8,100.0,4.00468671557519e-08
128,2,4,9,100.0,3.259628655882807e-08
128,2,4,10,100.0,2.8870996260366155e-08
128,2,4,11,100.0,2.607702853651972e-08
128,2,4,12,100.0,2.2351738238057806e-08
128,2,4,13,100.0,2.3283060812673284e-08
128,2,4,14,100.0,2.2351738238057806e-08
128,2,4,15,100.0,1.862644971595273e-08
128,2,4,16,100.0,1.7695127141337252e-08
128,2,4,17,100.0,1.5832481992106295e-08
128,2,4,18,100.0,1.4901159417490817e-08
128,2,4,19,100.0,1.3969836842875338e-08
128,2,4,20,100.0,1.1175870007207322e-08
128,2,4,21,100.0,1.1175870007207322e-08
128,2,4,22,100.0,1.0244547432591844e-08
128,2,4,23,100.0,1.0244547432591844e-08
128,2,4,24,100.0,1.0244547432591844e-08
128,2,4,25,100.0,8.381902283360887e-09
128,2,4,26,100.0,6.51925757821914e-09
128,2,4,27,100.0,7.4505797087454084e-09
128,2,4,28,100.0,9.313224857976365e-09
128,2,4,29,100.0,7.450580152834618e-09
128,2,4,30,100.0,9.313224857976365e-09
128,2,4,31,100.0,6.51925757821914e-09
128,2,4,32,100.0,7.4505797087454084e-09
128,2,4,33,100.0,6.51925757821914e-09
128,2,4,34,100.0,7.4505797087454084e-09
128,2,4,35,100.0,8.381902283360887e-09
128,2,4,36,100.0,7.450580152834618e-09
128,2,4,37,100.0,6.51925757821914e-09
128,2,4,38,100.0,7.4505797087454084e-09
128,2,4,39,100.0,1.1175870007207322e-08
128,2,4,40,100.0,5.587935003603661e-09
128,2,4,41,100.0,7.450580152834618e-09
128,2,4,42,100.0,4.656612428988183e-09
128,2,4,43,100.0,4.656612428988183e-09
128,2,4,44,100.0,5.587935003603661e-09
128,2,4,45,100.0,9.313224857976365e-09
128,2,4,46,100.0,1.1175870007207322e-08
128,2,4,47,100.0,8.381902283360887e-09
128,2,4,48,100.0,1.0244547432591844e-08
128,2,4,49,100.0,1.303851426825986e-08
128,2,4,50,100.0,1.955777229056821e-08
128,2,4,51,100.0,2.3283062589030123e-08
128,2,4,52,100.0,4.004686360303822e-08
128,2,4,53,100.0,3.352760913344355e-08
128,2,4,54,100.0,5.401668801141568e-08
128,2,4,55,100.0,3.6321576857289983e-08
128,2,4,56,100.0,1.8347009245189838e-07
128,2,4,57,100.0,4.9058726290240884e-05
128,2,4,58,100.0,0.0009661144576966763
128,2,4,59,99.21875,0.008193282410502434
128,2,4,60,100.0,0.0010424898937344551
128,2,4,61,100.0,0.0002177347632823512
128,2,4,62,100.0,4.157215153099969e-05
128,2,4,63,100.0,1.9760709619731642e-05
128,2,4,64,100.0,7.603769336128607e-05
128,2,4,65,100.0,4.1144561691908166e-05
128,2,4,66,100.0,1.3378764379012864e-05
128,2,4,67,100.0,4.2361029954918195e-06
128,2,4,68,100.0,1.0728620054578641e-06
128,2,4,69,100.0,4.76834713936114e-07
128,2,4,70,100.0,3.874288267979864e-07
128,2,4,71,100.0,3.585579690934537e-07
128,2,4,72,100.0,3.4645083246687136e-07
128,2,4,73,100.0,3.390003087133664e-07
128,2,4,74,100.0,3.25961877933878e-07
128,2,4,75,100.0,3.101294510088337e-07
128,2,4,76,100.0,2.980223428039608e-07
128,2,4,77,100.0,2.8125862172601046e-07
128,2,4,78,100.0,2.7008286451746244e-07
128,2,4,79,100.0,2.570444053162646e-07
128,2,4,80,100.0,2.4773129325694754e-07
128,2,4,81,100.0,2.3748680177959614e-07
128,2,4,82,100.0,2.318988947536127e-07
128,2,4,83,100.0,2.2631098772762925e-07
128,2,4,84,100.0,2.207230807016458e-07
128,2,4,85,100.0,2.1699780461403861e-07
128,2,4,86,100.0,2.142038511010469e-07
128,2,4,87,100.0,2.1047856080258498e-07
128,2,4,88,100.0,2.0395933120198606e-07
128,2,4,89,100.0,2.0116539189984906e-07
128,2,4,90,100.0,2.0023406932523358e-07
128,2,4,91,100.0,1.9837143838685733e-07
128,2,4,92,100.0,1.9557748487386561e-07
128,2,4,93,100.0,1.9464616229925014e-07
128,2,4,94,100.0,1.918521945754037e-07
128,2,4,95,100.0,1.8998956363702746e-07
128,2,4,96,100.0,1.8719561012403574e-07
128,2,4,97,100.0,1.8626430176027498e-07
128,2,4,98,100.0,1.8347034824728325e-07
128,2,4,99,100.0,1.8253902567266778e-07
128,2,4,100,100.0,1.8067638052343682e-07
128,2,5,1,100.0,1.6018736914702458e-07
128,2,5,2,100.0,1.3504171647582552e-07
128,2,5,3,100.0,1.0989603538291703e-07
128,2,5,4,100.0,9.872017159295865e-08
128,2,5,5,100.0,9.033826842141934e-08
128,2,5,6,100.0,7.916240463146096e-08
128,2,5,7,100.0,7.450579886381092e-08
128,2,5,8,100.0,6.984918599073353e-08
128,2,5,9,100.0,5.960463766996327e-08
128,2,5,10,100.0,5.029141192380848e-08
128,2,5,11,100.0,4.8428766774577525e-08
128,2,5,12,100.0,4.563479905073109e-08
128,2,5,13,100.0,4.1909508752269176e-08
128,2,5,14,100.0,3.4458931708059026e-08
128,2,5,15,100.0,3.166496398421259e-08
128,2,5,16,100.0,2.9802318834981634e-08
128,2,5,17,100.0,2.7008351111135198e-08
128,2,5,18,100.0,2.2351740014414645e-08
128,2,5,19,100.0,1.862644971595273e-08
128,2,5,20,100.0,1.6763804566721774e-08
128,2,5,21,100.0,1.5832481992106295e-08
128,2,5,22,100.0,1.4901160305669237e-08
128,2,5,23,100.0,1.4901160305669237e-08
128,2,5,24,100.0,1.1175870007207322e-08
128,2,5,25,100.0,1.0244547432591844e-08
128,2,5,26,100.0,1.0244547432591844e-08
128,2,5,27,100.0,1.0244547432591844e-08
128,2,5,28,100.0,1.1175870007207322e-08
128,2,5,29,100.0,9.313224857976365e-09
128,2,5,30,100.0,8.381902283360887e-09
128,2,5,31,100.0,9.313224857976365e-09
128,2,5,32,100.0,6.51925757821914e-09
128,2,5,33,100.0,6.51925757821914e-09
128,2,5,34,100.0,5.587935003603661e-09
128,2,5,35,100.0,7.4505797087454084e-09
128,2,5,36,100.0,5.587935003603661e-09
128,2,5,37,100.0,5.587935003603661e-09
128,2,5,38,100.0,3.725290076417309e-09
128,2,5,39,100.0,6.51925757821914e-09
128,2,5,40,100.0,6.51925757821914e-09
128,2,5,41,100.0,4.656612428988183e-09
128,2,5,42,100.0,3.725290076417309e-09
128,2,5,43,100.0,5.587935003603661e-09
128,2,5,44,100.0,3.725290076417309e-09
128,2,5,45,100.0,4.656612428988183e-09
128,2,5,46,100.0,2.7939675018018306e-09
128,2,5,47,100.0,3.725290076417309e-09
128,2,5,48,100.0,1.8626450382086546e-09
128,2,5,49,100.0,2.7939675018018306e-09
128,2,5,50,100.0,7.4505797087454084e-09
128,2,5,51,100.0,3.725290076417309e-09
128,2,5,52,100.0,9.313225191043273e-10
128,2,5,53,100.0,5.587935003603661e-09
128,2,5,54,100.0,8.381902283360887e-09
128,2,5,55,100.0,8.381902283360887e-09
128,2,5,56,100.0,3.725290076417309e-09
128,2,5,57,100.0,3.725290076417309e-09
128,2,5,58,100.0,8.381902283360887e-09
128,2,5,59,100.0,1.6763804566721774e-08
128,2,5,60,100.0,1.7695127141337252e-08
128,2,5,61,100.0,7.92549485595373e-07
128,2,5,62,98.4375,0.022592075169086456
128,2,5,63,100.0,0.0024927558843046427
128,2,5,64,100.0,0.0006909821531735361
128,2,5,65,100.0,0.0007358895381912589
128,2,5,66,100.0,3.849453787552193e-05
128,2,5,67,100.0,2.05350988835562e-06
128,2,5,68,100.0,1.704286319181847e-06
128,2,5,69,100.0,1.946416432474507e-06
128,2,5,70,100.0,2.1131163521204144e-06
128,2,5,71,100.0,2.0693487385869958e-06
128,2,5,72,100.0,1.8784382973535685e-06
128,2,5,73,100.0,1.6418923678429564e-06
128,2,5,74,100.0,1.4370081089509767e-06
128,2,5,75,100.0,1.2824134500988293e-06
128,2,5,76,100.0,1.1641391211014707e-06
128,2,5,77,100.0,1.0635590115271043e-06
128,2,5,78,100.0,9.843986390478676e-07
128,2,5,79,100.0,9.164136827166658e-07
128,2,5,80,100.0,8.623979965705075e-07
128,2,5,81,100.0,8.232832442445215e-07
128,2,5,82,100.0,7.869622322687064e-07
128,2,5,83,100.0,7.53435131173319e-07
128,2,5,84,100.0,7.292210852938297e-07
128,2,5,85,100.0,6.994191608100664e-07
128,2,5,86,100.0,6.75205171773996e-07
128,2,5,87,100.0,6.556476250807464e-07
128,2,5,88,100.0,6.295708772086073e-07
128,2,5,89,100.0,6.165325316942472e-07
128,2,5,90,100.0,5.988376301502285e-07
128,2,5,91,100.0,5.857992277924495e-07
128,2,5,92,100.0,5.690355919796275e-07
128,2,5,93,100.0,5.550659238906519e-07
128,2,5,94,100.0,5.410961989582574e-07
128,2,5,95,100.0,5.280577397570596e-07
128,2,5,96,100.0,5.196760071157769e-07
128,2,5,97,100.0,5.122254833622719e-07
128,2,5,98,100.0,5.010497261537239e-07
128,2,5,99,100.0,4.889425895271415e-07
128,2,5,100,100.0,4.833547109228675e-07
128,2,6,1,100.0,3.3527547316225537e-07
128,2,6,2,100.0,2.0675341261267022e-07
128,2,6,3,100.0,1.2479718236590998e-07
128,2,6,4,100.0,7.636843690761452e-08
128,2,6,5,100.0,5.401669866955672e-08
128,2,6,6,100.0,4.470347647611561e-08
128,2,6,7,100.0,3.911554102842274e-08
128,2,6,8,100.0,2.7008351111135198e-08
128,2,6,9,100.0,2.4214383387288763e-08
128,2,6,10,100.0,1.955777229056821e-08
128,2,6,11,100.0,1.862644971595273e-08
128,2,6,12,100.0,1.7695127141337252e-08
128,2,6,13,100.0,1.7695127141337252e-08
128,2,6,14,100.0,1.3969836842875338e-08
128,2,6,15,100.0,1.3969836842875338e-08
128,2,6,16,100.0,1.1175870007207322e-08
128,2,6,17,100.0,1.2107191693644381e-08
128,2,6,18,100.0,1.1175870007207322e-08
128,2,6,19,100.0,6.51925757821914e-09
128,2,6,20,100.0,6.51925757821914e-09
128,2,6,21,100.0,6.51925757821914e-09
128,2,6,22,100.0,6.51925757821914e-09
128,2,6,23,100.0,5.587935003603661e-09
128,2,6,24,100.0,7.450580152834618e-09
128,2,6,25,100.0,7.450580152834618e-09
128,2,6,26,100.0,4.656612428988183e-09
128,2,6,27,100.0,5.587935003603661e-09
128,2,6,28,100.0,6.51925757821914e-09
128,2,6,29,100.0,6.51925757821914e-09
128,2,6,30,100.0,5.587935003603661e-09
128,2,6,31,100.0,3.725290076417309e-09
128,2,6,32,100.0,5.587935003603661e-09
128,2,6,33,100.0,5.587935003603661e-09
128,2,6,34,100.0,3.725290076417309e-09
128,2,6,35,100.0,5.587935003603661e-09
128,2,6,36,100.0,6.51925757821914e-09
128,2,6,37,100.0,4.656612428988183e-09
128,2,6,38,100.0,5.587935003603661e-09
128,2,6,39,100.0,6.51925757821914e-09
128,2,6,40,100.0,7.450580152834618e-09
128,2,6,41,100.0,4.656612428988183e-09
128,2,6,42,100.0,5.587935003603661e-09
128,2,6,43,100.0,5.587935003603661e-09
128,2,6,44,100.0,8.381902283360887e-09
128,2,6,45,100.0,5.587935003603661e-09
128,2,6,46,100.0,8.381902283360887e-09
128,2,6,47,100.0,6.51925757821914e-09
128,2,6,48,100.0,3.725290076417309e-09
128,2,6,49,100.0,4.656612428988183e-09
128,2,6,50,100.0,2.7939675018018306e-09
128,2,6,51,100.0,4.656612428988183e-09
128,2,6,52,100.0,2.7939675018018306e-09
128,2,6,53,100.0,3.725290076417309e-09
128,2,6,54,100.0,4.656612428988183e-09
128,2,6,55,100.0,2.7939675018018306e-09
128,2,6,56,100.0,3.725290076417309e-09
128,2,6,57,100.0,4.656612428988183e-09
128,2,6,58,100.0,6.51925757821914e-09
128,2,6,59,100.0,6.51925757821914e-09
128,2,6,60,100.0,1.1175870007207322e-08
128,2,6,61,100.0,1.5832481992106295e-08
128,2,6,62,100.0,1.303851426825986e-08
128,2,6,63,100.0,1.1175870007207322e-08
128,2,6,64,100.0,1.2107192581822801e-08
128,2,6,65,100.0,6.798645557637428e-08
128,2,6,66,100.0,1.9840672393911518e-05
128,2,6,67,100.0,3.8743397453799844e-05
128,2,6,68,100.0,0.004373401403427124
128,2,6,69,100.0,0.0003227901179343462
128,2,6,70,100.0,0.00021898905106354505
128,2,6,71,100.0,8.611546945758164e-05
128,2,6,72,100.0,1.9878394596162252e-05
128,2,6,73,100.0,1.7960312106879428e-05
128,2,6,74,100.0,1.2090689779142849e-05
128,2,6,75,100.0,6.130506790213985e-06
128,2,6,76,100.0,3.621824362198822e-06
128,2,6,77,100.0,2.8172041766083566e-06
128,2,6,78,100.0,2.5098738660744857e-06
128,2,6,79,100.0,2.331993073312333e-06
128,2,6,80,100.0,2.137352794306935e-06
128,2,6,81,100.0,1.9408523712627357e-06
128,2,6,82,100.0,1.7778759229258867e-06
128,2,6,83,100.0,1.6633262021059636e-06
128,2,6,84,100.0,1.5599516700604e-06
128,2,6,85,100.0,1.469615199312102e-06
128,2,6,86,100.0,1.388591499562608e-06
128,2,6,87,100.0,1.3206060884840554e-06
128,2,6,88,100.0,1.264727416128153e-06
128,2,6,89,100.0,1.2125741477575502e-06
128,2,6,90,100.0,1.163214847110794e-06
128,2,6,91,100.0,1.117580609388824e-06
128,2,6,92,100.0,1.0803282748383936e-06
128,2,6,93,100.0,1.0458697943249717e-06
128,2,6,94,100.0,1.0123425226993277e-06
128,2,6,95,100.0,9.83471863946761e-07
128,2,6,96,100.0,9.536698826195789e-07
128,2,6,97,100.0,9.266618121728243e-07
128,2,6,98,100.0,8.97790982890001e-07
128,2,6,99,100.0,8.698516467120498e-07
128,2,6,100,100.0,8.475001322949538e-07
128,2,7,1,100.0,5.112946723784262e-07
128,2,7,2,100.0,3.1199243721857783e-07
128,2,7,3,100.0,1.6018731230360572e-07
128,2,7,4,100.0,7.171180982368242e-08
128,2,7,5,100.0,3.5390250729960826e-08
128,2,7,6,100.0,2.7939673685750677e-08
128,2,7,7,100.0,1.955777051421137e-08
128,2,7,8,100.0,1.4901159417490817e-08
128,2,7,9,100.0,1.1175870007207322e-08
128,2,7,10,100.0,1.0244547432591844e-08
128,2,7,11,100.0,8.381902283360887e-09
128,2,7,12,100.0,5.587935003603661e-09
128,2,7,13,100.0,5.587935003603661e-09
128,2,7,14,100.0,2.7939675018018306e-09
128,2,7,15,100.0,1.8626450382086546e-09
128,2,7,16,100.0,1.8626450382086546e-09
128,2,7,17,100.0,9.313225191043273e-10
128,2,7,18,100.0,0.0
128,2,7,19,100.0,0.0
128,2,7,20,100.0,0.0
128,2,7,21,100.0,0.0
128,2,7,22,100.0,0.0
128,2,7,23,100.0,0.0
128,2,7,24,100.0,0.0
128,2,7,25,100.0,0.0
128,2,7,26,100.0,0.0
128,2,7,27,100.0,0.0
128,2,7,28,100.0,0.0
128,2,7,29,100.0,0.0
128,2,7,30,100.0,0.0
128,2,7,31,100.0,0.0
128,2,7,32,100.0,9.313225191043273e-10
128,2,7,33,100.0,0.0
128,2,7,34,100.0,0.0
128,2,7,35,100.0,0.0
128,2,7,36,100.0,1.8626450382086546e-09
128,2,7,37,100.0,0.0
128,2,7,38,100.0,9.313225191043273e-10
128,2,7,39,100.0,0.0
128,2,7,40,100.0,9.313225191043273e-10
128,2,7,41,100.0,0.0
128,2,7,42,100.0,9.313225191043273e-10
128,2,7,43,100.0,1.8626450382086546e-09
128,2,7,44,100.0,9.313225191043273e-10
128,2,7,45,100.0,1.8626450382086546e-09
128,2,7,46,100.0,0.0
128,2,7,47,100.0,0.0
128,2,7,48,100.0,0.0
128,2,7,49,100.0,2.7939675018018306e-09
128,2,7,50,100.0,0.0
128,2,7,51,100.0,9.313225191043273e-10
128,2,7,52,100.0,1.8626450382086546e-09
128,2,7,53,100.0,2.7939675018018306e-09
128,2,7,54,100.0,9.313225191043273e-10
128,2,7,55,100.0,1.8626450382086546e-09
128,2,7,56,100.0,0.0
128,2,7,57,100.0,9.313225191043273e-10
128,2,7,58,100.0,1.8626450382086546e-09
128,2,7,59,100.0,9.313225191043273e-10
128,2,7,60,100.0,0.0
128,2,7,61,100.0,1.8626450382086546e-09
128,2,7,62,100.0,2.7939675018018306e-09
128,2,7,63,100.0,1.8626450382086546e-09
128,2,7,64,100.0,0.0
128,2,7,65,100.0,9.313225191043273e-10
128,2,7,66,100.0,1.8626450382086546e-09
128,2,7,67,100.0,0.0
128,2,7,68,100.0,2.7939675018018306e-09
128,2,7,69,100.0,0.0
128,2,7,70,100.0,0.0
128,2,7,71,100.0,0.0
128,2,7,72,100.0,1.8626450382086546e-09
128,2,7,73,100.0,1.8626450382086546e-09
128,2,7,74,100.0,0.0
128,2,7,75,100.0,2.7939675018018306e-09
128,2,7,76,100.0,4.656612428988183e-09
128,2,7,77,100.0,3.725290076417309e-09
128,2,7,78,100.0,4.656612428988183e-09
128,2,7,79,100.0,4.656612428988183e-09
128,2,7,80,100.0,5.587935003603661e-09
128,2,7,81,100.0,8.381902283360887e-09
128,2,7,82,100.0,1.0244547432591844e-08
128,2,7,83,100.0,8.862572940415703e-06
128,2,7,84,99.21875,0.028354261070489883
128,2,7,85,100.0,2.1083122192067094e-05
128,2,7,86,99.21875,0.012117043137550354
128,2,7,87,100.0,0.0009008750203065574
128,2,7,88,100.0,0.0001037695401464589
128,2,7,89,100.0,0.00011695704597514123
128,2,7,90,100.0,5.448835145216435e-05
128,2,7,91,100.0,2.56679741141852e-05
128,2,7,92,100.0,1.5429770428454503e-05
128,2,7,93,100.0,1.0911402569036e-05
128,2,7,94,100.0,8.763639016251545e-06
128,2,7,95,100.0,7.55699602450477e-06
128,2,7,96,100.0,6.7702035266847815e-06
128,2,7,97,100.0,6.063443834136706e-06
128,2,7,98,100.0,5.518692887562793e-06
128,2,7,99,100.0,5.082883944851346e-06
128,2,7,100,100.0,4.72715782962041e-06
128,2,8,1,100.0,1.7070933608920313e-06
128,2,8,2,100.0,5.62515992896806e-07
128,2,8,3,100.0,1.8626434439283912e-07
128,2,8,4,100.0,8.19563723553074e-08
128,2,8,5,100.0,5.122273449842396e-08
128,2,8,6,100.0,3.725289943190546e-08
128,2,8,7,100.0,2.7939673685750677e-08
128,2,8,8,100.0,2.514570596190424e-08
128,2,8,9,100.0,2.2351740014414645e-08
128,2,8,10,100.0,1.955777229056821e-08
128,2,8,11,100.0,1.5832481992106295e-08
128,2,8,12,100.0,1.4901160305669237e-08
128,2,8,13,100.0,1.3969837731053758e-08
128,2,8,14,100.0,1.303851515643828e-08
128,2,8,15,100.0,1.3969837731053758e-08
128,2,8,16,100.0,1.3969837731053758e-08
128,2,8,17,100.0,1.2107192581822801e-08
128,2,8,18,100.0,1.1175870007207322e-08
128,2,8,19,100.0,1.1175870007207322e-08
128,2,8,20,100.0,1.303851515643828e-08
128,2,8,21,100.0,1.1175870007207322e-08
128,2,8,22,100.0,9.313224857976365e-09
128,2,8,23,100.0,8.381902283360887e-09
128,2,8,24,100.0,8.381902283360887e-09
128,2,8,25,100.0,5.587935003603661e-09
128,2,8,26,100.0,5.587935003603661e-09
128,2,8,27,100.0,4.656612428988183e-09
128,2,8,28,100.0,4.656612428988183e-09
128,2,8,29,100.0,4.656612428988183e-09
128,2,8,30,100.0,5.587935003603661e-09
128,2,8,31,100.0,4.656612428988183e-09
128,2,8,32,100.0,5.587935003603661e-09
128,2,8,33,100.0,4.656612428988183e-09
128,2,8,34,100.0,4.656612428988183e-09
128,2,8,35,100.0,3.725290076417309e-09
128,2,8,36,100.0,3.725290076417309e-09
128,2,8,37,100.0,2.7939675018018306e-09
128,2,8,38,100.0,2.7939675018018306e-09
128,2,8,39,100.0,2.7939675018018306e-09
128,2,8,40,100.0,2.7939675018018306e-09
128,2,8,41,100.0,2.7939675018018306e-09
128,2,8,42,100.0,2.7939675018018306e-09
128,2,8,43,100.0,2.7939675018018306e-09
128,2,8,44,100.0,2.7939675018018306e-09
128,2,8,45,100.0,2.7939675018018306e-09
128,2,8,46,100.0,3.725290076417309e-09
128,2,8,47,100.0,3.725290076417309e-09
128,2,8,48,100.0,3.725290076417309e-09
128,2,8,49,100.0,3.725290076417309e-09
128,2,8,50,100.0,3.725290076417309e-09
128,2,8,51,100.0,2.7939675018018306e-09
128,2,8,52,100.0,2.7939675018018306e-09
128,2,8,53,100.0,2.7939675018018306e-09
128,2,8,54,100.0,4.656612428988183e-09
128,2,8,55,100.0,2.7939675018018306e-09
128,2,8,56,100.0,2.7939675018018306e-09
128,2,8,57,100.0,4.656612428988183e-09
128,2,8,58,100.0,2.7939675018018306e-09
128,2,8,59,100.0,3.725290076417309e-09
128,2,8,60,100.0,3.725290076417309e-09
128,2,8,61,100.0,2.7939675018018306e-09
128,2,8,62,100.0,1.8626450382086546e-09
128,2,8,63,100.0,1.8626450382086546e-09
128,2,8,64,100.0,2.7939675018018306e-09
128,2,8,65,100.0,3.725290076417309e-09
128,2,8,66,100.0,2.7939675018018306e-09
128,2,8,67,100.0,1.8626450382086546e-09
128,2,8,68,100.0,1.8626450382086546e-09
128,2,8,69,100.0,2.7939675018018306e-09
128,2,8,70,100.0,2.7939675018018306e-09
128,2,8,71,100.0,2.7939675018018306e-09
128,2,8,72,100.0,2.7939675018018306e-09
128,2,8,73,100.0,2.7939675018018306e-09
128,2,8,74,100.0,2.7939675018018306e-09
128,2,8,75,100.0,2.7939675018018306e-09
128,2,8,76,100.0,1.8626450382086546e-09
128,2,8,77,100.0,3.725290076417309e-09
128,2,8,78,100.0,3.725290076417309e-09
128,2,8,79,100.0,9.313225191043273e-10
128,2,8,80,100.0,1.8626450382086546e-09
128,2,8,81,100.0,9.313225191043273e-10
128,2,8,82,100.0,9.313225191043273e-10
128,2,8,83,100.0,2.7939675018018306e-09
128,2,8,84,100.0,1.8626450382086546e-09
128,2,8,85,100.0,2.7939675018018306e-09
128,2,8,86,100.0,1.8626450382086546e-09
128,2,8,87,100.0,1.8626450382086546e-09
128,2,8,88,100.0,9.313225191043273e-10
128,2,8,89,100.0,9.313225191043273e-10
128,2,8,90,100.0,0.0
128,2,8,91,100.0,0.0
128,2,8,92,100.0,9.313225191043273e-10
128,2,8,93,100.0,0.0
128,2,8,94,100.0,4.656612428988183e-09
128,2,8,95,100.0,9.313225191043273e-10
128,2,8,96,100.0,1.8626450382086546e-09
128,2,8,97,100.0,2.7939675018018306e-09
128,2,8,98,100.0,0.0
128,2,8,99,100.0,1.8626450382086546e-09
128,2,8,100,100.0,2.7939675018018306e-09
512,0,1,1,16.015625,2.2679591178894043
512,0,1,2,19.3359375,2.2155227661132812
512,0,1,3,22.8515625,2.143934965133667
512,0,1,4,28.90625,2.0468571186065674
512,0,1,5,35.3515625,1.9320971965789795
512,0,1,6,40.234375,1.8092575073242188
512,0,1,7,43.1640625,1.6869914531707764
512,0,1,8,48.046875,1.5649402141571045
512,0,1,9,50.9765625,1.4608769416809082
512,0,1,10,54.8828125,1.3475512266159058
512,0,1,11,57.8125,1.2323474884033203
512,0,1,12,59.9609375,1.1498981714248657
512,0,1,13,65.0390625,1.0624473094940186
512,0,1,14,67.1875,0.9828379154205322
512,0,1,15,69.53125,0.930022120475769
512,0,1,16,72.4609375,0.8677457571029663
512,0,1,17,75.0,0.7904211282730103
512,0,1,18,76.7578125,0.7447662949562073
512,0,1,19,79.4921875,0.6833551526069641
512,0,1,20,82.6171875,0.6197323799133301
512,0,1,21,83.59375,0.5781291127204895
512,0,1,22,86.71875,0.5298124551773071
512,0,1,23,86.328125,0.4921017289161682
512,0,1,24,88.28125,0.46020424365997314
512,0,1,25,89.84375,0.4139344394207001
512,0,1,26,91.9921875,0.37754225730895996
512,0,1,27,91.796875,0.3509140610694885
512,0,1,28,92.96875,0.31970590353012085
512,0,1,29,94.140625,0.28679603338241577
512,0,1,30,94.7265625,0.260779470205307
512,0,1,31,96.875,0.23505759239196777
512,0,1,32,97.4609375,0.2136315405368805
512,0,1,33,97.265625,0.1949748545885086
512,0,1,34,97.8515625,0.18050065636634827
512,0,1,35,97.65625,0.16653913259506226
512,0,1,36,97.8515625,0.14974220097064972
512,0,1,37,98.6328125,0.13487601280212402
512,0,1,38,98.828125,0.12141582369804382
512,0,1,39,98.828125,0.11266855895519257
512,0,1,40,99.21875,0.10377160459756851
512,0,1,41,99.4140625,0.09354214370250702
512,0,1,42,99.4140625,0.08475832641124725
512,0,1,43,99.21875,0.08189885318279266
512,0,1,44,99.609375,0.07116415351629257
512,0,1,45,99.609375,0.06651760637760162
512,0,1,46,99.8046875,0.06040394678711891
512,0,1,47,99.8046875,0.0558680035173893
512,0,1,48,99.8046875,0.0516064390540123
512,0,1,49,99.609375,0.0495697557926178
512,0,1,50,99.8046875,0.04427012801170349
512,0,1,51,99.8046875,0.04246477782726288
512,0,1,52,99.8046875,0.038847342133522034
512,0,1,53,99.8046875,0.03687469661235809
512,0,1,54,99.8046875,0.03357304632663727
512,0,1,55,99.8046875,0.031538404524326324
512,0,1,56,99.8046875,0.0297650545835495
512,0,1,57,99.8046875,0.02809041552245617
512,0,1,58,99.8046875,0.026585467159748077
512,0,1,59,99.8046875,0.02526257187128067
512,0,1,60,99.8046875,0.023884432390332222
512,0,1,61,99.8046875,0.02266484498977661
512,0,1,62,99.8046875,0.021919339895248413
512,0,1,63,99.8046875,0.020749755203723907
512,0,1,64,99.8046875,0.019946400076150894
512,0,1,65,99.8046875,0.01904391497373581
512,0,1,66,99.8046875,0.018441449850797653
512,0,1,67,99.8046875,0.017575927078723907
512,0,1,68,99.8046875,0.016750389710068703
512,0,1,69,100.0,0.016034450381994247
512,0,1,70,99.8046875,0.015453236177563667
512,0,1,71,100.0,0.014906605705618858
512,0,1,72,100.0,0.014279278926551342
512,0,1,73,100.0,0.013785897754132748
512,0,1,74,100.0,0.01328824833035469
512,0,1,75,100.0,0.012813761830329895
512,0,1,76,100.0,0.012263787910342216
512,0,1,77,100.0,0.01177651435136795
512,0,1,78,100.0,0.011442119255661964
512,0,1,79,100.0,0.010969314724206924
512,0,1,80,100.0,0.010650658048689365
512,0,1,81,100.0,0.010399282909929752
512,0,1,82,100.0,0.010093513876199722
512,0,1,83,100.0,0.009713039733469486
512,0,1,84,100.0,0.009466463699936867
512,0,1,85,99.8046875,0.009529439732432365
512,0,1,86,99.8046875,0.009133953601121902
512,0,1,87,100.0,0.008671993389725685
512,0,1,88,99.8046875,0.008592215366661549
512,0,1,89,100.0,0.00807180441915989
512,0,1,90,100.0,0.008081529289484024
512,0,1,91,100.0,0.007726434618234634
512,0,1,92,100.0,0.0073628597892820835
512,0,1,93,100.0,0.007167452946305275
512,0,1,94,100.0,0.0069091529585421085
512,0,1,95,100.0,0.006701317615807056
512,0,1,96,100.0,0.006469407118856907
512,0,1,97,100.0,0.006325095891952515
512,0,1,98,100.0,0.006324950139969587
512,0,1,99,100.0,0.005757646169513464
512,0,1,100,100.0,0.005607290659099817
512,0,2,1,100.0,0.005339775234460831
512,0,2,2,100.0,0.0048667388036847115
512,0,2,3,100.0,0.004426132421940565
512,0,2,4,100.0,0.00398442056030035
512,0,2,5,100.0,0.0035057980567216873
512,0,2,6,100.0,0.0030487673357129097
512,0,2,7,100.0,0.002596694976091385
512,0,2,8,100.0,0.0021861435379832983
512,0,2,9,100.0,0.00185915338806808
512,0,2,10,100.0,0.0015370663022622466
512,0,2,11,100.0,0.001299882773309946
512,0,2,12,100.0,0.0010816436260938644
512,0,2,13,100.0,0.000924584805034101
512,0,2,14,100.0,0.0007932698354125023
512,0,2,15,100.0,0.0006780247204005718
512,0,2,16,100.0,0.0005753462901338935
512,0,2,17,100.0,0.0005021768156439066
512,0,2,18,100.0,0.00044697034172713757
512,0,2,19,100.0,0.0003950606333091855
512,0,2,20,100.0,0.000354662595782429
512,0,2,21,100.0,0.00031466607470065355
512,0,2,22,100.0,0.00028567880508489907
512,0,2,23,100.0,0.0002590412041172385
512,0,2,24,100.0,0.00023173553927335888
512,0,2,25,100.0,0.00021138621377758682
512,0,2,26,100.0,0.0001907290716189891
512,0,2,27,100.0,0.00017404681420885026
512,0,2,28,100.0,0.00015921544400043786
512,0,2,29,100.0,0.00014840596122667193
512,0,2,30,100.0,0.00013704555749427527
512,0,2,31,100.0,0.0001258562260773033
512,0,2,32,100.0,0.00011785970127675682
512,0,2,33,100.0,0.00011066310980822891
512,0,2,34,100.0,0.00010316545376554132
512,0,2,35,100.0,9.652246808400378e-05
512,0,2,36,100.0,9.082628093892708e-05
512,0,2,37,100.0,8.602605521446094e-05
512,0,2,38,100.0,8.115217497106642e-05
512,0,2,39,100.0,7.716353866271675e-05
512,0,2,40,100.0,7.369928061962128e-05
512,0,2,41,100.0,6.947110523469746e-05
512,0,2,42,100.0,6.544860661961138e-05
512,0,2,43,100.0,6.252362800296396e-05
512,0,2,44,100.0,5.921188130741939e-05
512,0,2,45,100.0,5.673505802405998e-05
512,0,2,46,100.0,5.429024531622417e-05
512,0,2,47,100.0,5.143836824572645e-05
512,0,2,48,100.0,4.9137917812913656e-05
512,0,2,49,100.0,4.700331555795856e-05
512,0,2,50,100.0,4.491405707085505e-05
512,0,2,51,100.0,4.30845539085567e-05
512,0,2,52,100.0,4.13958405260928e-05
512,0,2,53,100.0,3.970626130467281e-05
512,0,2,54,100.0,3.8238245906541124e-05
512,0,2,55,100.0,3.6853060009889305e-05
512,0,2,56,100.0,3.5363100323593244e-05
512,0,2,57,100.0,3.401398498681374e-05
512,0,2,58,100.0,3.278475924162194e-05
512,0,2,59,100.0,3.1647949072066694e-05
512,0,2,60,100.0,3.0627074011135846e-05
512,0,2,61,100.0,2.9469541914295405e-05
512,0,2,62,100.0,2.845473136403598e-05
512,0,2,63,100.0,2.7581465474213473e-05
512,0,2,64,100.0,2.6709807571023703e-05
512,0,2,65,100.0,2.5931285563274287e-05
512,0,2,66,100.0,2.51765304710716e-05
512,0,2,67,100.0,2.4350982130272314e-05
512,0,2,68,100.0,2.362343730055727e-05
512,0,2,69,100.0,2.2947338948142715e-05
512,0,2,70,100.0,2.234644489362836e-05
512,0,2,71,100.0,2.169061372114811e-05
512,0,2,72,100.0,2.1031060896348208e-05
512,0,2,73,100.0,2.047021916951053e-05
512,0,2,74,100.0,1.9904477085219696e-05
512,0,2,75,100.0,1.9388326109037735e-05
512,0,2,76,100.0,1.8870083295041695e-05
512,0,2,77,100.0,1.8363940398558043e-05
512,0,2,78,100.0,1.787758810678497e-05
512,0,2,79,100.0,1.7439651855966076e-05
512,0,2,80,100.0,1.701196379144676e-05
512,0,2,81,100.0,1.655191954341717e-05
512,0,2,82,100.0,1.6141924788826145e-05
512,0,2,83,100.0,1.574450288899243e-05
512,0,2,84,100.0,1.5374789654742926e-05
512,0,2,85,100.0,1.5010433344286866e-05
512,0,2,86,100.0,1.464071829104796e-05
512,0,2,87,100.0,1.4281478797784075e-05
512,0,2,88,100.0,1.3970897271065041e-05
512,0,2,89,100.0,1.364937452308368e-05
512,0,2,90,100.0,1.3341817975742742e-05
512,0,2,91,100.0,1.3062664947938174e-05
512,0,2,92,100.0,1.278281615668675e-05
512,0,2,93,100.0,1.2504364349297248e-05
512,0,2,94,100.0,1.2241507647559047e-05
512,0,2,95,100.0,1.1993784937658347e-05
512,0,2,96,100.0,1.1739778528863098e-05
512,0,2,97,100.0,1.1505097063491121e-05
512,0,2,98,100.0,1.1306267879263032e-05
512,0,2,99,100.0,1.1094398360000923e-05
512,0,2,100,100.0,1.0865767762879841e-05
512,0,3,1,100.0,1.0574725820333697e-05
512,0,3,2,100.0,9.904701983032282e-06
512,0,3,3,100.0,9.17970737646101e-06
512,0,3,4,100.0,8.385317414649762e-06
512,0,3,5,100.0,7.642837772436906e-06
512,0,3,6,100.0,6.871018285892205e-06
512,0,3,7,100.0,6.298493644862901e-06
512,0,3,8,100.0,5.667530786013231e-06
512,0,3,9,100.0,5.1010592869715765e-06
512,0,3,10,100.0,4.562061803881079e-06
512,0,3,11,100.0,4.047743914270541e-06
512,0,3,12,100.0,3.638430371211143e-06
512,0,3,13,100.0,3.2083949008665513e-06
512,0,3,14,100.0,2.793260591715807e-06
512,0,3,15,100.0,2.4512344225513516e-06
512,0,3,16,100.0,2.2088588593760505e-06
512,0,3,17,100.0,1.94157018995611e-06
512,0,3,18,100.0,1.6707894019418745e-06
512,0,3,19,100.0,1.4610099015044398e-06
512,0,3,20,100.0,1.2903454944535042e-06
512,0,3,21,100.0,1.133185264734493e-06
512,0,3,22,100.0,1.0272475492456579e-06
512,0,3,23,100.0,9.215426644004765e-07
512,0,3,24,100.0,8.316702633237583e-07
512,0,3,25,100.0,7.473856840078952e-07
512,0,3,26,100.0,6.873154347886157e-07
512,0,3,27,100.0,6.179320166666002e-07
512,0,3,28,100.0,5.646139129567018e-07
512,0,3,29,100.0,5.187463330003084e-07
512,0,3,30,100.0,4.824248094337236e-07
512,0,3,31,100.0,4.435421487869462e-07
512,0,3,32,100.0,4.0815191937326745e-07
512,0,3,33,100.0,3.8230774634939735e-07
512,0,3,34,100.0,3.5483375881995016e-07
512,0,3,35,100.0,3.3108503316725546e-07
512,0,3,36,100.0,3.0989747301646275e-07
512,0,3,37,100.0,2.8614874736376805e-07
512,0,3,38,100.0,2.700834613733605e-07
512,0,3,39,100.0,2.5634645339778217e-07
512,0,3,40,100.0,2.4074682869468234e-07
512,0,3,41,100.0,2.2514717556987307e-07
512,0,3,42,100.0,2.125743208125641e-07
512,0,3,43,100.0,2.0395958699737093e-07
512,0,3,44,100.0,1.9255088545833132e-07
512,0,3,45,100.0,1.8416898228679202e-07
512,0,3,46,100.0,1.7555424847159884e-07
512,0,3,47,100.0,1.669395430781151e-07
512,0,3,48,100.0,1.6042028505580674e-07
512,0,3,49,100.0,1.5436668832080613e-07
512,0,3,50,100.0,1.4575195450561296e-07
512,0,3,51,100.0,1.4272515613811265e-07
512,0,3,52,100.0,1.3597306747215043e-07
512,0,3,53,100.0,1.3131645459907304e-07
512,0,3,54,100.0,1.2433153528945695e-07
512,0,3,55,100.0,1.1897643048541795e-07
512,0,3,56,100.0,1.1641529340522538e-07
512,0,3,57,100.0,1.1385416343046018e-07
512,0,3,58,100.0,1.0943038830646401e-07
512,0,3,59,100.0,1.0407528350242501e-07
512,0,3,60,100.0,1.0058282384761696e-07
512,0,3,61,100.0,9.732319483646279e-08
512,0,3,62,100.0,9.220092067607766e-08
512,0,3,63,100.0,8.987261423953896e-08
512,0,3,64,100.0,8.591449329742318e-08
512,0,3,65,100.0,8.451750943549996e-08
512,0,3,66,100.0,8.172354171165352e-08
512,0,3,67,100.0,7.916240463146096e-08
512,0,3,68,100.0,7.636843690761452e-08
512,0,3,69,100.0,7.217748532184487e-08
512,0,3,70,100.0,6.798653373607522e-08
512,0,3,71,100.0,7.217748532184487e-08
512,0,3,72,100.0,6.635671923049813e-08
512,0,3,73,100.0,6.635671923049813e-08
512,0,3,74,100.0,6.635671923049813e-08
512,0,3,75,100.0,6.1234445070113e-08
512,0,3,76,100.0,5.913896927722817e-08
512,0,3,77,100.0,5.727632768071089e-08
512,0,3,78,100.0,5.4016702222270396e-08
512,0,3,79,100.0,4.9360089349193004e-08
512,0,3,80,100.0,4.9360089349193004e-08
512,0,3,81,100.0,5.005858128015461e-08
512,0,3,82,100.0,4.726461355630818e-08
512,0,3,83,100.0,4.516913776342335e-08
512,0,3,84,100.0,4.2840831326884654e-08
512,0,3,85,100.0,4.121101682130757e-08
512,0,3,86,100.0,3.981403295938435e-08
512,0,3,87,100.0,4.074535553399983e-08
512,0,3,88,100.0,4.027969424669209e-08
512,0,3,89,100.0,3.841704909746113e-08
512,0,3,90,100.0,3.6088746213636114e-08
512,0,3,91,100.0,3.5623084926328374e-08
512,0,3,92,100.0,3.5623084926328374e-08
512,0,3,93,100.0,3.5623084926328374e-08
512,0,3,94,100.0,3.4226101064405157e-08
512,0,3,95,100.0,3.026798012228937e-08
512,0,3,96,100.0,3.166496043149891e-08
512,0,3,97,100.0,3.166496398421259e-08
512,0,3,98,100.0,3.0035149478635503e-08
512,0,3,99,100.0,2.7939673685750677e-08
512,0,3,100,100.0,2.7474012398442937e-08
512,0,4,1,100.0,3.6787234591884044e-08
512,0,4,2,100.0,3.469175879899922e-08
512,0,4,3,100.0,3.259628300611439e-08
512,0,4,4,100.0,3.213062171880665e-08
512,0,4,5,100.0,3.213062527152033e-08
512,0,4,6,100.0,3.050081076594324e-08
512,0,4,7,100.0,2.9336657547673894e-08
512,0,4,8,100.0,2.8638165616712286e-08
512,0,4,9,100.0,2.7939673685750677e-08
512,0,4,10,100.0,2.8172504329404546e-08
512,0,4,11,100.0,2.7241181754789068e-08
512,0,4,12,100.0,2.7474012398442937e-08
512,0,4,13,100.0,2.7939673685750677e-08
512,0,4,14,100.0,2.7706843042096807e-08
512,0,4,15,100.0,2.7241181754789068e-08
512,0,4,16,100.0,2.7241181754789068e-08
512,0,4,17,100.0,2.7008351111135198e-08
512,0,4,18,100.0,2.607702853651972e-08
512,0,4,19,100.0,2.537853660555811e-08
512,0,4,20,100.0,2.491287531825037e-08
512,0,4,21,100.0,2.514570596190424e-08
512,0,4,22,100.0,2.491287531825037e-08
512,0,4,23,100.0,2.491287531825037e-08
512,0,4,24,100.0,2.4680044674596502e-08
512,0,4,25,100.0,2.4214383387288763e-08
512,0,4,26,100.0,2.491287531825037e-08
512,0,4,27,100.0,2.4447214030942632e-08
512,0,4,28,100.0,2.491287531825037e-08
512,0,4,29,100.0,2.584419789286585e-08
512,0,4,30,100.0,2.561136724921198e-08
512,0,4,31,100.0,2.3748722099981023e-08
512,0,4,32,100.0,2.3515891456327154e-08
512,0,4,33,100.0,2.3748722099981023e-08
512,0,4,34,100.0,2.4447214030942632e-08
512,0,4,35,100.0,2.4214383387288763e-08
512,0,4,36,100.0,2.4680044674596502e-08
512,0,4,37,100.0,2.3283060812673284e-08
512,0,4,38,100.0,2.3981552743634893e-08
512,0,4,39,100.0,2.3748722099981023e-08
512,0,4,40,100.0,2.2817399525365545e-08
512,0,4,41,100.0,2.3050230169019414e-08
512,0,4,42,100.0,2.2118907594403936e-08
512,0,4,43,100.0,2.1420415663442327e-08
512,0,4,44,100.0,2.2817399525365545e-08
512,0,4,45,100.0,2.3050231945376254e-08
512,0,4,46,100.0,2.4447214030942632e-08
512,0,4,47,100.0,2.3748722099981023e-08
512,0,4,48,100.0,2.3748722099981023e-08
512,0,4,49,100.0,2.2584568881711675e-08
512,0,4,50,100.0,2.3283060812673284e-08
512,0,4,51,100.0,2.4447214030942632e-08
512,0,4,52,100.0,2.4214383387288763e-08
512,0,4,53,100.0,2.607702853651972e-08
512,0,4,54,100.0,2.4680044674596502e-08
512,0,4,55,100.0,2.677552046748133e-08
512,0,4,56,100.0,2.584419789286585e-08
512,0,4,57,100.0,2.7241181754789068e-08
512,0,4,58,100.0,2.584419789286585e-08
512,0,4,59,100.0,2.2584568881711675e-08
512,0,4,60,100.0,2.9802318834981634e-08
512,0,4,61,100.0,4.2142339395923045e-08
512,0,4,62,100.0,3.8649879741115e-08
512,0,4,63,100.0,8.335331358466647e-08
512,0,4,64,100.0,1.1967479451868712e-07
512,0,4,65,100.0,1.2900846741104033e-05
512,0,4,66,100.0,0.0003679069341160357
512,0,4,67,100.0,1.1086792255809996e-05
512,0,4,68,99.8046875,0.0036666409578174353
512,0,4,69,99.8046875,0.0033972514793276787
512,0,4,70,99.609375,0.015210127457976341
512,0,4,71,100.0,6.010688593960367e-06
512,0,4,72,100.0,3.89019896829268e-06
512,0,4,73,100.0,2.5590647965145763e-06
512,0,4,74,100.0,2.770354967651656e-06
512,0,4,75,100.0,3.4584022614581045e-06
512,0,4,76,100.0,3.8096857224445557e-06
512,0,4,77,100.0,3.6896772144245915e-06
512,0,4,78,100.0,3.477658538031392e-06
512,0,4,79,100.0,3.218101028323872e-06
512,0,4,80,100.0,2.9904176699346863e-06
512,0,4,81,100.0,2.8188353553559864e-06
512,0,4,82,100.0,2.664253315742826e-06
512,0,4,83,100.0,2.5248095880670007e-06
512,0,4,84,100.0,2.3865318325988483e-06
512,0,4,85,100.0,2.264316435685032e-06
512,0,4,86,100.0,2.1602586457447615e-06
512,0,4,87,100.0,2.0641150513256434e-06
512,0,4,88,100.0,1.985896687983768e-06
512,0,4,89,100.0,1.9204808268113993e-06
512,0,4,90,100.0,1.8515729607315734e-06
512,0,4,91,100.0,1.7845269439931144e-06
512,0,4,92,100.0,1.7305173969361931e-06
512,0,4,93,100.0,1.6802326854303828e-06
512,0,4,94,100.0,1.6283186141663464e-06
512,0,4,95,100.0,1.5757057099108351e-06
512,0,4,96,100.0,1.5282143976946827e-06
512,0,4,97,100.0,1.4932938938727602e-06
512,0,4,98,100.0,1.4613997336709872e-06
512,0,4,99,100.0,1.4271773807195132e-06
512,0,4,100,100.0,1.395981598761864e-06
512,0,5,1,100.0,6.055850576558441e-07
512,0,5,2,100.0,2.4423871991530177e-07
512,0,5,3,100.0,1.068692085937073e-07
512,0,5,4,100.0,6.589105794319039e-08
512,0,5,5,100.0,5.983746120818978e-08
512,0,5,6,100.0,5.797481605895882e-08
512,0,5,7,100.0,5.378386802590285e-08
512,0,5,8,100.0,4.679895226900044e-08
512,0,5,9,100.0,4.1909508752269176e-08
512,0,5,10,100.0,3.8649879741115e-08
512,0,5,11,100.0,3.6554403948230174e-08
512,0,5,12,100.0,3.376043622438374e-08
512,0,5,13,100.0,3.282911364976826e-08
512,0,5,14,100.0,3.09664685005373e-08
512,0,5,15,100.0,2.9802318834981634e-08
512,0,5,16,100.0,2.9569486414970925e-08
512,0,5,17,100.0,2.9103825127663185e-08
512,0,5,18,100.0,2.9336655771317055e-08
512,0,5,19,100.0,2.7474012398442937e-08
512,0,5,20,100.0,2.677552046748133e-08
512,0,5,21,100.0,2.654268982382746e-08
512,0,5,22,100.0,2.607702853651972e-08
512,0,5,23,100.0,2.514570596190424e-08
512,0,5,24,100.0,2.3981552743634893e-08
512,0,5,25,100.0,2.3981552743634893e-08
512,0,5,26,100.0,2.4447214030942632e-08
512,0,5,27,100.0,2.4214383387288763e-08
512,0,5,28,100.0,2.3748722099981023e-08
512,0,5,29,100.0,2.3515891456327154e-08
512,0,5,30,100.0,2.3515891456327154e-08
512,0,5,31,100.0,2.3515891456327154e-08
512,0,5,32,100.0,2.3050230169019414e-08
512,0,5,33,100.0,2.2351738238057806e-08
512,0,5,34,100.0,2.2584568881711675e-08
512,0,5,35,100.0,2.0954754376134588e-08
512,0,5,36,100.0,2.048909308882685e-08
512,0,5,37,100.0,2.0721925508837558e-08
512,0,5,38,100.0,2.0954754376134588e-08
512,0,5,39,100.0,2.002343357787595e-08
512,0,5,40,100.0,2.1653248083453036e-08
512,0,5,41,100.0,2.1420417439799166e-08
512,0,5,42,100.0,2.1653248083453036e-08
512,0,5,43,100.0,2.1653248083453036e-08
512,0,5,44,100.0,2.0954754376134588e-08
512,0,5,45,100.0,2.025626244517298e-08
512,0,5,46,100.0,2.0721923732480718e-08
512,0,5,47,100.0,2.0954756152491427e-08
512,0,5,48,100.0,2.0256264221529818e-08
512,0,5,49,100.0,1.979060293422208e-08
512,0,5,50,100.0,1.979060293422208e-08
512,0,5,51,100.0,1.88592803596066e-08
512,0,5,52,100.0,1.839361907229886e-08
512,0,5,53,100.0,2.002343357787595e-08
512,0,5,54,100.0,2.2351738238057806e-08
512,0,5,55,100.0,2.048909308882685e-08
512,0,5,56,100.0,2.1187586796145297e-08
512,0,5,57,100.0,2.0721923732480718e-08
512,0,5,58,100.0,1.955777229056821e-08
512,0,5,59,100.0,1.932494164691434e-08
512,0,5,60,100.0,2.2351738238057806e-08
512,0,5,61,100.0,1.955777051421137e-08
512,0,5,62,100.0,1.955777229056821e-08
512,0,5,63,100.0,2.1886076950750066e-08
512,0,5,64,100.0,2.8172504329404546e-08
512,0,5,65,100.0,2.3283060812673284e-08
512,0,5,66,100.0,2.514570596190424e-08
512,0,5,67,100.0,2.7241181754789068e-08
512,0,5,68,100.0,2.8172504329404546e-08
512,0,5,69,100.0,3.050081076594324e-08
512,0,5,70,100.0,2.8172504329404546e-08
512,0,5,71,100.0,3.282911720248194e-08
512,0,5,72,100.0,3.5157420086306956e-08
512,0,5,73,100.0,3.8649879741115e-08
512,0,5,74,100.0,7.962805170791398e-08
512,0,5,75,100.0,1.4668307812826242e-07
512,0,5,76,100.0,3.37888122885488e-05
512,0,5,77,100.0,1.0925379683612846e-05
512,0,5,78,99.609375,0.00963359884917736
512,0,5,79,100.0,0.0003917478898074478
512,0,5,80,99.8046875,0.0035548661835491657
512,0,5,81,100.0,0.0001617852976778522
512,0,5,82,100.0,5.256964868749492e-05
512,0,5,83,100.0,4.741014708997682e-05
512,0,5,84,100.0,2.531690915930085e-05
512,0,5,85,100.0,1.7259926607948728e-05
512,0,5,86,100.0,1.0614516213536263e-05
512,0,5,87,100.0,3.2656369057804113e-06
512,0,5,88,100.0,2.0160991880402435e-06
512,0,5,89,100.0,1.3819840205542278e-06
512,0,5,90,100.0,1.0323279866497614e-06
512,0,5,91,100.0,9.010279882204486e-07
512,0,5,92,100.0,8.07205879027606e-07
512,0,5,93,100.0,7.455104196196771e-07
512,0,5,94,100.0,6.994130785642483e-07
512,0,5,95,100.0,6.686811957479222e-07
512,0,5,96,100.0,6.486588972620666e-07
512,0,5,97,100.0,6.272395012274501e-07
512,0,5,98,100.0,6.13736006016552e-07
512,0,5,99,100.0,6.05121613261872e-07
512,0,5,100,100.0,5.979042043691152e-07
512,0,6,1,100.0,5.227018959885754e-07
512,0,6,2,100.0,4.747393518300669e-07
512,0,6,3,100.0,4.2142178813264763e-07
512,0,6,4,100.0,3.566955228961888e-07
512,0,6,5,100.0,2.9662572842426016e-07
512,0,6,6,100.0,2.435406258882722e-07
512,0,6,7,100.0,2.0069987272108847e-07
512,0,6,8,100.0,1.6740514752200397e-07
512,0,6,9,100.0,1.4645041801486514e-07
512,0,6,10,100.0,1.2922095038447878e-07
512,0,6,11,100.0,1.1548396372518255e-07
512,0,6,12,100.0,1.0663640637176286e-07
512,0,6,13,100.0,9.662468869464647e-08
512,0,6,14,100.0,9.033826842141934e-08
512,0,6,15,100.0,8.475033297372647e-08
512,0,6,16,100.0,8.195636524988004e-08
512,0,6,17,100.0,7.68340910894949e-08
512,0,6,18,100.0,7.334163854011422e-08
512,0,6,19,100.0,6.868502566703683e-08
512,0,6,20,100.0,6.542539665588265e-08
512,0,6,21,100.0,6.100161442645913e-08
512,0,6,22,100.0,5.867331154263411e-08
512,0,6,23,100.0,5.5413686084193614e-08
512,0,6,24,100.0,5.238688771669331e-08
512,0,6,25,100.0,4.982575063650074e-08
512,0,6,26,100.0,4.749744419996205e-08
512,0,6,27,100.0,4.470347647611561e-08
512,0,6,28,100.0,4.1443847464961436e-08
512,0,6,29,100.0,4.09781861776537e-08
512,0,6,30,100.0,3.934837167207661e-08
512,0,6,31,100.0,3.725289587919178e-08
512,0,6,32,100.0,3.492458944265309e-08
512,0,6,33,100.0,3.352760558072987e-08
512,0,6,34,100.0,3.306194784613581e-08
512,0,6,35,100.0,3.026798012228937e-08
512,0,6,36,100.0,2.9103826904020025e-08
512,0,6,37,100.0,2.8172504329404546e-08
512,0,6,38,100.0,2.8638165616712286e-08
512,0,6,39,100.0,2.607702853651972e-08
512,0,6,40,100.0,2.537853660555811e-08
512,0,6,41,100.0,2.3748722099981023e-08
512,0,6,42,100.0,2.2817399525365545e-08
512,0,6,43,100.0,2.1653248083453036e-08
512,0,6,44,100.0,2.1187586796145297e-08
512,0,6,45,100.0,2.0721925508837558e-08
512,0,6,46,100.0,2.1187585019788457e-08
512,0,6,47,100.0,2.0256264221529818e-08
512,0,6,48,100.0,2.0954754376134588e-08
512,0,6,49,100.0,2.0721923732480718e-08
512,0,6,50,100.0,2.002343180151911e-08
512,0,6,51,100.0,1.955777229056821e-08
512,0,6,52,100.0,2.2817399525365545e-08
512,0,6,53,100.0,2.1187585019788457e-08
512,0,6,54,100.0,2.2351738238057806e-08
512,0,6,55,100.0,1.909210922690363e-08
512,0,6,56,100.0,1.6763804566721774e-08
512,0,6,57,100.0,1.7927957784991122e-08
512,0,6,58,100.0,2.048909308882685e-08
512,0,6,59,100.0,1.7927957784991122e-08
512,0,6,60,100.0,2.1420415663442327e-08
512,0,6,61,100.0,2.0256264221529818e-08
512,0,6,62,100.0,2.1653246307096197e-08
512,0,6,63,100.0,2.1187585019788457e-08
512,0,6,64,100.0,2.4680044674596502e-08
512,0,6,65,100.0,2.2817399525365545e-08
512,0,6,66,100.0,2.3981552743634893e-08
512,0,6,67,100.0,2.654268982382746e-08
512,0,6,68,100.0,2.9103825127663185e-08
512,0,6,69,100.0,3.492458944265309e-08
512,0,6,70,100.0,3.958120231573048e-08
512,0,6,71,100.0,6.170010635742074e-08
512,0,6,72,100.0,1.0244544057513849e-07
512,0,6,73,100.0,0.0002789947611745447
512,0,6,74,99.21875,0.014393709599971771
512,0,6,75,99.21875,0.014471142552793026
512,0,6,76,99.609375,0.006294868886470795
512,0,6,77,100.0,0.001382250338792801
512,0,6,78,100.0,0.0004572275502141565
512,0,6,79,100.0,0.0001283162273466587
512,0,6,80,100.0,2.654684976732824e-05
512,0,6,81,100.0,9.761731780599803e-05
512,0,6,82,100.0,2.3887274437583983e-05
512,0,6,83,100.0,1.573637746332679e-05
512,0,6,84,100.0,1.3613846931548323e-05
512,0,6,85,100.0,7.899445336079225e-06
512,0,6,86,100.0,4.386485670693219e-06
512,0,6,87,100.0,3.1407048481923994e-06
512,0,6,88,100.0,2.5580147848813795e-06
512,0,6,89,100.0,2.2285914837993914e-06
512,0,6,90,100.0,2.0167312868579756e-06
512,0,6,91,100.0,1.8654002360563027e-06
512,0,6,92,100.0,1.7501550928500365e-06
512,0,6,93,100.0,1.6623819192318479e-06
512,0,6,94,100.0,1.5890429949649842e-06
512,0,6,95,100.0,1.5240857464959845e-06
512,0,6,96,100.0,1.4686740996694425e-06
512,0,6,97,100.0,1.4165218544803793e-06
512,0,6,98,100.0,1.3727511714023422e-06
512,0,6,99,100.0,1.3292130915942835e-06
512,0,6,100,100.0,1.2887019238405628e-06
512,0,7,1,100.0,7.071014351822669e-07
512,0,7,2,100.0,4.868464884566492e-07
512,0,7,3,100.0,3.511075874484959e-07
512,0,7,4,100.0,2.7567085680857417e-07
512,0,7,5,100.0,2.3678830984863453e-07
512,0,7,6,100.0,2.1047856080258498e-07
512,0,7,7,100.0,1.8556576719674922e-07
512,0,7,8,100.0,1.662408806168969e-07
512,0,7,9,100.0,1.513397762664681e-07
512,0,7,10,100.0,1.4062959508009953e-07
512,0,7,11,100.0,1.2945376681727794e-07
512,0,7,12,100.0,1.1944206335101626e-07
512,0,7,13,100.0,1.0803337602283136e-07
512,0,7,14,100.0,9.918582577483903e-08
512,0,7,15,100.0,9.359789032714616e-08
512,0,7,16,100.0,8.68458087666113e-08
512,0,7,17,100.0,8.2654864286269e-08
512,0,7,18,100.0,7.613560626396065e-08
512,0,7,19,100.0,7.171182403453713e-08
512,0,7,20,100.0,6.519256601222878e-08
512,0,7,21,100.0,6.286425957569008e-08
512,0,7,22,100.0,6.030312249549752e-08
512,0,7,23,100.0,5.820765025532637e-08
512,0,7,24,100.0,5.657783930246296e-08
512,0,7,25,100.0,5.308537964765492e-08
512,0,7,26,100.0,5.098990385477009e-08
512,0,7,27,100.0,4.982575063650074e-08
512,0,7,28,100.0,4.8195936130923656e-08
512,0,7,29,100.0,4.656612162534657e-08
512,0,7,30,100.0,4.516913776342335e-08
512,0,7,31,100.0,4.3073661970538524e-08
512,0,7,32,100.0,4.1443847464961436e-08
512,0,7,33,100.0,3.934837167207661e-08
512,0,7,34,100.0,3.818421845380726e-08
512,0,7,35,100.0,3.8649879741115e-08
512,0,7,36,100.0,3.795138781015339e-08
512,0,7,37,100.0,3.6787234591884044e-08
512,0,7,38,100.0,3.6787234591884044e-08
512,0,7,39,100.0,3.5623081373614696e-08
512,0,7,40,100.0,3.352760558072987e-08
512,0,7,41,100.0,3.189779107515278e-08
512,0,7,42,100.0,2.9336657547673894e-08
512,0,7,43,100.0,2.8405334973058416e-08
512,0,7,44,100.0,2.7241181754789068e-08
512,0,7,45,100.0,2.654268982382746e-08
512,0,7,46,100.0,2.654268982382746e-08
512,0,7,47,100.0,2.584419789286585e-08
512,0,7,48,100.0,2.514570596190424e-08
512,0,7,49,100.0,2.3515891456327154e-08
512,0,7,50,100.0,2.3050230169019414e-08
512,0,7,51,100.0,2.2118907594403936e-08
512,0,7,52,100.0,2.2584568881711675e-08
512,0,7,53,100.0,2.1420415663442327e-08
512,0,7,54,100.0,2.1187585019788457e-08
512,0,7,55,100.0,2.025626244517298e-08
512,0,7,56,100.0,1.8160788428644992e-08
512,0,7,57,100.0,1.862644971595273e-08
512,0,7,58,100.0,1.839361907229886e-08
512,0,7,59,100.0,1.7462296497683383e-08
512,0,7,60,100.0,1.862644971595273e-08
512,0,7,61,100.0,1.862644971595273e-08
512,0,7,62,100.0,1.6763804566721774e-08
512,0,7,63,100.0,1.5599651348452426e-08
512,0,7,64,100.0,1.5832481992106295e-08
512,0,7,65,100.0,1.6298143279414035e-08
512,0,7,66,100.0,1.5832481992106295e-08
512,0,7,67,100.0,1.5366820704798556e-08
512,0,7,68,100.0,1.4435498130183078e-08
512,0,7,69,100.0,1.4668328773836947e-08
512,0,7,70,100.0,1.5599651348452426e-08
512,0,7,71,100.0,1.6996635210375644e-08
512,0,7,72,100.0,1.4901159417490817e-08
512,0,7,73,100.0,1.6298143279414035e-08
512,0,7,74,100.0,1.6763804566721774e-08
512,0,7,75,100.0,1.6763802790364934e-08
512,0,7,76,100.0,1.7462294721326543e-08
512,0,7,77,100.0,1.862644793959589e-08
512,0,7,78,100.0,1.6065312635760165e-08
512,0,7,79,100.0,1.955777051421137e-08
512,0,7,80,100.0,2.002343180151911e-08
512,0,7,81,100.0,1.979060115786524e-08
512,0,7,82,100.0,2.0721923732480718e-08
512,0,7,83,100.0,1.93249398705575e-08
512,0,7,84,100.0,2.2584568881711675e-08
512,0,7,85,100.0,2.3981552743634893e-08
512,0,7,86,100.0,2.7241181754789068e-08
512,0,7,87,100.0,3.445892815534535e-08
512,0,7,88,100.0,3.6787234591884044e-08
512,0,7,89,100.0,5.21540464148984e-08
512,0,7,90,100.0,2.8463778107834514e-06
512,0,7,91,100.0,4.540805457509123e-05
512,0,7,92,99.21875,0.015283042564988136
512,0,7,93,100.0,0.0021493113599717617
512,0,7,94,99.8046875,0.004789032973349094
512,0,7,95,100.0,0.0018982629990205169
512,0,7,96,100.0,0.0003267106949351728
512,0,7,97,100.0,0.0004556749190669507
512,0,7,98,100.0,0.00019621201499830931
512,0,7,99,100.0,4.896237805951387e-05
512,0,7,100,100.0,2.0502822735579684e-05
512,0,8,1,100.0,1.2811635315301828e-05
512,0,8,2,100.0,4.835890649701469e-06
512,0,8,3,100.0,1.5769409174026805e-06
512,0,8,4,100.0,6.561135705851484e-07
512,0,8,5,100.0,4.877779247181024e-07
512,0,8,6,100.0,3.918526658708288e-07
512,0,8,7,100.0,2.9010641355853295e-07
512,0,8,8,100.0,2.5029211769833637e-07
512,0,8,9,100.0,2.251464650271373e-07
512,0,8,10,100.0,1.9255064387380116e-07
512,0,8,11,100.0,1.7462281221014564e-07
512,0,8,12,100.0,1.6554247395106358e-07
512,0,8,13,100.0,1.5692775434672512e-07
512,0,8,14,100.0,1.504085105352715e-07
512,0,8,15,100.0,1.4551906701854023e-07
512,0,8,16,100.0,1.3969832934890292e-07
512,0,8,17,100.0,1.3411039390121005e-07
512,0,8,18,100.0,1.2968661167178652e-07
512,0,8,19,100.0,1.245643375114014e-07
512,0,8,20,100.0,1.2014056949283258e-07
512,0,8,21,100.0,1.143198105069132e-07
512,0,8,22,100.0,1.1106017439033167e-07
512,0,8,23,100.0,1.0710205344821588e-07
512,0,8,24,100.0,1.0500657765533106e-07
512,0,8,25,100.0,1.0337677736060868e-07
512,0,8,26,100.0,9.988431770580064e-08
512,0,8,27,100.0,9.848733384387742e-08
512,0,8,28,100.0,9.476204354541551e-08
512,0,8,29,100.0,9.196807582156907e-08
512,0,8,30,100.0,9.010543067233812e-08
512,0,8,31,100.0,8.777712423579942e-08
512,0,8,32,100.0,8.568166265376931e-08
512,0,8,33,100.0,8.405184814819222e-08
512,0,8,34,100.0,8.102504978069192e-08
512,0,8,35,100.0,8.009372720607644e-08
512,0,8,36,100.0,7.823108205684548e-08
512,0,8,37,100.0,7.660126755126839e-08
512,0,8,38,100.0,7.543711433299904e-08
512,0,8,39,100.0,7.357446918376809e-08
512,0,8,40,100.0,7.217748532184487e-08
512,0,8,41,100.0,7.031484017261391e-08
512,0,8,42,100.0,6.821936437972909e-08
512,0,8,43,100.0,6.682238051780587e-08
512,0,8,44,100.0,6.495973536857491e-08
512,0,8,45,100.0,6.42612434376133e-08
512,0,8,46,100.0,6.35627515066517e-08
512,0,8,47,100.0,6.239859828838235e-08
512,0,8,48,100.0,6.007029895727101e-08
512,0,8,49,100.0,5.913897638265553e-08
512,0,8,50,100.0,5.774199252073231e-08
512,0,8,51,100.0,5.750916187707844e-08
512,0,8,52,100.0,5.657783930246296e-08
512,0,8,53,100.0,5.5879347371501353e-08
512,0,8,54,100.0,5.331821029130879e-08
512,0,8,55,100.0,5.285254900400105e-08
512,0,8,56,100.0,5.098990385477009e-08
512,0,8,57,100.0,4.8894428061885264e-08
512,0,8,58,100.0,4.8894428061885264e-08
512,0,8,59,100.0,4.8195936130923656e-08
512,0,8,60,100.0,4.8195936130923656e-08
512,0,8,61,100.0,4.7730274843615916e-08
512,0,8,62,100.0,4.7963105487269786e-08
512,0,8,63,100.0,4.703178291265431e-08
512,0,8,64,100.0,4.656612162534657e-08
512,0,8,65,100.0,4.540196840707722e-08
512,0,8,66,100.0,4.353932325784626e-08
512,0,8,67,100.0,4.004686360303822e-08
512,0,8,68,100.0,3.888271038476887e-08
512,0,8,69,100.0,3.8649879741115e-08
512,0,8,70,100.0,3.771855716649952e-08
512,0,8,71,100.0,3.8649879741115e-08
512,0,8,72,100.0,3.818421845380726e-08
512,0,8,73,100.0,3.818421845380726e-08
512,0,8,74,100.0,3.6554403948230174e-08
512,0,8,75,100.0,3.5390250729960826e-08
512,0,8,76,100.0,3.445892815534535e-08
512,0,8,77,100.0,3.399326686803761e-08
512,0,8,78,100.0,3.376043622438374e-08
512,0,8,79,100.0,3.352760913344355e-08
512,0,8,80,100.0,3.282911364976826e-08
512,0,8,81,100.0,3.259628655882807e-08
512,0,8,82,100.0,3.23634559151742e-08
512,0,8,83,100.0,3.166496398421259e-08
512,0,8,84,100.0,3.143213334055872e-08
512,0,8,85,100.0,3.119930269690485e-08
512,0,8,86,100.0,3.119930269690485e-08
512,0,8,87,100.0,3.166496398421259e-08
512,0,8,88,100.0,3.166496398421259e-08
512,0,8,89,100.0,3.143213334055872e-08
512,0,8,90,100.0,3.026798012228937e-08
512,0,8,91,100.0,2.9103826904020025e-08
512,0,8,92,100.0,2.8405334973058416e-08
512,0,8,93,100.0,2.7241181754789068e-08
512,0,8,94,100.0,2.7241181754789068e-08
512,0,8,95,100.0,2.514570596190424e-08
512,0,8,96,100.0,2.514570596190424e-08
512,0,8,97,100.0,2.514570596190424e-08
512,0,8,98,100.0,2.4447214030942632e-08
512,0,8,99,100.0,2.3283060812673284e-08
512,0,8,100,100.0,2.3981552743634893e-08
512,1,1,1,16.6015625,2.2636935710906982
512,1,1,2,22.0703125,2.1987171173095703
512,1,1,3,25.9765625,2.120600938796997
512,1,1,4,28.90625,2.0241386890411377
512,1,1,5,29.8828125,1.9230060577392578
512,1,1,6,35.7421875,1.8245091438293457
512,1,1,7,40.4296875,1.727144718170166
512,1,1,8,44.3359375,1.6382122039794922
512,1,1,9,49.0234375,1.5369446277618408
512,1,1,10,52.9296875,1.4406203031539917
512,1,1,11,54.8828125,1.3569629192352295
512,1,1,12,59.5703125,1.2557717561721802
512,1,1,13,60.15625,1.1809841394424438
512,1,1,14,64.0625,1.0985918045043945
512,1,1,15,66.9921875,1.0191320180892944
512,1,1,16,70.8984375,0.9281622171401978
512,1,1,17,73.046875,0.8555749654769897
512,1,1,18,76.953125,0.7805367112159729
512,1,1,19,78.3203125,0.7175388336181641
512,1,1,20,79.8828125,0.6605027914047241
512,1,1,21,83.3984375,0.6013632416725159
512,1,1,22,84.5703125,0.5497438311576843
512,1,1,23,86.71875,0.5099413394927979
512,1,1,24,88.4765625,0.46651285886764526
512,1,1,25,89.84375,0.4249518811702728
512,1,1,26,90.8203125,0.3799295127391815
512,1,1,27,91.796875,0.34575989842414856
512,1,1,28,93.5546875,0.3187442421913147
512,1,1,29,94.53125,0.29147058725357056
512,1,1,30,93.75,0.27718886733055115
512,1,1,31,95.5078125,0.24611778557300568
512,1,1,32,95.5078125,0.22194042801856995
512,1,1,33,96.6796875,0.2078370898962021
512,1,1,34,97.265625,0.1882093846797943
512,1,1,35,97.0703125,0.17467480897903442
512,1,1,36,97.4609375,0.1563570350408554
512,1,1,37,98.046875,0.14451104402542114
512,1,1,38,98.4375,0.12906202673912048
512,1,1,39,98.4375,0.11887940019369125
512,1,1,40,98.4375,0.10956969857215881
512,1,1,41,98.6328125,0.10114158689975739
512,1,1,42,98.4375,0.0935048758983612
512,1,1,43,98.6328125,0.08996923267841339
512,1,1,44,98.828125,0.08245411515235901
512,1,1,45,99.0234375,0.07519382238388062
512,1,1,46,99.21875,0.07019007205963135
512,1,1,47,99.4140625,0.06456214934587479
512,1,1,48,99.4140625,0.06019920855760574
512,1,1,49,99.4140625,0.05639844760298729
512,1,1,50,99.4140625,0.052470505237579346
512,1,1,51,99.4140625,0.04970933124423027
512,1,1,52,99.609375,0.046432558447122574
512,1,1,53,99.609375,0.04440750926733017
512,1,1,54,99.609375,0.04213803634047508
512,1,1,55,99.4140625,0.04032483324408531
512,1,1,56,99.609375,0.039556436240673065
512,1,1,57,99.609375,0.037551399320364
512,1,1,58,99.8046875,0.034649558365345
512,1,1,59,99.8046875,0.032148949801921844
512,1,1,60,99.8046875,0.030760973691940308
512,1,1,61,99.8046875,0.029333405196666718
512,1,1,62,99.8046875,0.027733521535992622
512,1,1,63,99.8046875,0.02634749561548233
512,1,1,64,99.8046875,0.025024332106113434
512,1,1,65,99.8046875,0.024169154465198517
512,1,1,66,99.8046875,0.023248888552188873
512,1,1,67,99.8046875,0.02220809832215309
512,1,1,68,99.8046875,0.02133253589272499
512,1,1,69,99.8046875,0.02071094885468483
512,1,1,70,99.8046875,0.02010033093392849
512,1,1,71,99.8046875,0.01984521374106407
512,1,1,72,100.0,0.018399236723780632
512,1,1,73,99.8046875,0.017483124509453773
512,1,1,74,99.8046875,0.017100946977734566
512,1,1,75,99.8046875,0.016627419739961624
512,1,1,76,99.8046875,0.0159743782132864
512,1,1,77,99.8046875,0.015301324427127838
512,1,1,78,99.8046875,0.014797921292483807
512,1,1,79,100.0,0.014162066392600536
512,1,1,80,99.8046875,0.013764757663011551
512,1,1,81,100.0,0.013341575860977173
512,1,1,82,99.8046875,0.014342203736305237
512,1,1,83,100.0,0.012471335008740425
512,1,1,84,99.8046875,0.012241934426128864
512,1,1,85,99.8046875,0.012126155197620392
512,1,1,86,100.0,0.011073299683630466
512,1,1,87,99.8046875,0.011761498637497425
512,1,1,88,100.0,0.010528359562158585
512,1,1,89,100.0,0.010566921904683113
512,1,1,90,100.0,0.010061027482151985
512,1,1,91,100.0,0.00961390882730484
512,1,1,92,100.0,0.009241171181201935
512,1,1,93,100.0,0.008999420329928398
512,1,1,94,100.0,0.008576064370572567
512,1,1,95,100.0,0.008510748855769634
512,1,1,96,100.0,0.008453982882201672
512,1,1,97,100.0,0.008410697802901268
512,1,1,98,100.0,0.00803696271032095
512,1,1,99,100.0,0.007476009428501129
512,1,1,100,100.0,0.007395521737635136
512,1,2,1,100.0,0.006167838349938393
512,1,2,2,100.0,0.005628921091556549
512,1,2,3,100.0,0.005134345032274723
512,1,2,4,100.0,0.004574025981128216
512,1,2,5,100.0,0.003974780905991793
512,1,2,6,100.0,0.0034195357002317905
512,1,2,7,100.0,0.0030066464096307755
512,1,2,8,100.0,0.002604740671813488
512,1,2,9,100.0,0.002292647724971175
512,1,2,10,100.0,0.0020133943762630224
512,1,2,11,100.0,0.0017266187351197004
512,1,2,12,100.0,0.0015318269142881036
512,1,2,13,100.0,0.001353682717308402
512,1,2,14,100.0,0.0011839820072054863
512,1,2,15,100.0,0.0010564851108938456
512,1,2,16,100.0,0.0009355780202895403
512,1,2,17,100.0,0.0008316027233377099
512,1,2,18,100.0,0.0007407701341435313
512,1,2,19,100.0,0.0006707905558869243
512,1,2,20,100.0,0.0006123248022049665
512,1,2,21,100.0,0.0005568142514675856
512,1,2,22,100.0,0.0005035101785324514
512,1,2,23,100.0,0.0004576576757244766
512,1,2,24,100.0,0.00041927833808586
512,1,2,25,100.0,0.0003821843711193651
512,1,2,26,100.0,0.0003500678576529026
512,1,2,27,100.0,0.00032479249057359993
512,1,2,28,100.0,0.0002977198164444417
512,1,2,29,100.0,0.00027615600265562534
512,1,2,30,100.0,0.00025318464031443
512,1,2,31,100.0,0.00023531325859948993
512,1,2,32,100.0,0.0002207037468906492
512,1,2,33,100.0,0.00020473534823395312
512,1,2,34,100.0,0.00019202305702492595
512,1,2,35,100.0,0.00018109750817529857
512,1,2,36,100.0,0.000169679697137326
512,1,2,37,100.0,0.0001594365603523329
512,1,2,38,100.0,0.0001497775811003521
512,1,2,39,100.0,0.00014154949167277664
512,1,2,40,100.0,0.00013399680028669536
512,1,2,41,100.0,0.00012780484394170344
512,1,2,42,100.0,0.00012119275925215334
512,1,2,43,100.0,0.00011499455285957083
512,1,2,44,100.0,0.0001094192557502538
512,1,2,45,100.0,0.00010434581781737506
512,1,2,46,100.0,9.920145384967327e-05
512,1,2,47,100.0,9.474741091253236e-05
512,1,2,48,100.0,9.031446825247258e-05
512,1,2,49,100.0,8.696854638401419e-05
512,1,2,50,100.0,8.341770444530994e-05
512,1,2,51,100.0,7.940514478832483e-05
512,1,2,52,100.0,7.576642383355647e-05
512,1,2,53,100.0,7.28680970496498e-05
512,1,2,54,100.0,7.009561522863805e-05
512,1,2,55,100.0,6.716530333505943e-05
512,1,2,56,100.0,6.444216705858707e-05
512,1,2,57,100.0,6.208947888808325e-05
512,1,2,58,100.0,5.9829144447576255e-05
512,1,2,59,100.0,5.7824727264232934e-05
512,1,2,60,100.0,5.5996897572185844e-05
512,1,2,61,100.0,5.416224666987546e-05
512,1,2,62,100.0,5.257086377241649e-05
512,1,2,63,100.0,5.076972593087703e-05
512,1,2,64,100.0,4.916925900033675e-05
512,1,2,65,100.0,4.753454777528532e-05
512,1,2,66,100.0,4.591901961248368e-05
512,1,2,67,100.0,4.454112786334008e-05
512,1,2,68,100.0,4.324677138356492e-05
512,1,2,69,100.0,4.19180141761899e-05
512,1,2,70,100.0,4.074149182997644e-05
512,1,2,71,100.0,3.960989124607295e-05
512,1,2,72,100.0,3.848064079647884e-05
512,1,2,73,100.0,3.743986235349439e-05
512,1,2,74,100.0,3.6433295463211834e-05
512,1,2,75,100.0,3.5480232327245176e-05
512,1,2,76,100.0,3.460488733253442e-05
512,1,2,77,100.0,3.36732373398263e-05
512,1,2,78,100.0,3.2881485822144896e-05
512,1,2,79,100.0,3.20787621603813e-05
512,1,2,80,100.0,3.130213372060098e-05
512,1,2,81,100.0,3.0534360121237114e-05
512,1,2,82,100.0,2.9818493203492835e-05
512,1,2,83,100.0,2.9170356356189586e-05
512,1,2,84,100.0,2.853244950529188e-05
512,1,2,85,100.0,2.7849400794366375e-05
512,1,2,86,100.0,2.7170764951733872e-05
512,1,2,87,100.0,2.6543813874013722e-05
512,1,2,88,100.0,2.5898247258737683e-05
512,1,2,89,100.0,2.5330664357170463e-05
512,1,2,90,100.0,2.4808701709844172e-05
512,1,2,91,100.0,2.4324675905518234e-05
512,1,2,92,100.0,2.3793625587131828e-05
512,1,2,93,100.0,2.328446316823829e-05
512,1,2,94,100.0,2.281977140228264e-05
512,1,2,95,100.0,2.2376956621883437e-05
512,1,2,96,100.0,2.1923668100498617e-05
512,1,2,97,100.0,2.1488769561983645e-05
512,1,2,98,100.0,2.106318061123602e-05
512,1,2,99,100.0,2.0627812773454934e-05
512,1,2,100,100.0,2.0226914784871042e-05
512,1,3,1,100.0,1.878494913398754e-05
512,1,3,2,100.0,1.719042302283924e-05
512,1,3,3,100.0,1.5377947420347482e-05
512,1,3,4,100.0,1.3569628208642825e-05
512,1,3,5,100.0,1.2000637070741504e-05
512,1,3,6,100.0,1.0482157449587248e-05
512,1,3,7,100.0,9.185085218632594e-06
512,1,3,8,100.0,7.953663953230716e-06
512,1,3,9,100.0,7.1664735514787026e-06
512,1,3,10,100.0,6.305011538643157e-06
512,1,3,11,100.0,5.63353478355566e-06
512,1,3,12,100.0,4.956007614964619e-06
512,1,3,13,100.0,4.362993422546424e-06
512,1,3,14,100.0,3.862412086164113e-06
512,1,3,15,100.0,3.4537965802883264e-06
512,1,3,16,100.0,3.044017375941621e-06
512,1,3,17,100.0,2.6880218229052844e-06
512,1,3,18,100.0,2.4230619146692334e-06
512,1,3,19,100.0,2.1536784515774343e-06
512,1,3,20,100.0,1.964620423677843e-06
512,1,3,21,100.0,1.7730014860717347e-06
512,1,3,22,100.0,1.6083909031294752e-06
512,1,3,23,100.0,1.4530935459333705e-06
512,1,3,24,100.0,1.3299265901878243e-06
512,1,3,25,100.0,1.2097864328097785e-06
512,1,3,26,100.0,1.111299297917867e-06
512,1,3,27,100.0,1.0195642516919179e-06
512,1,3,28,100.0,9.392378501615894e-07
512,1,3,29,100.0,8.717171340322238e-07
512,1,3,30,100.0,8.190974085664493e-07
512,1,3,31,100.0,7.562333053101611e-07
512,1,3,32,100.0,7.057091124806902e-07
512,1,3,33,100.0,6.733457098562212e-07
512,1,3,34,100.0,6.286422831180971e-07
512,1,3,35,100.0,5.895267918276659e-07
512,1,3,36,100.0,5.525067763301195e-07
512,1,3,37,100.0,5.238686640041124e-07
512,1,3,38,100.0,4.947648335473787e-07
512,1,3,39,100.0,4.6403124542848673e-07
512,1,3,40,100.0,4.398168584884843e-07
512,1,3,41,100.0,4.153696693265374e-07
512,1,3,42,100.0,3.9371644788843696e-07
512,1,3,43,100.0,3.769526699670678e-07
512,1,3,44,100.0,3.5972323075839086e-07
512,1,3,45,100.0,3.364401663930039e-07
512,1,3,46,100.0,3.20142021337233e-07
512,1,3,47,100.0,3.0850051757624897e-07
512,1,3,48,100.0,2.9406501766970905e-07
512,1,3,49,100.0,2.8172499355605396e-07
512,1,3,50,100.0,2.703163204387238e-07
512,1,3,51,100.0,2.593732801869919e-07
512,1,3,52,100.0,2.4819740929160616e-07
512,1,3,53,100.0,2.3772003032718203e-07
512,1,3,54,100.0,2.2887246586833498e-07
512,1,3,55,100.0,2.218875465587189e-07
512,1,3,56,100.0,2.1373848824168817e-07
512,1,3,57,100.0,2.0465810735004197e-07
512,1,3,58,100.0,2.0046715576427232e-07
512,1,3,59,100.0,1.8952411551254045e-07
512,1,3,60,100.0,1.8463467199580919e-07
512,1,3,61,100.0,1.7788258332984697e-07
512,1,3,62,100.0,1.7252747852580796e-07
512,1,3,63,100.0,1.6740520436542283e-07
512,1,3,64,100.0,1.6251576084869157e-07
512,1,3,65,100.0,1.5832480926292192e-07
512,1,3,66,100.0,1.522712125279213e-07
512,1,3,67,100.0,1.4528629321830522e-07
512,1,3,68,100.0,1.3993118841426622e-07
512,1,3,69,100.0,1.3737005133407365e-07
512,1,3,70,100.0,1.3294626910465013e-07
512,1,3,71,100.0,1.315492852427269e-07
512,1,3,72,100.0,1.261941804386879e-07
512,1,3,73,100.0,1.22468890140226e-07
512,1,3,74,100.0,1.1711379244161435e-07
512,1,3,75,100.0,1.1525115439781075e-07
512,1,3,76,100.0,1.1152586409934884e-07
512,1,3,77,100.0,1.1175869474300271e-07
512,1,3,78,100.0,1.0826623508819466e-07
512,1,3,79,100.0,1.0500660607704049e-07
512,1,3,80,100.0,9.872017869838601e-08
512,1,3,81,100.0,9.755602548011666e-08
512,1,3,82,100.0,9.56933803308857e-08
512,1,3,83,100.0,9.429639646896248e-08
512,1,3,84,100.0,9.173525938876992e-08
512,1,3,85,100.0,8.963978359588509e-08
512,1,3,86,100.0,8.754430780300027e-08
512,1,3,87,100.0,8.451750943549996e-08
512,1,3,88,100.0,8.451750943549996e-08
512,1,3,89,100.0,8.2654864286269e-08
512,1,3,90,100.0,8.055938849338418e-08
512,1,3,91,100.0,7.799825141319161e-08
512,1,3,92,100.0,7.590277562030678e-08
512,1,3,93,100.0,7.473862240203744e-08
512,1,3,94,100.0,7.1944654678191e-08
512,1,3,95,100.0,7.1944654678191e-08
512,1,3,96,100.0,7.008200952896004e-08
512,1,3,97,100.0,7.008200952896004e-08
512,1,3,98,100.0,6.728804180511361e-08
512,1,3,99,100.0,6.379558215030556e-08
512,1,3,100,100.0,6.053595313915139e-08
512,1,4,1,100.0,6.775370309242135e-08
512,1,4,2,100.0,6.379558215030556e-08
512,1,4,3,100.0,6.239859828838235e-08
512,1,4,4,100.0,6.239859828838235e-08
512,1,4,5,100.0,6.19329370010746e-08
512,1,4,6,100.0,6.216576764472848e-08
512,1,4,7,100.0,6.286425957569008e-08
512,1,4,8,100.0,6.19329370010746e-08
512,1,4,9,100.0,6.19329370010746e-08
512,1,4,10,100.0,6.146727571376687e-08
512,1,4,11,100.0,6.076878378280526e-08
512,1,4,12,100.0,5.960463411724959e-08
512,1,4,13,100.0,5.960463411724959e-08
512,1,4,14,100.0,6.007029185184365e-08
512,1,4,15,100.0,5.937180347359572e-08
512,1,4,16,100.0,5.960463411724959e-08
512,1,4,17,100.0,6.007029185184365e-08
512,1,4,18,100.0,5.960463411724959e-08
512,1,4,19,100.0,5.820765025532637e-08
512,1,4,20,100.0,5.867331154263411e-08
512,1,4,21,100.0,5.867331154263411e-08
512,1,4,22,100.0,5.844048089898024e-08
512,1,4,23,100.0,5.79748196116725e-08
512,1,4,24,100.0,5.774198896801863e-08
512,1,4,25,100.0,5.79748196116725e-08
512,1,4,26,100.0,5.79748196116725e-08
512,1,4,27,100.0,5.79748196116725e-08
512,1,4,28,100.0,5.750915832436476e-08
512,1,4,29,100.0,5.6112174462441544e-08
512,1,4,30,100.0,5.5180855440539744e-08
512,1,4,31,100.0,5.5879347371501353e-08
512,1,4,32,100.0,5.657783930246296e-08
512,1,4,33,100.0,5.5413686084193614e-08
512,1,4,34,100.0,5.4249532865924266e-08
512,1,4,35,100.0,5.3783871578616527e-08
512,1,4,36,100.0,5.331821029130879e-08
512,1,4,37,100.0,5.238688771669331e-08
512,1,4,38,100.0,5.16883957857317e-08
512,1,4,39,100.0,5.145556514207783e-08
512,1,4,40,100.0,5.122273449842396e-08
512,1,4,41,100.0,5.098990385477009e-08
512,1,4,42,100.0,5.122273449842396e-08
512,1,4,43,100.0,5.029141192380848e-08
512,1,4,44,100.0,4.9592919992846873e-08
512,1,4,45,100.0,4.8894428061885264e-08
512,1,4,46,100.0,4.9127258705539134e-08
512,1,4,47,100.0,4.9127258705539134e-08
512,1,4,48,100.0,4.8195936130923656e-08
512,1,4,49,100.0,4.7730274843615916e-08
512,1,4,50,100.0,4.726461355630818e-08
512,1,4,51,100.0,4.563479905073109e-08
512,1,4,52,100.0,4.4004984545154e-08
512,1,4,53,100.0,4.2840831326884654e-08
512,1,4,54,100.0,4.2608000683230784e-08
512,1,4,55,100.0,4.3306492614192393e-08
512,1,4,56,100.0,4.2375170039576915e-08
512,1,4,57,100.0,4.051252489034596e-08
512,1,4,58,100.0,3.958120231573048e-08
512,1,4,59,100.0,3.911554102842274e-08
512,1,4,60,100.0,4.004686360303822e-08
512,1,4,61,100.0,3.888271038476887e-08
512,1,4,62,100.0,3.7020065235537913e-08
512,1,4,63,100.0,3.5855912017268565e-08
512,1,4,64,100.0,3.5623081373614696e-08
512,1,4,65,100.0,3.5390254282674505e-08
512,1,4,66,100.0,3.492458944265309e-08
512,1,4,67,100.0,3.282911364976826e-08
512,1,4,68,100.0,3.306194429342213e-08
512,1,4,69,100.0,3.3294774937076e-08
512,1,4,70,100.0,3.306194429342213e-08
512,1,4,71,100.0,3.376043622438374e-08
512,1,4,72,100.0,3.376043622438374e-08
512,1,4,73,100.0,3.213062527152033e-08
512,1,4,74,100.0,3.282911720248194e-08
512,1,4,75,100.0,3.166496398421259e-08
512,1,4,76,100.0,3.096647205325098e-08
512,1,4,77,100.0,3.213062527152033e-08
512,1,4,78,100.0,3.3294774937076e-08
512,1,4,79,100.0,3.306194429342213e-08
512,1,4,80,100.0,3.0035145925921825e-08
512,1,4,81,100.0,3.166496043149891e-08
512,1,4,82,100.0,3.143212978784504e-08
512,1,4,83,100.0,3.306194429342213e-08
512,1,4,84,100.0,3.259628300611439e-08
512,1,4,85,100.0,3.3294774937076e-08
512,1,4,86,100.0,3.6321576857289983e-08
512,1,4,87,100.0,3.795138781015339e-08
512,1,4,88,100.0,3.771855716649952e-08
512,1,4,89,100.0,4.3073661970538524e-08
512,1,4,90,100.0,4.7963105487269786e-08
512,1,4,91,100.0,5.79748196116725e-08
512,1,4,92,99.8046875,0.002890566596761346
512,1,4,93,100.0,2.8411577659426257e-06
512,1,4,94,99.609375,0.010374763049185276
512,1,4,95,99.21875,0.02376793697476387
512,1,4,96,99.4140625,0.01880999095737934
512,1,4,97,100.0,4.120387529837899e-05
512,1,4,98,99.8046875,0.004654568620026112
512,1,4,99,100.0,7.841175829526037e-05
512,1,4,100,100.0,0.00021344749256968498
512,1,5,1,100.0,0.00010390613169874996
512,1,5,2,100.0,2.998598756676074e-05
512,1,5,3,100.0,7.1311869760393165e-06
512,1,5,4,100.0,1.913549567689188e-06
512,1,5,5,100.0,7.389970164695114e-07
512,1,5,6,100.0,4.360904597433546e-07
512,1,5,7,100.0,3.5227202488385956e-07
512,1,5,8,100.0,3.240994885800319e-07
512,1,5,9,100.0,3.0128217076708097e-07
512,1,5,10,100.0,2.705487531784456e-07
512,1,5,11,100.0,2.472658309216058e-07
512,1,5,12,100.0,2.3096777113096323e-07
512,1,5,13,100.0,2.1909345093718002e-07
512,1,5,14,100.0,2.1164289876196563e-07
512,1,5,15,100.0,2.0465799366320425e-07
512,1,5,16,100.0,1.9813876406260533e-07
512,1,5,17,100.0,1.9208516732760472e-07
512,1,5,18,100.0,1.8812704638548894e-07
512,1,5,19,100.0,1.8370327836692013e-07
512,1,5,20,100.0,1.7974515742480435e-07
512,1,5,21,100.0,1.7578705069354328e-07
512,1,5,22,100.0,1.725274216823891e-07
512,1,5,23,100.0,1.7066477653315815e-07
512,1,5,24,100.0,1.6833647009661945e-07
512,1,5,25,100.0,1.664738249473885e-07
512,1,5,26,100.0,1.6344705500159762e-07
512,1,5,27,100.0,1.620500711396744e-07
512,1,5,28,100.0,1.590232727721741e-07
512,1,5,29,100.0,1.559964744046738e-07
512,1,5,30,100.0,1.5483232118640444e-07
512,1,5,31,100.0,1.5273684539351962e-07
512,1,5,32,100.0,1.4924438573871157e-07
512,1,5,33,100.0,1.4877872445140383e-07
512,1,5,34,100.0,1.4714890994582674e-07
512,1,5,35,100.0,1.4621758737121127e-07
512,1,5,36,100.0,1.452862647965958e-07
512,1,5,37,100.0,1.429579583600571e-07
512,1,5,38,100.0,1.422594806399502e-07
512,1,5,39,100.0,1.4086249677802698e-07
512,1,5,40,100.0,1.3899986583965074e-07
512,1,5,41,100.0,1.369043758359112e-07
512,1,5,42,100.0,1.369043758359112e-07
512,1,5,43,100.0,1.352745613303341e-07
512,1,5,44,100.0,1.3480891425388108e-07
512,1,5,45,100.0,1.3457608361022722e-07
512,1,5,46,100.0,1.3341193039195787e-07
512,1,5,47,100.0,1.3224777717368852e-07
512,1,5,48,100.0,1.308507933117653e-07
512,1,5,49,100.0,1.3061796266811143e-07
512,1,5,50,100.0,1.2875531751888047e-07
512,1,5,51,100.0,1.2805682558791887e-07
512,1,5,52,100.0,1.2665984172599565e-07
512,1,5,53,100.0,1.2596134979503404e-07
512,1,5,54,100.0,1.254956885077263e-07
512,1,5,55,100.0,1.247971965767647e-07
512,1,5,56,100.0,1.2293455142753373e-07
512,1,5,57,100.0,1.22468890140226e-07
512,1,5,58,100.0,1.2200322885291826e-07
512,1,5,59,100.0,1.208390756346489e-07
512,1,5,60,100.0,1.1967492241637956e-07
512,1,5,61,100.0,1.1990775306003343e-07
512,1,5,62,100.0,1.1851076919811021e-07
512,1,5,63,100.0,1.1827793855445634e-07
512,1,5,64,100.0,1.1897643048541795e-07
512,1,5,65,100.0,1.178122772671486e-07
512,1,5,66,100.0,1.1688095469253312e-07
512,1,5,67,100.0,1.1664812404887925e-07
512,1,5,68,100.0,1.1618246276157151e-07
512,1,5,69,100.0,1.1455264825599443e-07
512,1,5,70,100.0,1.1362132568137895e-07
512,1,5,71,100.0,1.1315566439407121e-07
512,1,5,72,100.0,1.1292283375041734e-07
512,1,5,73,100.0,1.1129301924484025e-07
512,1,5,74,100.0,1.1082735795753251e-07
512,1,5,75,100.0,1.1036169667022477e-07
512,1,5,76,100.0,1.1059452731387864e-07
512,1,5,77,100.0,1.1059452731387864e-07
512,1,5,78,100.0,1.0966320473926316e-07
512,1,5,79,100.0,1.0966320473926316e-07
512,1,5,80,100.0,1.0873188216464769e-07
512,1,5,81,100.0,1.0803339023368608e-07
512,1,5,82,100.0,1.0733489830272447e-07
512,1,5,83,100.0,1.0733489830272447e-07
512,1,5,84,100.0,1.0686923701541673e-07
512,1,5,85,100.0,1.0640357572810899e-07
512,1,5,86,100.0,1.0523942250983964e-07
512,1,5,87,100.0,1.0430809993522416e-07
512,1,5,88,100.0,1.0267829253507443e-07
512,1,5,89,100.0,1.0197980770954018e-07
512,1,5,90,100.0,1.0081565449127083e-07
512,1,5,91,100.0,1.0128131577857857e-07
512,1,5,92,100.0,1.010484851349247e-07
512,1,5,93,100.0,9.988433191665536e-08
512,1,5,94,100.0,9.965150127300149e-08
512,1,5,95,100.0,1.0011716256030923e-07
512,1,5,96,100.0,9.988433191665536e-08
512,1,5,97,100.0,9.895300934203988e-08
512,1,5,98,100.0,9.872017869838601e-08
512,1,5,99,100.0,9.848734805473214e-08
512,1,5,100,100.0,9.825451741107827e-08
512,1,6,1,100.0,9.825451741107827e-08
512,1,6,2,100.0,9.592621097453957e-08
512,1,6,3,100.0,9.359790453800088e-08
512,1,6,4,100.0,9.289941260703927e-08
512,1,6,5,100.0,9.173525938876992e-08
512,1,6,6,100.0,9.057110617050057e-08
512,1,6,7,100.0,8.940695295223122e-08
512,1,6,8,100.0,8.894129166492348e-08
512,1,6,9,100.0,8.940695295223122e-08
512,1,6,10,100.0,8.707864651569253e-08
512,1,6,11,100.0,8.591449329742318e-08
512,1,6,12,100.0,8.451750943549996e-08
512,1,6,13,100.0,8.288769492992287e-08
512,1,6,14,100.0,8.149071106799965e-08
512,1,6,15,100.0,8.032655784973031e-08
512,1,6,16,100.0,7.986089656242257e-08
512,1,6,17,100.0,7.753259012588387e-08
512,1,6,18,100.0,7.566994497665291e-08
512,1,6,19,100.0,7.590277562030678e-08
512,1,6,20,100.0,7.404013047107583e-08
512,1,6,21,100.0,7.357446918376809e-08
512,1,6,22,100.0,6.96163482416523e-08
512,1,6,23,100.0,6.96163482416523e-08
512,1,6,24,100.0,6.775370309242135e-08
512,1,6,25,100.0,6.565822729953652e-08
512,1,6,26,100.0,6.42612434376133e-08
512,1,6,27,100.0,6.19329370010746e-08
512,1,6,28,100.0,6.053595313915139e-08
512,1,6,29,100.0,5.79748196116725e-08
512,1,6,30,100.0,5.750916187707844e-08
512,1,6,31,100.0,5.4715194153232005e-08
512,1,6,32,100.0,5.331821029130879e-08
512,1,6,33,100.0,5.16883957857317e-08
512,1,6,34,100.0,5.075707321111622e-08
512,1,6,35,100.0,4.8428766774577525e-08
512,1,6,36,100.0,4.726461355630818e-08
512,1,6,37,100.0,4.63332909816927e-08
512,1,6,38,100.0,4.586762969438496e-08
512,1,6,39,100.0,4.353932325784626e-08
512,1,6,40,100.0,4.377215390150013e-08
512,1,6,41,100.0,4.353932325784626e-08
512,1,6,42,100.0,4.121101682130757e-08
512,1,6,43,100.0,4.051252489034596e-08
512,1,6,44,100.0,3.888271393748255e-08
512,1,6,45,100.0,3.818422200652094e-08
512,1,6,46,100.0,3.678723814459772e-08
512,1,6,47,100.0,3.5855915569982244e-08
512,1,6,48,100.0,3.4924592995366766e-08
512,1,6,49,100.0,3.5623084926328374e-08
512,1,6,50,100.0,3.492458944265309e-08
512,1,6,51,100.0,3.399327042075129e-08
512,1,6,52,100.0,3.329477848978968e-08
512,1,6,53,100.0,3.096647205325098e-08
512,1,6,54,100.0,3.119930269690485e-08
512,1,6,55,100.0,3.073364140959711e-08
512,1,6,56,100.0,2.9336657547673894e-08
512,1,6,57,100.0,2.9336657547673894e-08
512,1,6,58,100.0,2.9569488191327764e-08
512,1,6,59,100.0,2.8638165616712286e-08
512,1,6,60,100.0,2.630985918017359e-08
512,1,6,61,100.0,2.584419789286585e-08
512,1,6,62,100.0,2.7241181754789068e-08
512,1,6,63,100.0,2.8638165616712286e-08
512,1,6,64,100.0,2.7474012398442937e-08
512,1,6,65,100.0,2.7706843042096807e-08
512,1,6,66,100.0,2.7939673685750677e-08
512,1,6,67,100.0,2.8870996260366155e-08
512,1,6,68,100.0,2.8172504329404546e-08
512,1,6,69,100.0,2.8638165616712286e-08
512,1,6,70,100.0,2.8638165616712286e-08
512,1,6,71,100.0,2.8638165616712286e-08
512,1,6,72,100.0,3.0500807213229564e-08
512,1,6,73,100.0,3.5623084926328374e-08
512,1,6,74,100.0,4.540196840707722e-08
512,1,6,75,100.0,1.3015218769396597e-07
512,1,6,76,100.0,0.0001058195557561703
512,1,6,77,99.8046875,0.010288066230714321
512,1,6,78,100.0,0.0009257150813937187
512,1,6,79,100.0,0.0013148647267371416
512,1,6,80,100.0,0.00169949303381145
512,1,6,81,100.0,2.2763042579754256e-05
512,1,6,82,100.0,0.0002262827183585614
512,1,6,83,100.0,4.671999340644106e-05
512,1,6,84,100.0,0.00013302431034389883
512,1,6,85,100.0,7.224448927445337e-05
512,1,6,86,100.0,1.188995247503044e-05
512,1,6,87,100.0,4.647207788366359e-06
512,1,6,88,100.0,2.9415975859592436e-06
512,1,6,89,100.0,2.3142260943131987e-06
512,1,6,90,100.0,2.024386276389123e-06
512,1,6,91,100.0,1.8623512687554467e-06
512,1,6,92,100.0,1.7634062032811926e-06
512,1,6,93,100.0,1.6921653696044814e-06
512,1,6,94,100.0,1.6327975345120649e-06
512,1,6,95,100.0,1.5848373777771485e-06
512,1,6,96,100.0,1.5399035646623815e-06
512,1,6,97,100.0,1.501023007222102e-06
512,1,6,98,100.0,1.4667989489680622e-06
512,1,6,99,100.0,1.4360670093083172e-06
512,1,6,100,100.0,1.404403633387119e-06
512,1,7,1,100.0,1.0097737686010078e-06
512,1,7,2,100.0,5.138553547112679e-07
512,1,7,3,100.0,2.721787382142793e-07
512,1,7,4,100.0,1.981387356408959e-07
512,1,7,5,100.0,1.8090925379965483e-07
512,1,7,6,100.0,1.6205002850711026e-07
512,1,7,7,100.0,1.3341190197024844e-07
512,1,7,8,100.0,1.192092469182171e-07
512,1,7,9,100.0,1.1129301924484025e-07
512,1,7,10,100.0,1.047737612225319e-07
512,1,7,11,100.0,9.825451030565091e-08
512,1,7,12,100.0,9.243374421430417e-08
512,1,7,13,100.0,8.8009969090308e-08
512,1,7,14,100.0,8.2654864286269e-08
512,1,7,15,100.0,7.799825141319161e-08
512,1,7,16,100.0,7.380729982742196e-08
512,1,7,17,100.0,7.171182403453713e-08
512,1,7,18,100.0,6.752087244876748e-08
512,1,7,19,100.0,6.402841279395943e-08
512,1,7,20,100.0,6.076879088823262e-08
512,1,7,21,100.0,5.890614573900166e-08
512,1,7,22,100.0,5.820765380804005e-08
512,1,7,23,100.0,5.5180855440539744e-08
512,1,7,24,100.0,5.4948024796885875e-08
512,1,7,25,100.0,5.215405707303944e-08
512,1,7,26,100.0,5.029141192380848e-08
512,1,7,27,100.0,4.9592919992846873e-08
512,1,7,28,100.0,4.8894428061885264e-08
512,1,7,29,100.0,4.749744419996205e-08
512,1,7,30,100.0,4.703178291265431e-08
512,1,7,31,100.0,4.447064583246174e-08
512,1,7,32,100.0,4.353932325784626e-08
512,1,7,33,100.0,4.1909508752269176e-08
512,1,7,34,100.0,3.958120231573048e-08
512,1,7,35,100.0,3.771855716649952e-08
512,1,7,36,100.0,3.725289587919178e-08
512,1,7,37,100.0,3.725289943190546e-08
512,1,7,38,100.0,3.678723814459772e-08
512,1,7,39,100.0,3.399327042075129e-08
512,1,7,40,100.0,3.422609751169148e-08
512,1,7,41,100.0,3.282911720248194e-08
512,1,7,42,100.0,3.259628655882807e-08
512,1,7,43,100.0,3.096647205325098e-08
512,1,7,44,100.0,3.026798012228937e-08
512,1,7,45,100.0,2.9336657547673894e-08
512,1,7,46,100.0,2.7474012398442937e-08
512,1,7,47,100.0,2.7008351111135198e-08
512,1,7,48,100.0,2.8405334973058416e-08
512,1,7,49,100.0,2.7008351111135198e-08
512,1,7,50,100.0,2.514570596190424e-08
512,1,7,51,100.0,2.561136724921198e-08
512,1,7,52,100.0,2.561136724921198e-08
512,1,7,53,100.0,2.4680044674596502e-08
512,1,7,54,100.0,2.2118907594403936e-08
512,1,7,55,100.0,2.2584568881711675e-08
512,1,7,56,100.0,2.002343180151911e-08
512,1,7,57,100.0,2.4214383387288763e-08
512,1,7,58,100.0,2.514570596190424e-08
512,1,7,59,100.0,2.3981552743634893e-08
512,1,7,60,100.0,2.2817399525365545e-08
512,1,7,61,100.0,2.3748722099981023e-08
512,1,7,62,100.0,2.0489094865183688e-08
512,1,7,63,100.0,1.909210922690363e-08
512,1,7,64,100.0,2.2817399525365545e-08
512,1,7,65,100.0,2.1886076950750066e-08
512,1,7,66,100.0,2.2584568881711675e-08
512,1,7,67,100.0,2.2584568881711675e-08
512,1,7,68,100.0,2.3283060812673284e-08
512,1,7,69,100.0,2.1187585019788457e-08
512,1,7,70,100.0,2.1187585019788457e-08
512,1,7,71,100.0,2.1653246307096197e-08
512,1,7,72,100.0,2.1187585019788457e-08
512,1,7,73,100.0,2.537853660555811e-08
512,1,7,74,100.0,2.514570596190424e-08
512,1,7,75,100.0,2.3283060812673284e-08
512,1,7,76,100.0,2.3981552743634893e-08
512,1,7,77,100.0,2.630985918017359e-08
512,1,7,78,100.0,2.654268982382746e-08
512,1,7,79,100.0,3.213062527152033e-08
512,1,7,80,100.0,2.8870996260366155e-08
512,1,7,81,100.0,2.9802318834981634e-08
512,1,7,82,100.0,2.9103826904020025e-08
512,1,7,83,100.0,3.725289587919178e-08
512,1,7,84,100.0,3.6554403948230174e-08
512,1,7,85,100.0,3.445892815534535e-08
512,1,7,86,100.0,3.911554102842274e-08
512,1,7,87,100.0,2.2025709256467962e-07
512,1,7,88,100.0,3.090449172304943e-05
512,1,7,89,100.0,0.00041740748565644026
512,1,7,90,99.8046875,0.003754973178729415
512,1,7,91,99.4140625,0.013322679325938225
512,1,7,92,99.609375,0.03162612020969391
512,1,7,93,100.0,0.0006405281601473689
512,1,7,94,100.0,0.0002668335218913853
512,1,7,95,100.0,0.00032391867716796696
512,1,7,96,100.0,1.4746310625923797e-05
512,1,7,97,100.0,0.001324509852565825
512,1,7,98,100.0,9.799092367757112e-05
512,1,7,99,100.0,4.4160773541079834e-05
512,1,7,100,100.0,2.0353290892671794e-05
512,1,8,1,100.0,1.218393663293682e-05
512,1,8,2,100.0,3.3762621569621842e-06
512,1,8,3,100.0,9.420239166502142e-07
512,1,8,4,100.0,4.789297349816479e-07
512,1,8,5,100.0,3.6437842254599673e-07
512,1,8,6,100.0,3.082668627030216e-07
512,1,8,7,100.0,2.663575457972911e-07
512,1,8,8,100.0,2.281735334008772e-07
512,1,8,9,100.0,2.0349361307125946e-07
512,1,8,10,100.0,1.8672989199330914e-07
512,1,8,11,100.0,1.7113029571191873e-07
512,1,8,12,100.0,1.5995448165995185e-07
512,1,8,13,100.0,1.506412843355065e-07
512,1,8,14,100.0,1.4342356280394597e-07
512,1,8,15,100.0,1.3317904290488514e-07
512,1,8,16,100.0,1.2502999879870913e-07
512,1,8,17,100.0,1.1874358563090937e-07
512,1,8,18,100.0,1.1059452731387864e-07
512,1,8,19,100.0,1.0663640637176286e-07
512,1,8,20,100.0,1.024454547859932e-07
512,1,8,21,100.0,9.94186564184929e-08
512,1,8,22,100.0,9.685751933830034e-08
512,1,8,23,100.0,9.26665819633854e-08
512,1,8,24,100.0,8.963978359588509e-08
512,1,8,25,100.0,8.707864651569253e-08
512,1,8,26,100.0,8.49831707228077e-08
512,1,8,27,100.0,8.288769492992287e-08
512,1,8,28,100.0,8.102504978069192e-08
512,1,8,29,100.0,8.125788042434579e-08
512,1,8,30,100.0,7.846391270049935e-08
512,1,8,31,100.0,7.683409819492226e-08
512,1,8,32,100.0,7.543711433299904e-08
512,1,8,33,100.0,7.404013047107583e-08
512,1,8,34,100.0,7.287597725280648e-08
512,1,8,35,100.0,7.078050145992165e-08
512,1,8,36,100.0,7.008200952896004e-08
512,1,8,37,100.0,6.821936437972909e-08
512,1,8,38,100.0,6.6589549874152e-08
512,1,8,39,100.0,6.589105794319039e-08
512,1,8,40,100.0,6.332992086299782e-08
512,1,8,41,100.0,6.19329370010746e-08
512,1,8,42,100.0,6.030312249549752e-08
512,1,8,43,100.0,5.983746120818978e-08
512,1,8,44,100.0,5.774198541530495e-08
512,1,8,45,100.0,5.6112170909727865e-08
512,1,8,46,100.0,5.6577832197035605e-08
512,1,8,47,100.0,5.5879340266073996e-08
512,1,8,48,100.0,5.5879340266073996e-08
512,1,8,49,100.0,5.5180851887826066e-08
512,1,8,50,100.0,5.3783871578616527e-08
512,1,8,51,100.0,5.308537964765492e-08
512,1,8,52,100.0,5.308537964765492e-08
512,1,8,53,100.0,5.145556514207783e-08
512,1,8,54,100.0,5.052424256746235e-08
512,1,8,55,100.0,5.145556514207783e-08
512,1,8,56,100.0,5.075707321111622e-08
512,1,8,57,100.0,5.029141192380848e-08
512,1,8,58,100.0,4.7963105487269786e-08
512,1,8,59,100.0,4.63332909816927e-08
512,1,8,60,100.0,4.563479905073109e-08
512,1,8,61,100.0,4.493630711976948e-08
512,1,8,62,100.0,4.447064583246174e-08
512,1,8,63,100.0,4.353932325784626e-08
512,1,8,64,100.0,4.447064583246174e-08
512,1,8,65,100.0,4.493630711976948e-08
512,1,8,66,100.0,4.4004984545154e-08
512,1,8,67,100.0,4.377215390150013e-08
512,1,8,68,100.0,4.1909508752269176e-08
512,1,8,69,100.0,4.2840831326884654e-08
512,1,8,70,100.0,4.2142339395923045e-08
512,1,8,71,100.0,4.074535553399983e-08
512,1,8,72,100.0,4.1443847464961436e-08
512,1,8,73,100.0,4.121101682130757e-08
512,1,8,74,100.0,4.027969424669209e-08
512,1,8,75,100.0,4.1443847464961436e-08
512,1,8,76,100.0,3.981403295938435e-08
512,1,8,77,100.0,3.6321573304576305e-08
512,1,8,78,100.0,3.6554403948230174e-08
512,1,8,79,100.0,3.6554403948230174e-08
512,1,8,80,100.0,3.6088742660922435e-08
512,1,8,81,100.0,3.6554403948230174e-08
512,1,8,82,100.0,3.6088742660922435e-08
512,1,8,83,100.0,3.5390250729960826e-08
512,1,8,84,100.0,3.492458944265309e-08
512,1,8,85,100.0,3.5157420086306956e-08
512,1,8,86,100.0,3.469175879899922e-08
512,1,8,87,100.0,3.399326686803761e-08
512,1,8,88,100.0,3.376043622438374e-08
512,1,8,89,100.0,3.166496398421259e-08
512,1,8,90,100.0,3.096647205325098e-08
512,1,8,91,100.0,3.236345236246052e-08
512,1,8,92,100.0,3.352760558072987e-08
512,1,8,93,100.0,3.3294774937076e-08
512,1,8,94,100.0,3.3294774937076e-08
512,1,8,95,100.0,3.0267976569575694e-08
512,1,8,96,100.0,3.189779107515278e-08
512,1,8,97,100.0,3.236345236246052e-08
512,1,8,98,100.0,3.0733637856883433e-08
512,1,8,99,100.0,3.143213334055872e-08
512,1,8,100,100.0,3.213062171880665e-08
512,2,1,1,18.9453125,2.2567691802978516
512,2,1,2,27.1484375,2.1939632892608643
512,2,1,3,30.859375,2.1029510498046875
512,2,1,4,31.8359375,1.9933137893676758
512,2,1,5,36.5234375,1.8689526319503784
512,2,1,6,37.6953125,1.7458614110946655
512,2,1,7,44.7265625,1.6220060586929321
512,2,1,8,50.1953125,1.5090155601501465
512,2,1,9,54.8828125,1.401932954788208
512,2,1,10,57.03125,1.302521824836731
512,2,1,11,58.203125,1.2064099311828613
512,2,1,12,61.71875,1.123255729675293
512,2,1,13,65.625,1.0334503650665283
512,2,1,14,68.359375,0.9609503746032715
512,2,1,15,71.875,0.8795571327209473
512,2,1,16,75.390625,0.8113354444503784
512,2,1,17,78.3203125,0.7509722709655762
512,2,1,18,79.6875,0.6944873332977295
512,2,1,19,81.0546875,0.6446653604507446
512,2,1,20,81.8359375,0.6065704822540283
512,2,1,21,83.3984375,0.5573098063468933
512,2,1,22,86.1328125,0.5055245161056519
512,2,1,23,86.1328125,0.4675396680831909
512,2,1,24,89.453125,0.428195059299469
512,2,1,25,90.234375,0.4056278169155121
512,2,1,26,91.9921875,0.3612585961818695
512,2,1,27,92.1875,0.3286125063896179
512,2,1,28,93.359375,0.30550873279571533
512,2,1,29,94.3359375,0.2839010953903198
512,2,1,30,94.140625,0.2577511966228485
512,2,1,31,96.09375,0.2331017702817917
512,2,1,32,97.265625,0.21238666772842407
512,2,1,33,97.265625,0.19180329144001007
512,2,1,34,97.65625,0.17953354120254517
512,2,1,35,98.046875,0.16474784910678864
512,2,1,36,97.8515625,0.15117135643959045
512,2,1,37,98.046875,0.1406722515821457
512,2,1,38,98.6328125,0.12732115387916565
512,2,1,39,98.6328125,0.12114615738391876
512,2,1,40,98.6328125,0.11275692284107208
512,2,1,41,98.828125,0.10657557845115662
512,2,1,42,98.828125,0.0994638055562973
512,2,1,43,99.0234375,0.0946793183684349
512,2,1,44,99.21875,0.08878449350595474
512,2,1,45,99.0234375,0.0845067948102951
512,2,1,46,99.4140625,0.07972492277622223
512,2,1,47,99.4140625,0.07256552577018738
512,2,1,48,99.4140625,0.06919914484024048
512,2,1,49,99.609375,0.0642102062702179
512,2,1,50,99.609375,0.06171030178666115
512,2,1,51,99.609375,0.05652065575122833
512,2,1,52,99.609375,0.05398261919617653
512,2,1,53,99.609375,0.05108828470110893
512,2,1,54,99.609375,0.04914600029587746
512,2,1,55,99.609375,0.04719866067171097
512,2,1,56,99.609375,0.04527173191308975
512,2,1,57,99.609375,0.043008096516132355
512,2,1,58,99.609375,0.04128735512495041
512,2,1,59,99.609375,0.039045896381139755
512,2,1,60,99.609375,0.03825041279196739
512,2,1,61,99.609375,0.03640267625451088
512,2,1,62,99.609375,0.034665949642658234
512,2,1,63,99.609375,0.03400558978319168
512,2,1,64,99.609375,0.033174991607666016
512,2,1,65,99.609375,0.031941305845975876
512,2,1,66,99.8046875,0.030481282621622086
512,2,1,67,99.8046875,0.029329095035791397
512,2,1,68,99.8046875,0.028126314282417297
512,2,1,69,99.8046875,0.027440059930086136
512,2,1,70,99.8046875,0.026490969583392143
512,2,1,71,99.8046875,0.02550441026687622
512,2,1,72,99.8046875,0.024386826902627945
512,2,1,73,99.8046875,0.024024885147809982
512,2,1,74,99.8046875,0.022964153438806534
512,2,1,75,99.8046875,0.022286703810095787
512,2,1,76,99.8046875,0.021336106583476067
512,2,1,77,99.8046875,0.02084917202591896
512,2,1,78,99.8046875,0.020120639353990555
512,2,1,79,99.8046875,0.019525758922100067
512,2,1,80,99.8046875,0.018987175077199936
512,2,1,81,99.8046875,0.018561379984021187
512,2,1,82,99.8046875,0.01791444793343544
512,2,1,83,99.8046875,0.017470283433794975
512,2,1,84,99.8046875,0.01665002480149269
512,2,1,85,99.8046875,0.0159005019813776
512,2,1,86,99.8046875,0.015971414744853973
512,2,1,87,99.8046875,0.015280581079423428
512,2,1,88,99.8046875,0.014625162817537785
512,2,1,89,99.8046875,0.01426589023321867
512,2,1,90,99.8046875,0.013769512064754963
512,2,1,91,99.8046875,0.013601928949356079
512,2,1,92,99.8046875,0.013069302774965763
512,2,1,93,99.8046875,0.01283995434641838
512,2,1,94,99.8046875,0.012671925127506256
512,2,1,95,99.8046875,0.012160821817815304
512,2,1,96,99.8046875,0.011845419183373451
512,2,1,97,99.8046875,0.011878211051225662
512,2,1,98,99.8046875,0.01126014068722725
512,2,1,99,99.8046875,0.010964359156787395
512,2,1,100,99.8046875,0.01071064081043005
512,2,2,1,99.8046875,0.009702455252408981
512,2,2,2,100.0,0.008226033300161362
512,2,2,3,100.0,0.006577598862349987
512,2,2,4,100.0,0.0053190672770142555
512,2,2,5,100.0,0.004627526737749577
512,2,2,6,100.0,0.004086760338395834
512,2,2,7,100.0,0.003603133838623762
512,2,2,8,100.0,0.0032017510384321213
512,2,2,9,100.0,0.0028873756527900696
512,2,2,10,100.0,0.00250242929905653
512,2,2,11,100.0,0.002216713735833764
512,2,2,12,100.0,0.0019829412922263145
512,2,2,13,100.0,0.001785441767424345
512,2,2,14,100.0,0.0015599437756463885
512,2,2,15,100.0,0.0013900803169235587
512,2,2,16,100.0,0.0012274646433070302
512,2,2,17,100.0,0.001088491058908403
512,2,2,18,100.0,0.0009776368970051408
512,2,2,19,100.0,0.0008733261493034661
512,2,2,20,100.0,0.000783217023126781
512,2,2,21,100.0,0.0007096233894117177
512,2,2,22,100.0,0.0006403487059287727
512,2,2,23,100.0,0.0005833742907270789
512,2,2,24,100.0,0.0005429719458334148
512,2,2,25,100.0,0.0004931933945044875
512,2,2,26,100.0,0.00044501511729322374
512,2,2,27,100.0,0.000413209549151361
512,2,2,28,100.0,0.0003904000041075051
512,2,2,29,100.0,0.0003603008226491511
512,2,2,30,100.0,0.0003339023096486926
512,2,2,31,100.0,0.0003109621466137469
512,2,2,32,100.0,0.00028951323474757373
512,2,2,33,100.0,0.00027382528060115874
512,2,2,34,100.0,0.0002585781621746719
512,2,2,35,100.0,0.0002433322079014033
512,2,2,36,100.0,0.00022988076671026647
512,2,2,37,100.0,0.00021574414859060198
512,2,2,38,100.0,0.00020432671590242535
512,2,2,39,100.0,0.0001941886148415506
512,2,2,40,100.0,0.00018400783301331103
512,2,2,41,100.0,0.000175077686435543
512,2,2,42,100.0,0.00016609409067314118
512,2,2,43,100.0,0.00015817524399608374
512,2,2,44,100.0,0.00015080788580235094
512,2,2,45,100.0,0.00014357108739204705
512,2,2,46,100.0,0.0001366051146760583
512,2,2,47,100.0,0.0001302263408433646
512,2,2,48,100.0,0.0001253559603355825
512,2,2,49,100.0,0.00011972789070568979
512,2,2,50,100.0,0.00011506572627695277
512,2,2,51,100.0,0.00011150345380883664
512,2,2,52,100.0,0.00010625845607137308
512,2,2,53,100.0,0.00010165121057070792
512,2,2,54,100.0,9.82813216978684e-05
512,2,2,55,100.0,9.441052679903805e-05
512,2,2,56,100.0,9.024777682498097e-05
512,2,2,57,100.0,8.695355063537136e-05
512,2,2,58,100.0,8.378511120099574e-05
512,2,2,59,100.0,8.082605199888349e-05
512,2,2,60,100.0,7.789825031068176e-05
512,2,2,61,100.0,7.528437708970159e-05
512,2,2,62,100.0,7.313014793908224e-05
512,2,2,63,100.0,7.08043371560052e-05
512,2,2,64,100.0,6.859371933387592e-05
512,2,2,65,100.0,6.662258238065988e-05
512,2,2,66,100.0,6.479049625340849e-05
512,2,2,67,100.0,6.273308827076107e-05
512,2,2,68,100.0,6.090796887292527e-05
512,2,2,69,100.0,5.9126861742697656e-05
512,2,2,70,100.0,5.7391589507460594e-05
512,2,2,71,100.0,5.565328319789842e-05
512,2,2,72,100.0,5.401486123446375e-05
512,2,2,73,100.0,5.2666924602817744e-05
512,2,2,74,100.0,5.130805220687762e-05
512,2,2,75,100.0,5.002110992791131e-05
512,2,2,76,100.0,4.8683228669688106e-05
512,2,2,77,100.0,4.743124736705795e-05
512,2,2,78,100.0,4.6246983401943e-05
512,2,2,79,100.0,4.510692451731302e-05
512,2,2,80,100.0,4.411653208080679e-05
512,2,2,81,100.0,4.3062580516561866e-05
512,2,2,82,100.0,4.208387326798402e-05
512,2,2,83,100.0,4.105907282792032e-05
512,2,2,84,100.0,3.9978622226044536e-05
512,2,2,85,100.0,3.903622564394027e-05
512,2,2,86,100.0,3.828353510471061e-05
512,2,2,87,100.0,3.741864566109143e-05
512,2,2,88,100.0,3.66063613910228e-05
512,2,2,89,100.0,3.5766865039477125e-05
512,2,2,90,100.0,3.507240762701258e-05
512,2,2,91,100.0,3.423569432925433e-05
512,2,2,92,100.0,3.349372127559036e-05
512,2,2,93,100.0,3.283857222413644e-05
512,2,2,94,100.0,3.221532460884191e-05
512,2,2,95,100.0,3.152621502522379e-05
512,2,2,96,100.0,3.0875980883138254e-05
512,2,2,97,100.0,3.0275099561549723e-05
512,2,2,98,100.0,2.948921792267356e-05
512,2,2,99,100.0,2.8840873710578308e-05
512,2,2,100,100.0,2.826676791300997e-05
512,2,3,1,100.0,2.721378768910654e-05
512,2,3,2,100.0,2.594448596937582e-05
512,2,3,3,100.0,2.4326436687260866e-05
512,2,3,4,100.0,2.2458094463218004e-05
512,2,3,5,100.0,2.0198362108203582e-05
512,2,3,6,100.0,1.80272945726756e-05
512,2,3,7,100.0,1.5889039786998183e-05
512,2,3,8,100.0,1.3963115634396672e-05
512,2,3,9,100.0,1.2328688171692193e-05
512,2,3,10,100.0,1.0740122888819315e-05
512,2,3,11,100.0,9.430477803107351e-06
512,2,3,12,100.0,8.145972060447093e-06
512,2,3,13,100.0,7.0647229222231545e-06
512,2,3,14,100.0,6.071946700103581e-06
512,2,3,15,100.0,5.359957867767662e-06
512,2,3,16,100.0,4.687783075496554e-06
512,2,3,17,100.0,4.169972271483857e-06
512,2,3,18,100.0,3.6859210013062693e-06
512,2,3,19,100.0,3.253557906646165e-06
512,2,3,20,100.0,2.8959323117305757e-06
512,2,3,21,100.0,2.5965141503547784e-06
512,2,3,22,100.0,2.3569323275296483e-06
512,2,3,23,100.0,2.0994236820115475e-06
512,2,3,24,100.0,1.8987250314239645e-06
512,2,3,25,100.0,1.7138590919785202e-06
512,2,3,26,100.0,1.5560015071969246e-06
512,2,3,27,100.0,1.4009378901391756e-06
512,2,3,28,100.0,1.2698551472567488e-06
512,2,3,29,100.0,1.158795726041717e-06
512,2,3,30,100.0,1.063335730577819e-06
512,2,3,31,100.0,9.774214504432166e-07
512,2,3,32,100.0,9.057098964149191e-07
512,2,3,33,100.0,8.405174298786733e-07
512,2,3,34,100.0,7.862680035941594e-07
512,2,3,35,100.0,7.348126018769108e-07
512,2,3,36,100.0,6.805632324358157e-07
512,2,3,37,100.0,6.40283644770534e-07
512,2,3,38,100.0,6.046606131349108e-07
512,2,3,39,100.0,5.678734851244371e-07
512,2,3,40,100.0,5.417964530352037e-07
512,2,3,41,100.0,5.082688403490465e-07
512,2,3,42,100.0,4.891768412562669e-07
512,2,3,43,100.0,4.61237192439512e-07
512,2,3,44,100.0,4.4098095486333477e-07
512,2,3,45,100.0,4.1932773342523433e-07
512,2,3,46,100.0,4.0139977386388637e-07
512,2,3,47,100.0,3.7881522985117044e-07
512,2,3,48,100.0,3.660095444502076e-07
512,2,3,49,100.0,3.504099197471078e-07
512,2,3,50,100.0,3.373714321242005e-07
512,2,3,51,100.0,3.1921069876261754e-07
512,2,3,52,100.0,3.0547369078703923e-07
512,2,3,53,100.0,2.8917554573126836e-07
512,2,3,54,100.0,2.7776684419222875e-07
512,2,3,55,100.0,2.6891930815509113e-07
512,2,3,56,100.0,2.5867475983432087e-07
512,2,3,57,100.0,2.4726605829528125e-07
512,2,3,58,100.0,2.39582675476413e-07
512,2,3,59,100.0,2.279411290828648e-07
512,2,3,60,100.0,2.209562097732487e-07
512,2,3,61,100.0,2.1280715145621798e-07
512,2,3,62,100.0,2.048909095719864e-07
512,2,3,63,100.0,1.951120367493786e-07
512,2,3,64,100.0,1.8998976258899347e-07
512,2,3,65,100.0,1.8184069006110803e-07
512,2,3,66,100.0,1.774169078316845e-07
512,2,3,67,100.0,1.7276029495860712e-07
512,2,3,68,100.0,1.6507688371802942e-07
512,2,3,69,100.0,1.5925611762668268e-07
512,2,3,70,100.0,1.5506516604091303e-07
512,2,3,71,100.0,1.5296970445888292e-07
512,2,3,72,100.0,1.49244414160421e-07
512,2,3,73,100.0,1.422594948508049e-07
512,2,3,74,100.0,1.3760288197772752e-07
512,2,3,75,100.0,1.3737005133407365e-07
512,2,3,76,100.0,1.33179099748304e-07
512,2,3,77,100.0,1.2665984172599565e-07
512,2,3,78,100.0,1.2363304335849534e-07
512,2,3,79,100.0,1.2130473692195665e-07
512,2,3,80,100.0,1.1734662308526822e-07
512,2,3,81,100.0,1.1478548600507565e-07
512,2,3,82,100.0,1.0966321184469052e-07
512,2,3,83,100.0,1.0849905862642117e-07
512,2,3,84,100.0,1.075677360518057e-07
512,2,3,85,100.0,1.0291113028415566e-07
512,2,3,86,100.0,9.965150127300149e-08
512,2,3,87,100.0,9.639187226184731e-08
512,2,3,88,100.0,9.313224325069314e-08
512,2,3,89,100.0,8.963978359588509e-08
512,2,3,90,100.0,9.103676745780831e-08
512,2,3,91,100.0,8.870846102126961e-08
512,2,3,92,100.0,8.568166265376931e-08
512,2,3,93,100.0,8.428467879184609e-08
512,2,3,94,100.0,8.149071106799965e-08
512,2,3,95,100.0,7.869674334415322e-08
512,2,3,96,100.0,7.613560626396065e-08
512,2,3,97,100.0,7.450579175838357e-08
512,2,3,98,100.0,7.1944654678191e-08
512,2,3,99,100.0,7.054767081626778e-08
512,2,3,100,100.0,6.915068695434456e-08
512,2,4,1,100.0,7.613560626396065e-08
512,2,4,2,100.0,7.334163854011422e-08
512,2,4,3,100.0,7.334163854011422e-08
512,2,4,4,100.0,7.217748532184487e-08
512,2,4,5,100.0,6.915068695434456e-08
512,2,4,6,100.0,6.89178563106907e-08
512,2,4,7,100.0,6.752087244876748e-08
512,2,4,8,100.0,6.89178563106907e-08
512,2,4,9,100.0,6.915068695434456e-08
512,2,4,10,100.0,6.821936437972909e-08
512,2,4,11,100.0,6.798653373607522e-08
512,2,4,12,100.0,6.705521116145974e-08
512,2,4,13,100.0,6.705521116145974e-08
512,2,4,14,100.0,6.635671923049813e-08
512,2,4,15,100.0,6.6589549874152e-08
512,2,4,16,100.0,6.589105794319039e-08
512,2,4,17,100.0,6.589105794319039e-08
512,2,4,18,100.0,6.495973536857491e-08
512,2,4,19,100.0,6.472690472492104e-08
512,2,4,20,100.0,6.309709021934395e-08
512,2,4,21,100.0,6.263142893203621e-08
512,2,4,22,100.0,6.170010635742074e-08
512,2,4,23,100.0,6.007029185184365e-08
512,2,4,24,100.0,6.053595313915139e-08
512,2,4,25,100.0,6.1234445070113e-08
512,2,4,26,100.0,6.053595313915139e-08
512,2,4,27,100.0,5.890614573900166e-08
512,2,4,28,100.0,5.867331154263411e-08
512,2,4,29,100.0,5.867331509534779e-08
512,2,4,30,100.0,5.867331509534779e-08
512,2,4,31,100.0,5.844048445169392e-08
512,2,4,32,100.0,5.797482316438618e-08
512,2,4,33,100.0,5.727633123342457e-08
512,2,4,34,100.0,5.727633123342457e-08
512,2,4,35,100.0,5.727633123342457e-08
512,2,4,36,100.0,5.727633123342457e-08
512,2,4,37,100.0,5.681066994611683e-08
512,2,4,38,100.0,5.611217801515522e-08
512,2,4,39,100.0,5.611217801515522e-08
512,2,4,40,100.0,5.4715194153232005e-08
512,2,4,41,100.0,5.285254900400105e-08
512,2,4,42,100.0,5.16883957857317e-08
512,2,4,43,100.0,5.098990385477009e-08
512,2,4,44,100.0,5.122273449842396e-08
512,2,4,45,100.0,4.9592919992846873e-08
512,2,4,46,100.0,4.7963105487269786e-08
512,2,4,47,100.0,4.679895226900044e-08
512,2,4,48,100.0,4.586762969438496e-08
512,2,4,49,100.0,4.586762969438496e-08
512,2,4,50,100.0,4.447064583246174e-08
512,2,4,51,100.0,4.1909508752269176e-08
512,2,4,52,100.0,4.1676678108615306e-08
512,2,4,53,100.0,4.051252489034596e-08
512,2,4,54,100.0,3.981403295938435e-08
512,2,4,55,100.0,4.027969424669209e-08
512,2,4,56,100.0,4.051252489034596e-08
512,2,4,57,100.0,3.934837167207661e-08
512,2,4,58,100.0,3.725289943190546e-08
512,2,4,59,100.0,3.818421845380726e-08
512,2,4,60,100.0,3.818421845380726e-08
512,2,4,61,100.0,3.841705265017481e-08
512,2,4,62,100.0,3.6088746213636114e-08
512,2,4,63,100.0,3.4226101064405157e-08
512,2,4,64,100.0,3.818422200652094e-08
512,2,4,65,100.0,3.5855915569982244e-08
512,2,4,66,100.0,3.655440750094385e-08
512,2,4,67,100.0,3.6554403948230174e-08
512,2,4,68,100.0,3.6088746213636114e-08
512,2,4,69,100.0,3.5390250729960826e-08
512,2,4,70,100.0,3.655440750094385e-08
512,2,4,71,100.0,3.6787234591884044e-08
512,2,4,72,100.0,3.5157420086306956e-08
512,2,4,73,100.0,3.725289587919178e-08
512,2,4,74,100.0,3.818421845380726e-08
512,2,4,75,100.0,4.353932325784626e-08
512,2,4,76,100.0,4.1443847464961436e-08
512,2,4,77,100.0,5.774198896801863e-08
512,2,4,78,100.0,4.377215390150013e-08
512,2,4,79,100.0,5.5413686084193614e-08
512,2,4,80,100.0,1.1967483715125127e-07
512,2,4,81,100.0,6.495973536857491e-08
512,2,4,82,100.0,5.816023644911184e-07
512,2,4,83,100.0,0.0005901631666347384
512,2,4,84,99.609375,0.007643202319741249
512,2,4,85,100.0,0.001891509280540049
512,2,4,86,100.0,0.0018788556335493922
512,2,4,87,99.8046875,0.0038531851023435593
512,2,4,88,100.0,4.630966486729449e-06
512,2,4,89,100.0,0.001399497501552105
512,2,4,90,100.0,0.00011082793207606301
512,2,4,91,100.0,1.5166690900514368e-05
512,2,4,92,100.0,1.5336237993324175e-05
512,2,4,93,100.0,2.3041237000143155e-05
512,2,4,94,100.0,2.6663699827622622e-05
512,2,4,95,100.0,2.15232703340007e-05
512,2,4,96,100.0,1.6227651940425858e-05
512,2,4,97,100.0,9.658060662331991e-06
512,2,4,98,100.0,6.321948148979573e-06
512,2,4,99,100.0,4.519059984886553e-06
512,2,4,100,100.0,3.6345045373309404e-06
512,2,5,1,100.0,2.8474346436269116e-06
512,2,5,2,100.0,1.9044745158680598e-06
512,2,5,3,100.0,1.1245563200645847e-06
512,2,5,4,100.0,5.881269089513808e-07
512,2,5,5,100.0,3.059388973269961e-07
512,2,5,6,100.0,1.9790584815382317e-07
512,2,5,7,100.0,1.7089743664655543e-07
512,2,5,8,100.0,1.3620586969409487e-07
512,2,5,9,100.0,1.3108359553370974e-07
512,2,5,10,100.0,1.2503001300956385e-07
512,2,5,11,100.0,1.1338848793229772e-07
512,2,5,12,100.0,1.0570508379714738e-07
512,2,5,13,100.0,1.0081564738584348e-07
512,2,5,14,100.0,9.52277119381506e-08
512,2,5,15,100.0,9.103676035238095e-08
512,2,5,16,100.0,8.917412230857735e-08
512,2,5,17,100.0,8.614732394107705e-08
512,2,5,18,100.0,8.242203364261513e-08
512,2,5,19,100.0,8.218920299896126e-08
512,2,5,20,100.0,8.032655784973031e-08
512,2,5,21,100.0,8.032655784973031e-08
512,2,5,22,100.0,7.869674334415322e-08
512,2,5,23,100.0,7.590277562030678e-08
512,2,5,24,100.0,7.42729611147297e-08
512,2,5,25,100.0,7.310880789646035e-08
512,2,5,26,100.0,7.124616274722939e-08
512,2,5,27,100.0,7.101333210357552e-08
512,2,5,28,100.0,6.89178563106907e-08
512,2,5,29,100.0,6.635671923049813e-08
512,2,5,30,100.0,6.519256601222878e-08
512,2,5,31,100.0,6.379558215030556e-08
512,2,5,32,100.0,6.216576764472848e-08
512,2,5,33,100.0,6.053595313915139e-08
512,2,5,34,100.0,6.053595313915139e-08
512,2,5,35,100.0,5.983746831361714e-08
512,2,5,36,100.0,5.844048445169392e-08
512,2,5,37,100.0,5.727633123342457e-08
512,2,5,38,100.0,5.5879347371501353e-08
512,2,5,39,100.0,5.5646516727847484e-08
512,2,5,40,100.0,5.285254900400105e-08
512,2,5,41,100.0,5.215405707303944e-08
512,2,5,42,100.0,5.029141192380848e-08
512,2,5,43,100.0,4.8428766774577525e-08
512,2,5,44,100.0,4.726461355630818e-08
512,2,5,45,100.0,4.656612162534657e-08
512,2,5,46,100.0,4.656612162534657e-08
512,2,5,47,100.0,4.470347647611561e-08
512,2,5,48,100.0,4.447064583246174e-08
512,2,5,49,100.0,4.423781518880787e-08
512,2,5,50,100.0,4.2142339395923045e-08
512,2,5,51,100.0,4.1909508752269176e-08
512,2,5,52,100.0,4.121101682130757e-08
512,2,5,53,100.0,3.888271038476887e-08
512,2,5,54,100.0,3.888271038476887e-08
512,2,5,55,100.0,3.771855716649952e-08
512,2,5,56,100.0,3.771855716649952e-08
512,2,5,57,100.0,3.748572652284565e-08
512,2,5,58,100.0,3.5855912017268565e-08
512,2,5,59,100.0,3.306194429342213e-08
512,2,5,60,100.0,3.236345236246052e-08
512,2,5,61,100.0,3.492458944265309e-08
512,2,5,62,100.0,3.469175879899922e-08
512,2,5,63,100.0,3.469175879899922e-08
512,2,5,64,100.0,3.259628300611439e-08
512,2,5,65,100.0,3.282911364976826e-08
512,2,5,66,100.0,3.282911364976826e-08
512,2,5,67,100.0,3.189779107515278e-08
512,2,5,68,100.0,3.119929914419117e-08
512,2,5,69,100.0,3.143212978784504e-08
512,2,5,70,100.0,3.189779462786646e-08
512,2,5,71,100.0,3.143213334055872e-08
512,2,5,72,100.0,3.026798012228937e-08
512,2,5,73,100.0,2.7939673685750677e-08
512,2,5,74,100.0,2.7008351111135198e-08
512,2,5,75,100.0,2.8638165616712286e-08
512,2,5,76,100.0,2.8870996260366155e-08
512,2,5,77,100.0,2.7241181754789068e-08
512,2,5,78,100.0,2.9569488191327764e-08
512,2,5,79,100.0,3.143213334055872e-08
512,2,5,80,100.0,2.8870996260366155e-08
512,2,5,81,100.0,3.073364140959711e-08
512,2,5,82,100.0,3.282911364976826e-08
512,2,5,83,100.0,3.422609751169148e-08
512,2,5,84,100.0,3.166496398421259e-08
512,2,5,85,100.0,3.352760558072987e-08
512,2,5,86,100.0,3.5623081373614696e-08
512,2,5,87,100.0,3.771855716649952e-08
512,2,5,88,100.0,3.5855912017268565e-08
512,2,5,89,100.0,4.2840831326884654e-08
512,2,5,90,100.0,4.004686360303822e-08
512,2,5,91,100.0,4.493630711976948e-08
512,2,5,92,100.0,4.3073661970538524e-08
512,2,5,93,100.0,5.913897282994185e-08
512,2,5,94,100.0,6.495973536857491e-08
512,2,5,95,100.0,5.634500865880909e-08
512,2,5,96,100.0,7.753258302045651e-08
512,2,5,97,100.0,8.218918168267919e-08
512,2,5,98,100.0,2.1640103113895748e-06
512,2,5,99,100.0,0.00016846325888764113
512,2,5,100,100.0,3.476417623460293e-05
512,2,6,1,100.0,1.7115991795435548e-05
512,2,6,2,100.0,5.152965968591161e-06
512,2,6,3,100.0,1.370181735182996e-06
512,2,6,4,100.0,5.443549753181287e-07
512,2,6,5,100.0,3.6624103927351825e-07
512,2,6,6,100.0,3.1757986107550096e-07
512,2,6,7,100.0,2.7520519552126643e-07
512,2,6,8,100.0,2.2351707684720168e-07
512,2,6,9,100.0,1.8789410205499735e-07
512,2,6,10,100.0,1.683364132532006e-07
512,2,6,11,100.0,1.5669489528136182e-07
512,2,6,12,100.0,1.4924434310614743e-07
512,2,6,13,100.0,1.427250992946938e-07
512,2,6,14,100.0,1.366715167705479e-07
512,2,6,15,100.0,1.3015227295909426e-07
512,2,6,16,100.0,1.2433152107860224e-07
512,2,6,17,100.0,1.2200322885291826e-07
512,2,6,18,100.0,1.1804510080537511e-07
512,2,6,19,100.0,1.1338849503772508e-07
512,2,6,20,100.0,1.1059452731387864e-07
512,2,6,21,100.0,1.094303740956093e-07
512,2,6,22,100.0,1.0523942250983964e-07
512,2,6,23,100.0,1.0384244575334378e-07
512,2,6,24,100.0,9.9884324811228e-08
512,2,6,25,100.0,9.941867062934762e-08
512,2,6,26,100.0,9.685753354915505e-08
512,2,6,27,100.0,9.429639646896248e-08
512,2,6,28,100.0,9.220092067607766e-08
512,2,6,29,100.0,8.894129166492348e-08
512,2,6,30,100.0,8.591449329742318e-08
512,2,6,31,100.0,8.475034007915383e-08
512,2,6,32,100.0,8.312052557357674e-08
512,2,6,33,100.0,8.009372720607644e-08
512,2,6,34,100.0,7.869674334415322e-08
512,2,6,35,100.0,7.660126755126839e-08
512,2,6,36,100.0,7.42729611147297e-08
512,2,6,37,100.0,7.334163854011422e-08
512,2,6,38,100.0,7.357446918376809e-08
512,2,6,39,100.0,7.380729982742196e-08
512,2,6,40,100.0,7.171182403453713e-08
512,2,6,41,100.0,7.031484017261391e-08
512,2,6,42,100.0,6.915068695434456e-08
512,2,6,43,100.0,6.752087244876748e-08
512,2,6,44,100.0,6.682238051780587e-08
512,2,6,45,100.0,6.6589549874152e-08
512,2,6,46,100.0,6.565822729953652e-08
512,2,6,47,100.0,6.42612434376133e-08
512,2,6,48,100.0,6.542539665588265e-08
512,2,6,49,100.0,6.35627515066517e-08
512,2,6,50,100.0,6.263142893203621e-08
512,2,6,51,100.0,6.170010635742074e-08
512,2,6,52,100.0,6.053595313915139e-08
512,2,6,53,100.0,6.100161442645913e-08
512,2,6,54,100.0,6.076878378280526e-08
512,2,6,55,100.0,6.030312249549752e-08
512,2,6,56,100.0,6.030312249549752e-08
512,2,6,57,100.0,5.89061386335743e-08
512,2,6,58,100.0,5.844048445169392e-08
512,2,6,59,100.0,5.774199252073231e-08
512,2,6,60,100.0,5.774199252073231e-08
512,2,6,61,100.0,5.727633123342457e-08
512,2,6,62,100.0,5.774199252073231e-08
512,2,6,63,100.0,5.5413686084193614e-08
512,2,6,64,100.0,5.4482363509578136e-08
512,2,6,65,100.0,5.4482363509578136e-08
512,2,6,66,100.0,5.3783871578616527e-08
512,2,6,67,100.0,5.308537964765492e-08
512,2,6,68,100.0,5.238688771669331e-08
512,2,6,69,100.0,5.16883957857317e-08
512,2,6,70,100.0,5.192122642938557e-08
512,2,6,71,100.0,5.16883957857317e-08
512,2,6,72,100.0,5.122273449842396e-08
512,2,6,73,100.0,5.098990385477009e-08
512,2,6,74,100.0,4.9360089349193004e-08
512,2,6,75,100.0,4.7730274843615916e-08
512,2,6,76,100.0,4.8195936130923656e-08
512,2,6,77,100.0,4.8428766774577525e-08
512,2,6,78,100.0,4.7730274843615916e-08
512,2,6,79,100.0,4.749744419996205e-08
512,2,6,80,100.0,4.7730274843615916e-08
512,2,6,81,100.0,4.749744419996205e-08
512,2,6,82,100.0,4.726461355630818e-08
512,2,6,83,100.0,4.63332909816927e-08
512,2,6,84,100.0,4.516913776342335e-08
512,2,6,85,100.0,4.586762969438496e-08
512,2,6,86,100.0,4.703178291265431e-08
512,2,6,87,100.0,4.703178291265431e-08
512,2,6,88,100.0,4.63332909816927e-08
512,2,6,89,100.0,4.63332909816927e-08
512,2,6,90,100.0,4.470347647611561e-08
512,2,6,91,100.0,4.516913776342335e-08
512,2,6,92,100.0,4.470347647611561e-08
512,2,6,93,100.0,4.470347647611561e-08
512,2,6,94,100.0,4.4004984545154e-08
512,2,6,95,100.0,4.2840831326884654e-08
512,2,6,96,100.0,4.1909508752269176e-08
512,2,6,97,100.0,4.1443847464961436e-08
512,2,6,98,100.0,4.1443847464961436e-08
512,2,6,99,100.0,4.1909508752269176e-08
512,2,6,100,100.0,4.2608000683230784e-08
512,2,7,1,100.0,4.2840831326884654e-08
512,2,7,2,100.0,4.2608000683230784e-08
512,2,7,3,100.0,4.2608000683230784e-08
512,2,7,4,100.0,4.1443847464961436e-08
512,2,7,5,100.0,4.051252489034596e-08
512,2,7,6,100.0,4.051252489034596e-08
512,2,7,7,100.0,4.004686360303822e-08
512,2,7,8,100.0,3.958120231573048e-08
512,2,7,9,100.0,3.911554102842274e-08
512,2,7,10,100.0,3.888271038476887e-08
512,2,7,11,100.0,3.8649879741115e-08
512,2,7,12,100.0,3.77185607192132e-08
512,2,7,13,100.0,3.795139136286707e-08
512,2,7,14,100.0,3.795139136286707e-08
512,2,7,15,100.0,3.818422200652094e-08
512,2,7,16,100.0,3.77185607192132e-08
512,2,7,17,100.0,3.748573007555933e-08
512,2,7,18,100.0,3.77185607192132e-08
512,2,7,19,100.0,3.678723814459772e-08
512,2,7,20,100.0,3.6088746213636114e-08
512,2,7,21,100.0,3.5623084926328374e-08
512,2,7,22,100.0,3.5623084926328374e-08
512,2,7,23,100.0,3.5157423639020635e-08
512,2,7,24,100.0,3.4924592995366766e-08
512,2,7,25,100.0,3.4924592995366766e-08
512,2,7,26,100.0,3.4226101064405157e-08
512,2,7,27,100.0,3.399327042075129e-08
512,2,7,28,100.0,3.376043977709742e-08
512,2,7,29,100.0,3.376043977709742e-08
512,2,7,30,100.0,3.399327042075129e-08
512,2,7,31,100.0,3.352760913344355e-08
512,2,7,32,100.0,3.329477848978968e-08
512,2,7,33,100.0,3.306194784613581e-08
512,2,7,34,100.0,3.189779462786646e-08
512,2,7,35,100.0,3.143213334055872e-08
512,2,7,36,100.0,3.143213334055872e-08
512,2,7,37,100.0,3.119930269690485e-08
512,2,7,38,100.0,3.073364140959711e-08
512,2,7,39,100.0,3.119930269690485e-08
512,2,7,40,100.0,3.026798012228937e-08
512,2,7,41,100.0,3.0035149478635503e-08
512,2,7,42,100.0,2.9336657547673894e-08
512,2,7,43,100.0,2.9802318834981634e-08
512,2,7,44,100.0,3.0035149478635503e-08
512,2,7,45,100.0,2.9802318834981634e-08
512,2,7,46,100.0,2.9336657547673894e-08
512,2,7,47,100.0,3.0035145925921825e-08
512,2,7,48,100.0,2.8172504329404546e-08
512,2,7,49,100.0,2.7939673685750677e-08
512,2,7,50,100.0,2.7474012398442937e-08
512,2,7,51,100.0,2.7241181754789068e-08
512,2,7,52,100.0,2.7241181754789068e-08
512,2,7,53,100.0,2.7474012398442937e-08
512,2,7,54,100.0,2.7474012398442937e-08
512,2,7,55,100.0,2.561136724921198e-08
512,2,7,56,100.0,2.584419789286585e-08
512,2,7,57,100.0,2.561136724921198e-08
512,2,7,58,100.0,2.607702853651972e-08
512,2,7,59,100.0,2.584419789286585e-08
512,2,7,60,100.0,2.537853660555811e-08
512,2,7,61,100.0,2.4214383387288763e-08
512,2,7,62,100.0,2.4680044674596502e-08
512,2,7,63,100.0,2.3748722099981023e-08
512,2,7,64,100.0,2.4447214030942632e-08
512,2,7,65,100.0,2.537853660555811e-08
512,2,7,66,100.0,2.2118907594403936e-08
512,2,7,67,100.0,2.1886076950750066e-08
512,2,7,68,100.0,2.3050230169019414e-08
512,2,7,69,100.0,2.4447214030942632e-08
512,2,7,70,100.0,2.677552046748133e-08
512,2,7,71,100.0,2.584419789286585e-08
512,2,7,72,100.0,2.607702853651972e-08
512,2,7,73,100.0,2.630985918017359e-08
512,2,7,74,100.0,2.9103826904020025e-08
512,2,7,75,100.0,2.8638165616712286e-08
512,2,7,76,100.0,2.7474012398442937e-08
512,2,7,77,100.0,2.8638165616712286e-08
512,2,7,78,100.0,3.958120231573048e-08
512,2,7,79,100.0,6.984916467445146e-08
512,2,7,80,100.0,6.980206421758339e-07
512,2,7,81,99.8046875,0.00653114914894104
512,2,7,82,99.609375,0.0071198842488229275
512,2,7,83,99.609375,0.02335236221551895
512,2,7,84,99.8046875,0.0026265892665833235
512,2,7,85,100.0,0.0012821840355172753
512,2,7,86,100.0,0.0006159890908747911
512,2,7,87,100.0,3.294826456112787e-05
512,2,7,88,100.0,5.211613824940287e-06
512,2,7,89,100.0,8.772190994932316e-06
512,2,7,90,100.0,8.934470315580256e-06
512,2,7,91,100.0,4.3406098484410904e-06
512,2,7,92,100.0,2.3628272174391896e-06
512,2,7,93,100.0,1.7321978020845563e-06
512,2,7,94,100.0,1.4409538380277809e-06
512,2,7,95,100.0,1.2949775509696337e-06
512,2,7,96,100.0,1.2204750419186894e-06
512,2,7,97,100.0,1.1746089967346052e-06
512,2,7,98,100.0,1.1408496902731713e-06
512,2,7,99,100.0,1.117101646741503e-06
512,2,7,100,100.0,1.0996398032148136e-06
512,2,8,1,100.0,6.54015479994996e-07
512,2,8,2,100.0,3.180456928930653e-07
512,2,8,3,100.0,1.3690431899249234e-07
512,2,8,4,100.0,7.404013047107583e-08
512,2,8,5,100.0,6.472690472492104e-08
512,2,8,6,100.0,6.542539665588265e-08
512,2,8,7,100.0,6.170010635742074e-08
512,2,8,8,100.0,5.261971836034718e-08
512,2,8,9,100.0,4.8428766774577525e-08
512,2,8,10,100.0,4.540196840707722e-08
512,2,8,11,100.0,4.447064583246174e-08
512,2,8,12,100.0,4.353932325784626e-08
512,2,8,13,100.0,4.1909508752269176e-08
512,2,8,14,100.0,4.004686360303822e-08
512,2,8,15,100.0,3.958120231573048e-08
512,2,8,16,100.0,3.818421845380726e-08
512,2,8,17,100.0,3.6088742660922435e-08
512,2,8,18,100.0,3.6088742660922435e-08
512,2,8,19,100.0,3.5623081373614696e-08
512,2,8,20,100.0,3.376043977709742e-08
512,2,8,21,100.0,3.189779462786646e-08
512,2,8,22,100.0,3.119930269690485e-08
512,2,8,23,100.0,3.073364140959711e-08
512,2,8,24,100.0,3.0035149478635503e-08
512,2,8,25,100.0,2.8638165616712286e-08
512,2,8,26,100.0,2.8638165616712286e-08
512,2,8,27,100.0,2.7706843042096807e-08
512,2,8,28,100.0,2.8405334973058416e-08
512,2,8,29,100.0,2.7939673685750677e-08
512,2,8,30,100.0,2.630985918017359e-08
512,2,8,31,100.0,2.7008351111135198e-08
512,2,8,32,100.0,2.7706843042096807e-08
512,2,8,33,100.0,2.654268982382746e-08
512,2,8,34,100.0,2.7008351111135198e-08
512,2,8,35,100.0,2.7939673685750677e-08
512,2,8,36,100.0,2.7939673685750677e-08
512,2,8,37,100.0,2.584419789286585e-08
512,2,8,38,100.0,2.491287531825037e-08
512,2,8,39,100.0,2.4680044674596502e-08
512,2,8,40,100.0,2.3515891456327154e-08
512,2,8,41,100.0,2.4214383387288763e-08
512,2,8,42,100.0,2.2584568881711675e-08
512,2,8,43,100.0,2.2584568881711675e-08
512,2,8,44,100.0,2.2351738238057806e-08
512,2,8,45,100.0,2.2584568881711675e-08
512,2,8,46,100.0,2.2817399525365545e-08
512,2,8,47,100.0,2.2817399525365545e-08
512,2,8,48,100.0,2.0721923732480718e-08
512,2,8,49,100.0,2.2118907594403936e-08
512,2,8,50,100.0,2.0721923732480718e-08
512,2,8,51,100.0,2.1187585019788457e-08
512,2,8,52,100.0,2.048909308882685e-08
512,2,8,53,100.0,2.2118907594403936e-08
512,2,8,54,100.0,2.1886076950750066e-08
512,2,8,55,100.0,2.1187585019788457e-08
512,2,8,56,100.0,2.0954754376134588e-08
512,2,8,57,100.0,2.025626244517298e-08
512,2,8,58,100.0,1.885927858324976e-08
512,2,8,59,100.0,2.1653246307096197e-08
512,2,8,60,100.0,1.955777051421137e-08
512,2,8,61,100.0,1.979060115786524e-08
512,2,8,62,100.0,2.0256264221529818e-08
512,2,8,63,100.0,1.7927957784991122e-08
512,2,8,64,100.0,1.839361907229886e-08
512,2,8,65,100.0,1.7927957784991122e-08
512,2,8,66,100.0,1.955777229056821e-08
512,2,8,67,100.0,2.1420415663442327e-08
512,2,8,68,100.0,1.7927957784991122e-08
512,2,8,69,100.0,2.3283060812673284e-08
512,2,8,70,100.0,2.3050230169019414e-08
512,2,8,71,100.0,2.3748722099981023e-08
512,2,8,72,100.0,2.514570596190424e-08
512,2,8,73,100.0,2.514570596190424e-08
512,2,8,74,100.0,2.607702853651972e-08
512,2,8,75,100.0,3.306194784613581e-08
512,2,8,76,100.0,4.121101682130757e-08
512,2,8,77,100.0,7.241030175464402e-08
512,2,8,78,100.0,4.703178291265431e-08
512,2,8,79,100.0,4.656612162534657e-08
512,2,8,80,100.0,2.0163099634373793e-07
512,2,8,81,100.0,3.793532414420042e-06
512,2,8,82,99.0234375,0.023287750780582428
512,2,8,83,100.0,0.00012540322495624423
512,2,8,84,100.0,1.1568813533813227e-05
512,2,8,85,100.0,0.00014442604151554406
512,2,8,86,100.0,2.806712109304499e-05
512,2,8,87,100.0,2.46676445385674e-05
512,2,8,88,100.0,8.15162366052391e-06
512,2,8,89,100.0,1.2030166089971317e-06
512,2,8,90,100.0,6.535380521199841e-07
512,2,8,91,100.0,1.6376195617340272e-06
512,2,8,92,100.0,5.739150310546393e-07
512,2,8,93,100.0,3.180451528805861e-07
512,2,8,94,100.0,2.623995101203036e-07
512,2,8,95,100.0,2.4423889044555835e-07
512,2,8,96,100.0,2.3096757217899722e-07
512,2,8,97,100.0,2.216544032762613e-07
512,2,8,98,100.0,2.125740365954698e-07
512,2,8,99,100.0,2.0349368412553304e-07
512,2,8,100,100.0,1.9744010160138714e-07
2048,0,1,1,12.353515625,2.287767171859741
2048,0,1,2,15.72265625,2.2639718055725098
2048,0,1,3,16.455078125,2.2398219108581543
2048,0,1,4,17.626953125,2.2103309631347656
2048,0,1,5,20.21484375,2.1793384552001953
2048,0,1,6,20.703125,2.1505706310272217
2048,0,1,7,22.65625,2.1302645206451416
2048,0,1,8,23.193359375,2.1061253547668457
2048,0,1,9,24.21875,2.0752525329589844
2048,0,1,10,25.537109375,2.053100109100342
2048,0,1,11,26.904296875,2.038294792175293
2048,0,1,12,27.783203125,2.017192840576172
2048,0,1,13,28.22265625,1.9955328702926636
2048,0,1,14,28.662109375,1.9796688556671143
2048,0,1,15,30.322265625,1.9585983753204346
2048,0,1,16,30.517578125,1.9385526180267334
2048,0,1,17,31.34765625,1.9203341007232666
2048,0,1,18,31.34765625,1.9088702201843262
2048,0,1,19,32.32421875,1.8866291046142578
2048,0,1,20,32.51953125,1.8742468357086182
2048,0,1,21,33.154296875,1.8598246574401855
2048,0,1,22,34.1796875,1.8437249660491943
2048,0,1,23,35.15625,1.8350307941436768
2048,0,1,24,34.375,1.8252861499786377
2048,0,1,25,35.7421875,1.8095424175262451
2048,0,1,26,35.25390625,1.7960178852081299
2048,0,1,27,35.498046875,1.7828137874603271
2048,0,1,28,36.9140625,1.7681705951690674
2048,0,1,29,36.81640625,1.7553884983062744
2048,0,1,30,37.59765625,1.747990608215332
2048,0,1,31,37.109375,1.7391752004623413
2048,0,1,32,37.3046875,1.725832223892212
2048,0,1,33,38.28125,1.7165422439575195
2048,0,1,34,39.453125,1.6992855072021484
2048,0,1,35,39.16015625,1.6944966316223145
2048,0,1,36,38.916015625,1.6945295333862305
2048,0,1,37,39.306640625,1.688068151473999
2048,0,1,38,38.96484375,1.6846274137496948
2048,0,1,39,40.380859375,1.6612515449523926
2048,0,1,40,40.478515625,1.657904863357544
2048,0,1,41,40.771484375,1.6565186977386475
2048,0,1,42,40.4296875,1.6440191268920898
2048,0,1,43,41.796875,1.6366595029830933
2048,0,1,44,40.8203125,1.6338577270507812
2048,0,1,45,41.796875,1.621622920036316
2048,0,1,46,41.40625,1.6127591133117676
2048,0,1,47,42.724609375,1.6018216609954834
2048,0,1,48,41.9921875,1.5983192920684814
2048,0,1,49,41.748046875,1.601043462753296
2048,0,1,50,43.017578125,1.5879039764404297
2048,0,1,51,42.626953125,1.5834687948226929
2048,0,1,52,43.212890625,1.574052333831787
2048,0,1,53,43.45703125,1.5753052234649658
2048,0,1,54,45.1171875,1.5737018585205078
2048,0,1,55,43.359375,1.5714988708496094
2048,0,1,56,43.26171875,1.5604827404022217
2048,0,1,57,43.5546875,1.5479625463485718
2048,0,1,58,45.166015625,1.5405436754226685
2048,0,1,59,45.458984375,1.53672456741333
2048,0,1,60,45.99609375,1.5286941528320312
2048,0,1,61,45.263671875,1.5277154445648193
2048,0,1,62,45.5078125,1.5221538543701172
2048,0,1,63,45.3125,1.523902177810669
2048,0,1,64,45.703125,1.5151300430297852
2048,0,1,65,44.775390625,1.5177087783813477
2048,0,1,66,45.263671875,1.5144450664520264
2048,0,1,67,44.091796875,1.5072548389434814
2048,0,1,68,45.947265625,1.5047789812088013
2048,0,1,69,46.6796875,1.5089638233184814
2048,0,1,70,45.703125,1.4914923906326294
2048,0,1,71,47.021484375,1.4891269207000732
2048,0,1,72,46.826171875,1.4957997798919678
2048,0,1,73,46.58203125,1.4892578125
2048,0,1,74,46.77734375,1.4817163944244385
2048,0,1,75,46.77734375,1.476750373840332
2048,0,1,76,47.75390625,1.4666218757629395
2048,0,1,77,46.77734375,1.4689732789993286
2048,0,1,78,47.802734375,1.458757758140564
2048,0,1,79,47.65625,1.4608628749847412
2048,0,1,80,47.705078125,1.4529266357421875
2048,0,1,81,48.291015625,1.4520118236541748
2048,0,1,82,48.53515625,1.4514873027801514
2048,0,1,83,47.998046875,1.4461541175842285
2048,0,1,84,47.265625,1.4365565776824951
2048,0,1,85,48.095703125,1.4332994222640991
2048,0,1,86,48.486328125,1.4350075721740723
2048,0,1,87,47.705078125,1.438065528869629
2048,0,1,88,47.900390625,1.431748867034912
2048,0,1,89,47.802734375,1.4309637546539307
2048,0,1,90,47.802734375,1.4337337017059326
2048,0,1,91,47.314453125,1.4301488399505615
2048,0,1,92,48.73046875,1.418138027191162
2048,0,1,93,48.046875,1.423236608505249
2048,0,1,94,48.291015625,1.4180271625518799
2048,0,1,95,47.705078125,1.4146389961242676
2048,0,1,96,48.14453125,1.4024286270141602
2048,0,1,97,48.53515625,1.3953889608383179
2048,0,1,98,48.681640625,1.402988314628601
2048,0,1,99,50.048828125,1.3977830410003662
2048,0,1,100,49.70703125,1.395684003829956
2048,0,2,1,50.537109375,1.3774592876434326
2048,0,2,2,51.123046875,1.361163854598999
2048,0,2,3,52.734375,1.3400328159332275
2048,0,2,4,53.173828125,1.3157374858856201
2048,0,2,5,53.759765625,1.2892391681671143
2048,0,2,6,53.955078125,1.269554853439331
2048,0,2,7,55.224609375,1.2498626708984375
2048,0,2,8,56.54296875,1.2268990278244019
2048,0,2,9,58.251953125,1.209486961364746
2048,0,2,10,59.27734375,1.1860764026641846
2048,0,2,11,59.765625,1.1720271110534668
2048,0,2,12,59.423828125,1.154659628868103
2048,0,2,13,60.44921875,1.1389344930648804
2048,0,2,14,60.791015625,1.123193383216858
2048,0,2,15,62.744140625,1.1041334867477417
2048,0,2,16,63.37890625,1.0880560874938965
2048,0,2,17,64.55078125,1.0748145580291748
2048,0,2,18,64.35546875,1.0656789541244507
2048,0,2,19,63.8671875,1.0534300804138184
2048,0,2,20,63.8671875,1.0390909910202026
2048,0,2,21,65.478515625,1.027451753616333
2048,0,2,22,65.087890625,1.0107002258300781
2048,0,2,23,66.455078125,0.9931334853172302
2048,0,2,24,67.48046875,0.9864519834518433
2048,0,2,25,67.578125,0.9763944149017334
2048,0,2,26,67.48046875,0.9673720598220825
2048,0,2,27,68.06640625,0.9563748836517334
2048,0,2,28,68.505859375,0.9474890232086182
2048,0,2,29,68.994140625,0.9382842779159546
2048,0,2,30,68.84765625,0.9310851097106934
2048,0,2,31,69.23828125,0.9233019948005676
2048,0,2,32,70.1171875,0.9155133366584778
2048,0,2,33,69.3359375,0.9132325649261475
2048,0,2,34,70.068359375,0.9045698642730713
2048,0,2,35,69.53125,0.9074872732162476
2048,0,2,36,69.970703125,0.8958452939987183
2048,0,2,37,70.849609375,0.8813424110412598
2048,0,2,38,69.43359375,0.8811368942260742
2048,0,2,39,70.1171875,0.8761258125305176
2048,0,2,40,71.240234375,0.8695157170295715
2048,0,2,41,70.849609375,0.8691884279251099
2048,0,2,42,71.58203125,0.8608781099319458
2048,0,2,43,72.119140625,0.8531940579414368
2048,0,2,44,71.923828125,0.8469934463500977
2048,0,2,45,70.556640625,0.8552868366241455
2048,0,2,46,72.16796875,0.8479435443878174
2048,0,2,47,72.021484375,0.8431073427200317
2048,0,2,48,71.58203125,0.8406332731246948
2048,0,2,49,71.875,0.8387508392333984
2048,0,2,50,72.705078125,0.8364688158035278
2048,0,2,51,72.75390625,0.8281561136245728
2048,0,2,52,72.802734375,0.8285238742828369
2048,0,2,53,72.75390625,0.8266681432723999
2048,0,2,54,73.486328125,0.8223323822021484
2048,0,2,55,74.560546875,0.8122838735580444
2048,0,2,56,74.51171875,0.8031467199325562
2048,0,2,57,74.365234375,0.7967193126678467
2048,0,2,58,73.92578125,0.7956544160842896
2048,0,2,59,72.021484375,0.8046885132789612
2048,0,2,60,73.876953125,0.7912718057632446
2048,0,2,61,73.92578125,0.7838906049728394
2048,0,2,62,74.560546875,0.7817551493644714
2048,0,2,63,74.462890625,0.775027871131897
2048,0,2,64,74.072265625,0.7823947668075562
2048,0,2,65,74.560546875,0.768235981464386
2048,0,2,66,74.70703125,0.7662656307220459
2048,0,2,67,75.1953125,0.7613147497177124
2048,0,2,68,75.390625,0.7611870765686035
2048,0,2,69,75.0,0.7607755064964294
2048,0,2,70,75.927734375,0.7587748765945435
2048,0,2,71,75.634765625,0.7558265924453735
2048,0,2,72,76.3671875,0.7442355155944824
2048,0,2,73,76.123046875,0.7455276846885681
2048,0,2,74,76.953125,0.7405152320861816
2048,0,2,75,76.66015625,0.7388156652450562
2048,0,2,76,76.904296875,0.7332957983016968
2048,0,2,77,74.90234375,0.7450234889984131
2048,0,2,78,75.537109375,0.740308403968811
2048,0,2,79,76.123046875,0.7350280284881592
2048,0,2,80,76.3671875,0.7351817488670349
2048,0,2,81,76.123046875,0.7288403511047363
2048,0,2,82,76.123046875,0.730911135673523
2048,0,2,83,77.05078125,0.718796968460083
2048,0,2,84,76.07421875,0.7227610349655151
2048,0,2,85,75.732421875,0.719106912612915
2048,0,2,86,76.85546875,0.7144045829772949
2048,0,2,87,77.099609375,0.7109754085540771
2048,0,2,88,76.46484375,0.7172380685806274
2048,0,2,89,76.416015625,0.7121247053146362
2048,0,2,90,77.24609375,0.7093952894210815
2048,0,2,91,77.34375,0.7007415294647217
2048,0,2,92,76.904296875,0.698639988899231
2048,0,2,93,76.66015625,0.7021431922912598
2048,0,2,94,78.3203125,0.6962718963623047
2048,0,2,95,77.5390625,0.6993054151535034
2048,0,2,96,77.880859375,0.6884127259254456
2048,0,2,97,78.369140625,0.6884059906005859
2048,0,2,98,78.076171875,0.6929216384887695
2048,0,2,99,77.880859375,0.7018831968307495
2048,0,2,100,77.880859375,0.693510890007019
2048,0,3,1,78.125,0.6856124401092529
2048,0,3,2,79.19921875,0.6707879304885864
2048,0,3,3,79.8828125,0.6588122844696045
2048,0,3,4,80.76171875,0.6435966491699219
2048,0,3,5,81.689453125,0.6289379000663757
2048,0,3,6,81.689453125,0.617607831954956
2048,0,3,7,82.568359375,0.6015699505805969
2048,0,3,8,82.958984375,0.5880703926086426
2048,0,3,9,83.544921875,0.5779493451118469
2048,0,3,10,84.033203125,0.5617956519126892
2048,0,3,11,85.15625,0.5505335927009583
2048,0,3,12,85.9375,0.5394818782806396
2048,0,3,13,85.83984375,0.5278934836387634
2048,0,3,14,86.81640625,0.5141105651855469
2048,0,3,15,87.353515625,0.5055633783340454
2048,0,3,16,87.20703125,0.49468061327934265
2048,0,3,17,87.060546875,0.4852363169193268
2048,0,3,18,88.134765625,0.47172170877456665
2048,0,3,19,88.18359375,0.4669108986854553
2048,0,3,20,88.37890625,0.45769500732421875
2048,0,3,21,89.35546875,0.4465838372707367
2048,0,3,22,89.404296875,0.4402385950088501
2048,0,3,23,88.96484375,0.43953973054885864
2048,0,3,24,89.35546875,0.4306012988090515
2048,0,3,25,90.33203125,0.41989532113075256
2048,0,3,26,90.673828125,0.41041043400764465
2048,0,3,27,91.357421875,0.4028454124927521
2048,0,3,28,91.015625,0.399849534034729
2048,0,3,29,91.015625,0.3935174345970154
2048,0,3,30,91.259765625,0.3891054689884186
2048,0,3,31,91.89453125,0.3844430446624756
2048,0,3,32,91.69921875,0.38010597229003906
2048,0,3,33,91.6015625,0.37629538774490356
2048,0,3,34,91.943359375,0.3702695071697235
2048,0,3,35,91.6015625,0.3647317886352539
2048,0,3,36,92.333984375,0.3627671003341675
2048,0,3,37,92.67578125,0.35643577575683594
2048,0,3,38,92.48046875,0.3519960641860962
2048,0,3,39,92.724609375,0.3481255769729614
2048,0,3,40,92.87109375,0.34049972891807556
2048,0,3,41,93.06640625,0.3387221693992615
2048,0,3,42,93.115234375,0.3344067335128784
2048,0,3,43,92.919921875,0.336241215467453
2048,0,3,44,93.212890625,0.3260015845298767
2048,0,3,45,93.212890625,0.32567909359931946
2048,0,3,46,93.5546875,0.32031840085983276
2048,0,3,47,93.896484375,0.3174237310886383
2048,0,3,48,93.65234375,0.31831055879592896
2048,0,3,49,93.9453125,0.31433653831481934
2048,0,3,50,93.9453125,0.3105824589729309
2048,0,3,51,93.994140625,0.30792081356048584
2048,0,3,52,93.994140625,0.31027472019195557
2048,0,3,53,94.677734375,0.30027246475219727
2048,0,3,54,94.677734375,0.2990760803222656
2048,0,3,55,94.43359375,0.3020991086959839
2048,0,3,56,94.140625,0.2976577877998352
2048,0,3,57,94.677734375,0.2972295880317688
2048,0,3,58,94.82421875,0.2940848469734192
2048,0,3,59,94.287109375,0.29595962166786194
2048,0,3,60,94.775390625,0.2957739233970642
2048,0,3,61,94.580078125,0.28990665078163147
2048,0,3,62,95.068359375,0.28888019919395447
2048,0,3,63,94.62890625,0.2840992212295532
2048,0,3,64,95.01953125,0.28382134437561035
2048,0,3,65,95.41015625,0.28217729926109314
2048,0,3,66,95.41015625,0.2783978581428528
2048,0,3,67,95.458984375,0.2776583433151245
2048,0,3,68,95.361328125,0.275290846824646
2048,0,3,69,95.5078125,0.2751185894012451
2048,0,3,70,95.3125,0.27758094668388367
2048,0,3,71,95.654296875,0.2759094536304474
2048,0,3,72,95.751953125,0.27213311195373535
2048,0,3,73,95.849609375,0.2691362798213959
2048,0,3,74,95.703125,0.26882943511009216
2048,0,3,75,95.654296875,0.265469491481781
2048,0,3,76,95.703125,0.2644490599632263
2048,0,3,77,95.947265625,0.2643792927265167
2048,0,3,78,95.8984375,0.26060909032821655
2048,0,3,79,95.849609375,0.2606503665447235
2048,0,3,80,96.09375,0.25694596767425537
2048,0,3,81,95.60546875,0.2576974034309387
2048,0,3,82,95.8984375,0.25325241684913635
2048,0,3,83,95.80078125,0.25706177949905396
2048,0,3,84,95.5078125,0.25690439343452454
2048,0,3,85,96.09375,0.25431644916534424
2048,0,3,86,95.654296875,0.25633567571640015
2048,0,3,87,96.826171875,0.2550407648086548
2048,0,3,88,96.630859375,0.2537764608860016
2048,0,3,89,96.337890625,0.2516655921936035
2048,0,3,90,95.703125,0.2558515667915344
2048,0,3,91,96.240234375,0.2533324360847473
2048,0,3,92,96.09375,0.25713950395584106
2048,0,3,93,95.8984375,0.25458747148513794
2048,0,3,94,96.2890625,0.24969719350337982
2048,0,3,95,96.435546875,0.24874985218048096
2048,0,3,96,96.337890625,0.24441510438919067
2048,0,3,97,95.80078125,0.2497941553592682
2048,0,3,98,96.09375,0.24935123324394226
2048,0,3,99,96.19140625,0.24926385283470154
2048,0,3,100,96.630859375,0.2472158819437027
2048,0,4,1,96.875,0.2419428527355194
2048,0,4,2,96.875,0.23533639311790466
2048,0,4,3,97.36328125,0.2283845841884613
2048,0,4,4,97.4609375,0.2221246063709259
2048,0,4,5,97.705078125,0.2162548303604126
2048,0,4,6,97.412109375,0.20978587865829468
2048,0,4,7,97.94921875,0.20189350843429565
2048,0,4,8,98.2421875,0.19559736549854279
2048,0,4,9,97.8515625,0.1916477382183075
2048,0,4,10,98.291015625,0.18334218859672546
2048,0,4,11,98.33984375,0.17770138382911682
2048,0,4,12,98.681640625,0.17108777165412903
2048,0,4,13,98.6328125,0.1669948250055313
2048,0,4,14,98.876953125,0.16217410564422607
2048,0,4,15,99.0234375,0.1570671647787094
2048,0,4,16,98.779296875,0.1526903212070465
2048,0,4,17,99.0234375,0.14906680583953857
2048,0,4,18,99.072265625,0.1441076546907425
2048,0,4,19,99.365234375,0.14020873606204987
2048,0,4,20,99.4140625,0.13607560098171234
2048,0,4,21,99.365234375,0.13541872799396515
2048,0,4,22,99.51171875,0.12976738810539246
2048,0,4,23,99.267578125,0.1295183002948761
2048,0,4,24,99.365234375,0.12456077337265015
2048,0,4,25,99.4140625,0.12213476002216339
2048,0,4,26,99.51171875,0.12038646638393402
2048,0,4,27,99.4140625,0.11735671758651733
2048,0,4,28,99.462890625,0.11483823508024216
2048,0,4,29,99.51171875,0.11372505873441696
2048,0,4,30,99.560546875,0.1113668829202652
2048,0,4,31,99.560546875,0.10933667421340942
2048,0,4,32,99.609375,0.10674889385700226
2048,0,4,33,99.609375,0.10589718073606491
2048,0,4,34,99.658203125,0.10342603921890259
2048,0,4,35,99.70703125,0.10257178544998169
2048,0,4,36,99.658203125,0.10187497735023499
2048,0,4,37,99.70703125,0.10030658543109894
2048,0,4,38,99.8046875,0.0984325036406517
2048,0,4,39,99.90234375,0.09887123107910156
2048,0,4,40,99.70703125,0.09879432618618011
2048,0,4,41,99.755859375,0.101160928606987
2048,0,4,42,99.8046875,0.0984279066324234
2048,0,4,43,99.853515625,0.09716083109378815
2048,0,4,44,99.853515625,0.0951603576540947
2048,0,4,45,99.90234375,0.09501846879720688
2048,0,4,46,100.0,0.09365136921405792
2048,0,4,47,100.0,0.09364897757768631
2048,0,4,48,99.90234375,0.09289346635341644
2048,0,4,49,99.90234375,0.09153273701667786
2048,0,4,50,99.951171875,0.0898386538028717
2048,0,4,51,99.951171875,0.08869051933288574
2048,0,4,52,99.951171875,0.08704185485839844
2048,0,4,53,99.853515625,0.0859156996011734
2048,0,4,54,99.853515625,0.08533396571874619
2048,0,4,55,99.951171875,0.08407215774059296
2048,0,4,56,99.90234375,0.08303363621234894
2048,0,4,57,99.90234375,0.08377861976623535
2048,0,4,58,99.8046875,0.08325187861919403
2048,0,4,59,99.8046875,0.08294443041086197
2048,0,4,60,99.755859375,0.08300861716270447
2048,0,4,61,99.853515625,0.0819280594587326
2048,0,4,62,99.8046875,0.08029122650623322
2048,0,4,63,99.853515625,0.08015598356723785
2048,0,4,64,99.853515625,0.0807717964053154
2048,0,4,65,99.8046875,0.08081403374671936
2048,0,4,66,99.853515625,0.08127381652593613
2048,0,4,67,99.853515625,0.08139771968126297
2048,0,4,68,99.853515625,0.08084503561258316
2048,0,4,69,99.8046875,0.07889339327812195
2048,0,4,70,99.8046875,0.0789700299501419
2048,0,4,71,99.853515625,0.07807078212499619
2048,0,4,72,99.853515625,0.07725845277309418
2048,0,4,73,99.853515625,0.07679292559623718
2048,0,4,74,99.90234375,0.07662972807884216
2048,0,4,75,99.853515625,0.07685808837413788
2048,0,4,76,99.755859375,0.0759989470243454
2048,0,4,77,99.853515625,0.07441014051437378
2048,0,4,78,99.951171875,0.07564103603363037
2048,0,4,79,99.853515625,0.0747980922460556
2048,0,4,80,99.8046875,0.07482747733592987
2048,0,4,81,99.853515625,0.07501403987407684
2048,0,4,82,99.8046875,0.07474520802497864
2048,0,4,83,99.8046875,0.07338304072618484
2048,0,4,84,99.755859375,0.07272487878799438
2048,0,4,85,99.90234375,0.07217270135879517
2048,0,4,86,99.90234375,0.07202060520648956
2048,0,4,87,99.90234375,0.07006531208753586
2048,0,4,88,99.90234375,0.06998848915100098
2048,0,4,89,99.853515625,0.06869273632764816
2048,0,4,90,99.90234375,0.06925153732299805
2048,0,4,91,99.90234375,0.06969901919364929
2048,0,4,92,99.951171875,0.0694216787815094
2048,0,4,93,99.951171875,0.06947053968906403
2048,0,4,94,99.951171875,0.06834179162979126
2048,0,4,95,99.951171875,0.06904558837413788
2048,0,4,96,99.8046875,0.06940294802188873
2048,0,4,97,99.90234375,0.06903502345085144
2048,0,4,98,99.951171875,0.06961043179035187
2048,0,4,99,99.90234375,0.07115938514471054
2048,0,4,100,99.853515625,0.06904126703739166
2048,0,5,1,99.951171875,0.0685449093580246
2048,0,5,2,99.951171875,0.06658272445201874
2048,0,5,3,99.951171875,0.0643005520105362
2048,0,5,4,99.951171875,0.06227285414934158
2048,0,5,5,99.951171875,0.06012953445315361
2048,0,5,6,99.951171875,0.05791866034269333
2048,0,5,7,99.951171875,0.05568119138479233
2048,0,5,8,99.951171875,0.053394146263599396
2048,0,5,9,99.951171875,0.05136272311210632
2048,0,5,10,99.951171875,0.04936806857585907
2048,0,5,11,99.951171875,0.047987375408411026
2048,0,5,12,99.951171875,0.046137452125549316
2048,0,5,13,100.0,0.04525100439786911
2048,0,5,14,100.0,0.04326906055212021
2048,0,5,15,100.0,0.04184410348534584
2048,0,5,16,100.0,0.040726978331804276
2048,0,5,17,100.0,0.03978583216667175
2048,0,5,18,100.0,0.03896988928318024
2048,0,5,19,100.0,0.03764881193637848
2048,0,5,20,100.0,0.03690586984157562
2048,0,5,21,100.0,0.03650924935936928
2048,0,5,22,99.951171875,0.03479574993252754
2048,0,5,23,100.0,0.03419297933578491
2048,0,5,24,100.0,0.033503457903862
2048,0,5,25,100.0,0.032689884305000305
2048,0,5,26,100.0,0.031580470502376556
2048,0,5,27,100.0,0.031222794204950333
2048,0,5,28,100.0,0.030415436252951622
2048,0,5,29,100.0,0.03129100054502487
2048,0,5,30,100.0,0.0294518880546093
2048,0,5,31,100.0,0.029288645833730698
2048,0,5,32,100.0,0.028620906174182892
2048,0,5,33,100.0,0.028117604553699493
2048,0,5,34,100.0,0.027547039091587067
2048,0,5,35,100.0,0.027363568544387817
2048,0,5,36,100.0,0.026636604219675064
2048,0,5,37,100.0,0.02621457725763321
2048,0,5,38,100.0,0.026237966492772102
2048,0,5,39,100.0,0.02582445740699768
2048,0,5,40,100.0,0.025718506425619125
2048,0,5,41,100.0,0.025737162679433823
2048,0,5,42,100.0,0.025649596005678177
2048,0,5,43,100.0,0.025559011846780777
2048,0,5,44,100.0,0.02476143091917038
2048,0,5,45,100.0,0.024194903671741486
2048,0,5,46,100.0,0.02409796044230461
2048,0,5,47,100.0,0.023741986602544785
2048,0,5,48,100.0,0.023424651473760605
2048,0,5,49,100.0,0.02295530028641224
2048,0,5,50,100.0,0.02288699895143509
2048,0,5,51,100.0,0.022246355190873146
2048,0,5,52,100.0,0.022095970809459686
2048,0,5,53,100.0,0.02199145033955574
2048,0,5,54,100.0,0.021941855549812317
2048,0,5,55,100.0,0.02251294068992138
2048,0,5,56,100.0,0.023966284468770027
2048,0,5,57,100.0,0.024554722011089325
2048,0,5,58,100.0,0.023169059306383133
2048,0,5,59,100.0,0.022599689662456512
2048,0,5,60,100.0,0.022752493619918823
2048,0,5,61,100.0,0.022080883383750916
2048,0,5,62,100.0,0.021954771131277084
2048,0,5,63,100.0,0.021691791713237762
2048,0,5,64,100.0,0.02139584720134735
2048,0,5,65,100.0,0.021132491528987885
2048,0,5,66,100.0,0.020711297169327736
2048,0,5,67,100.0,0.02100294455885887
2048,0,5,68,100.0,0.020227570086717606
2048,0,5,69,100.0,0.01997649110853672
2048,0,5,70,100.0,0.01980217546224594
2048,0,5,71,100.0,0.01977689564228058
2048,0,5,72,100.0,0.019129974767565727
2048,0,5,73,100.0,0.019025739282369614
2048,0,5,74,100.0,0.018864434212446213
2048,0,5,75,100.0,0.018827838823199272
2048,0,5,76,100.0,0.018253836780786514
2048,0,5,77,100.0,0.01797553151845932
2048,0,5,78,100.0,0.017748326063156128
2048,0,5,79,100.0,0.017968464642763138
2048,0,5,80,100.0,0.017491167411208153
2048,0,5,81,100.0,0.017636682838201523
2048,0,5,82,100.0,0.017622672021389008
2048,0,5,83,100.0,0.017212538048624992
2048,0,5,84,100.0,0.017433423548936844
2048,0,5,85,100.0,0.01740923896431923
2048,0,5,86,100.0,0.017278315499424934
2048,0,5,87,100.0,0.017388280481100082
2048,0,5,88,100.0,0.01725633442401886
2048,0,5,89,100.0,0.0173089187592268
2048,0,5,90,100.0,0.017325840890407562
2048,0,5,91,100.0,0.017388170585036278
2048,0,5,92,100.0,0.017017455771565437
2048,0,5,93,100.0,0.017099665477871895
2048,0,5,94,100.0,0.017391007393598557
2048,0,5,95,100.0,0.0172636229544878
2048,0,5,96,100.0,0.017165403813123703
2048,0,5,97,100.0,0.017943747341632843
2048,0,5,98,99.90234375,0.02553051896393299
2048,0,5,99,100.0,0.025350799784064293
2048,0,5,100,99.951171875,0.027191730216145515
2048,0,6,1,100.0,0.02605820819735527
2048,0,6,2,100.0,0.024977125227451324
2048,0,6,3,100.0,0.02398388646543026
2048,0,6,4,100.0,0.02288222685456276
2048,0,6,5,100.0,0.02195746637880802
2048,0,6,6,100.0,0.021178439259529114
2048,0,6,7,100.0,0.020233020186424255
2048,0,6,8,100.0,0.01986370049417019
2048,0,6,9,100.0,0.018908368423581123
2048,0,6,10,100.0,0.018307700753211975
2048,0,6,11,100.0,0.0175199992954731
2048,0,6,12,100.0,0.017004653811454773
2048,0,6,13,100.0,0.016348419710993767
2048,0,6,14,100.0,0.015865884721279144
2048,0,6,15,100.0,0.015374884940683842
2048,0,6,16,100.0,0.01495315320789814
2048,0,6,17,100.0,0.014931926503777504
2048,0,6,18,100.0,0.014417542144656181
2048,0,6,19,100.0,0.014252799563109875
2048,0,6,20,100.0,0.013937042094767094
2048,0,6,21,100.0,0.013600204139947891
2048,0,6,22,100.0,0.01334454957395792
2048,0,6,23,100.0,0.012842829339206219
2048,0,6,24,100.0,0.012797527015209198
2048,0,6,25,100.0,0.012605330906808376
2048,0,6,26,100.0,0.012431655079126358
2048,0,6,27,100.0,0.012096700258553028
2048,0,6,28,100.0,0.011868322268128395
2048,0,6,29,100.0,0.011843996122479439
2048,0,6,30,100.0,0.011380122974514961
2048,0,6,31,100.0,0.011266357265412807
2048,0,6,32,100.0,0.011162659153342247
2048,0,6,33,100.0,0.010910510085523129
2048,0,6,34,100.0,0.010798051953315735
2048,0,6,35,100.0,0.010761729441583157
2048,0,6,36,100.0,0.010424833744764328
2048,0,6,37,100.0,0.010188709944486618
2048,0,6,38,100.0,0.010024640709161758
2048,0,6,39,100.0,0.009749732911586761
2048,0,6,40,100.0,0.009667648933827877
2048,0,6,41,100.0,0.009591897949576378
2048,0,6,42,100.0,0.009643636643886566
2048,0,6,43,100.0,0.009694594889879227
2048,0,6,44,100.0,0.009520738385617733
2048,0,6,45,100.0,0.0094196991994977
2048,0,6,46,100.0,0.009400309063494205
2048,0,6,47,100.0,0.009211761876940727
2048,0,6,48,100.0,0.009176593273878098
2048,0,6,49,100.0,0.00897042453289032
2048,0,6,50,100.0,0.00875704362988472
2048,0,6,51,100.0,0.008540762588381767
2048,0,6,52,100.0,0.0084159467369318
2048,0,6,53,100.0,0.008180864155292511
2048,0,6,54,100.0,0.00820173230022192
2048,0,6,55,100.0,0.008089948445558548
2048,0,6,56,100.0,0.008040995337069035
2048,0,6,57,100.0,0.00807538628578186
2048,0,6,58,100.0,0.007910653948783875
2048,0,6,59,100.0,0.007944704964756966
2048,0,6,60,100.0,0.008117198012769222
2048,0,6,61,100.0,0.00794838834553957
2048,0,6,62,100.0,0.007905915379524231
2048,0,6,63,100.0,0.007756995968520641
2048,0,6,64,100.0,0.0076690795831382275
2048,0,6,65,100.0,0.007503692060709
2048,0,6,66,100.0,0.007425590883940458
2048,0,6,67,100.0,0.007439666893333197
2048,0,6,68,100.0,0.007487830705940723
2048,0,6,69,100.0,0.007484938018023968
2048,0,6,70,100.0,0.007300472818315029
2048,0,6,71,100.0,0.007028300315141678
2048,0,6,72,100.0,0.0071281809359788895
2048,0,6,73,100.0,0.006926167756319046
2048,0,6,74,100.0,0.006781595293432474
2048,0,6,75,100.0,0.0068085817620158195
2048,0,6,76,100.0,0.007144141010940075
2048,0,6,77,100.0,0.007149417418986559
2048,0,6,78,100.0,0.007562762126326561
2048,0,6,79,100.0,0.007349134422838688
2048,0,6,80,100.0,0.007052455097436905
2048,0,6,81,100.0,0.00711642112582922
2048,0,6,82,100.0,0.00707630580291152
2048,0,6,83,100.0,0.006879785563796759
2048,0,6,84,100.0,0.007090833969414234
2048,0,6,85,100.0,0.010030338540673256
2048,0,6,86,99.951171875,0.011314748786389828
2048,0,6,87,100.0,0.01220873836427927
2048,0,6,88,99.951171875,0.013637552037835121
2048,0,6,89,99.951171875,0.01576276123523712
2048,0,6,90,100.0,0.014484336599707603
2048,0,6,91,100.0,0.014004016295075417
2048,0,6,92,100.0,0.012621457688510418
2048,0,6,93,100.0,0.011568758636713028
2048,0,6,94,100.0,0.010687888599932194
2048,0,6,95,100.0,0.010128287598490715
2048,0,6,96,100.0,0.009547950699925423
2048,0,6,97,100.0,0.009144039824604988
2048,0,6,98,100.0,0.00880647823214531
2048,0,6,99,100.0,0.00853222981095314
2048,0,6,100,100.0,0.008319808170199394
2048,0,7,1,100.0,0.008175007998943329
2048,0,7,2,100.0,0.00798474159091711
2048,0,7,3,100.0,0.007750004529953003
2048,0,7,4,100.0,0.007511073723435402
2048,0,7,5,100.0,0.007205348461866379
2048,0,7,6,100.0,0.006961477920413017
2048,0,7,7,100.0,0.006693732924759388
2048,0,7,8,100.0,0.0064069475047290325
2048,0,7,9,100.0,0.006222693249583244
2048,0,7,10,100.0,0.005979117006063461
2048,0,7,11,100.0,0.005773644894361496
2048,0,7,12,100.0,0.005609629210084677
2048,0,7,13,100.0,0.00547400675714016
2048,0,7,14,100.0,0.0053070317953825
2048,0,7,15,100.0,0.005078125279396772
2048,0,7,16,100.0,0.004954556003212929
2048,0,7,17,100.0,0.004799854941666126
2048,0,7,18,100.0,0.004690151661634445
2048,0,7,19,100.0,0.004532229155302048
2048,0,7,20,100.0,0.004401582293212414
2048,0,7,21,100.0,0.004339731298387051
2048,0,7,22,100.0,0.004150552675127983
2048,0,7,23,100.0,0.0040702223777771
2048,0,7,24,100.0,0.003953142557293177
2048,0,7,25,100.0,0.003916724119335413
2048,0,7,26,100.0,0.003928826190531254
2048,0,7,27,100.0,0.0038765340577811003
2048,0,7,28,100.0,0.0038139214739203453
2048,0,7,29,100.0,0.003698143642395735
2048,0,7,30,100.0,0.003570300992578268
2048,0,7,31,100.0,0.0034722229465842247
2048,0,7,32,100.0,0.0035014990717172623
2048,0,7,33,100.0,0.0035016455221921206
2048,0,7,34,100.0,0.003352925181388855
2048,0,7,35,100.0,0.00334557774476707
2048,0,7,36,100.0,0.0033336712513118982
2048,0,7,37,100.0,0.0032286762725561857
2048,0,7,38,100.0,0.003175480989739299
2048,0,7,39,100.0,0.003090150421485305
2048,0,7,40,100.0,0.0030995910055935383
2048,0,7,41,100.0,0.0030611110851168633
2048,0,7,42,100.0,0.0029466517735272646
2048,0,7,43,100.0,0.0028968951664865017
2048,0,7,44,100.0,0.0028614476323127747
2048,0,7,45,100.0,0.0028419606387615204
2048,0,7,46,100.0,0.0027828007005155087
2048,0,7,47,100.0,0.0028074542060494423
2048,0,7,48,100.0,0.0028655719943344593
2048,0,7,49,100.0,0.003024725941941142
2048,0,7,50,100.0,0.003061045194044709
2048,0,7,51,100.0,0.003012206172570586
2048,0,7,52,100.0,0.002928720321506262
2048,0,7,53,100.0,0.002842135727405548
2048,0,7,54,100.0,0.0027207466773688793
2048,0,7,55,100.0,0.0027059512212872505
2048,0,7,56,100.0,0.002687167376279831
2048,0,7,57,100.0,0.0026381444185972214
2048,0,7,58,100.0,0.0025657627265900373
2048,0,7,59,100.0,0.002527619479224086
2048,0,7,60,100.0,0.0024956639390438795
2048,0,7,61,100.0,0.0024412781931459904
2048,0,7,62,100.0,0.0024264210369437933
2048,0,7,63,100.0,0.002449055202305317
2048,0,7,64,100.0,0.0024165636859834194
2048,0,7,65,100.0,0.002396145137026906
2048,0,7,66,100.0,0.002407050458714366
2048,0,7,67,100.0,0.0023668580688536167
2048,0,7,68,100.0,0.002406057668849826
2048,0,7,69,100.0,0.002565007656812668
2048,0,7,70,100.0,0.002514743246138096
2048,0,7,71,100.0,0.002479418646544218
2048,0,7,72,100.0,0.0025471223052591085
2048,0,7,73,100.0,0.0024187888484448195
2048,0,7,74,100.0,0.002425427082926035
2048,0,7,75,100.0,0.0023498618975281715
2048,0,7,76,100.0,0.0023284312337636948
2048,0,7,77,100.0,0.0022728871554136276
2048,0,7,78,100.0,0.002298034029081464
2048,0,7,79,100.0,0.0022893687710165977
2048,0,7,80,100.0,0.0022803861647844315
2048,0,7,81,100.0,0.0022734375670552254
2048,0,7,82,100.0,0.0022203519474714994
2048,0,7,83,100.0,0.002206059405580163
2048,0,7,84,100.0,0.002154671587049961
2048,0,7,85,100.0,0.0021089971996843815
2048,0,7,86,100.0,0.002075718715786934
2048,0,7,87,100.0,0.0020624911412596703
2048,0,7,88,100.0,0.002070787362754345
2048,0,7,89,100.0,0.002081360435113311
2048,0,7,90,100.0,0.0021109511144459248
2048,0,7,91,100.0,0.0021109366789460182
2048,0,7,92,100.0,0.0021205865778028965
2048,0,7,93,100.0,0.0021078980062156916
2048,0,7,94,100.0,0.0020841765217483044
2048,0,7,95,100.0,0.0021223232615739107
2048,0,7,96,100.0,0.0020671794191002846
2048,0,7,97,100.0,0.0020184621680527925
2048,0,7,98,100.0,0.0021009938791394234
2048,0,7,99,100.0,0.0021160542964935303
2048,0,7,100,100.0,0.002071817871183157
2048,0,8,1,100.0,0.0020127359312027693
2048,0,8,2,100.0,0.0019643809646368027
2048,0,8,3,100.0,0.001897949492558837
2048,0,8,4,100.0,0.001838385360315442
2048,0,8,5,100.0,0.0017760336631909013
2048,0,8,6,100.0,0.0017151221400126815
2048,0,8,7,100.0,0.0016625223215669394
2048,0,8,8,100.0,0.0015972600085660815
2048,0,8,9,100.0,0.0015529298689216375
2048,0,8,10,100.0,0.0015155684668570757
2048,0,8,11,100.0,0.001475001685321331
2048,0,8,12,100.0,0.001422267872840166
2048,0,8,13,100.0,0.0013773863902315497
2048,0,8,14,100.0,0.001336728222668171
2048,0,8,15,100.0,0.0012893772218376398
2048,0,8,16,100.0,0.0012557992013171315
2048,0,8,17,100.0,0.0012167163658887148
2048,0,8,18,100.0,0.0011909164022654295
2048,0,8,19,100.0,0.0011664077173918486
2048,0,8,20,100.0,0.001139773870818317
2048,0,8,21,100.0,0.0011096128728240728
2048,0,8,22,100.0,0.0010953709715977311
2048,0,8,23,100.0,0.0010643918067216873
2048,0,8,24,100.0,0.0010354556143283844
2048,0,8,25,100.0,0.0010170841123908758
2048,0,8,26,100.0,0.000991104287095368
2048,0,8,27,100.0,0.0009596110321581364
2048,0,8,28,100.0,0.0009516134159639478
2048,0,8,29,100.0,0.0009374424116685987
2048,0,8,30,100.0,0.0009352428605780005
2048,0,8,31,100.0,0.0009070065570995212
2048,0,8,32,100.0,0.0008872168837115169
2048,0,8,33,100.0,0.0008843690156936646
2048,0,8,34,100.0,0.000883338158018887
2048,0,8,35,100.0,0.0008712770650163293
2048,0,8,36,100.0,0.0008451336179859936
2048,0,8,37,100.0,0.0008298110915347934
2048,0,8,38,100.0,0.0008330441196449101
2048,0,8,39,100.0,0.000814114639069885
2048,0,8,40,100.0,0.0007783696055412292
2048,0,8,41,100.0,0.0007697544642724097
2048,0,8,42,100.0,0.0007498667691834271
2048,0,8,43,100.0,0.0007408661767840385
2048,0,8,44,100.0,0.0007396532455459237
2048,0,8,45,100.0,0.0007261686259880662
2048,0,8,46,100.0,0.0007119949441403151
2048,0,8,47,100.0,0.0007107349229045212
2048,0,8,48,100.0,0.0006942959735170007
2048,0,8,49,100.0,0.0007015918381512165
2048,0,8,50,100.0,0.0006935708224773407
2048,0,8,51,100.0,0.00070999376475811
2048,0,8,52,100.0,0.0007067766273394227
2048,0,8,53,100.0,0.0006784731522202492
2048,0,8,54,100.0,0.0006723451660946012
2048,0,8,55,100.0,0.0006608170224353671
2048,0,8,56,100.0,0.000642518512904644
2048,0,8,57,100.0,0.0006326797883957624
2048,0,8,58,100.0,0.0006401726859621704
2048,0,8,59,100.0,0.0006201250944286585
2048,0,8,60,100.0,0.0006290479213930666
2048,0,8,61,100.0,0.0006191149586811662
2048,0,8,62,100.0,0.0006191740976646543
2048,0,8,63,100.0,0.0006141113699413836
2048,0,8,64,100.0,0.0006224686512723565
2048,0,8,65,100.0,0.000598625629208982
2048,0,8,66,100.0,0.0006030877120792866
2048,0,8,67,100.0,0.0006548125529661775
2048,0,8,68,100.0,0.0006569799734279513
2048,0,8,69,100.0,0.0006655798642896116
2048,0,8,70,100.0,0.0006475349655374885
2048,0,8,71,100.0,0.0008058262756094337
2048,0,8,72,100.0,0.0009301508544012904
2048,0,8,73,100.0,0.0008990354835987091
2048,0,8,74,100.0,0.0015009976923465729
2048,0,8,75,99.951171875,0.0024897269904613495
2048,0,8,76,100.0,0.0016968456329777837
2048,0,8,77,100.0,0.0018346679862588644
2048,0,8,78,100.0,0.002168854931369424
2048,0,8,79,100.0,0.0017791693098843098
2048,0,8,80,100.0,0.0016371527453884482
2048,0,8,81,100.0,0.0015822045970708132
2048,0,8,82,100.0,0.0014983653090894222
2048,0,8,83,100.0,0.0014209800865501165
2048,0,8,84,100.0,0.0013769539073109627
2048,0,8,85,100.0,0.0013262643478810787
2048,0,8,86,100.0,0.0012816442176699638
2048,0,8,87,100.0,0.0012514821719378233
2048,0,8,88,100.0,0.0012102203909307718
2048,0,8,89,100.0,0.0011805709218606353
2048,0,8,90,100.0,0.0011523501016199589
2048,0,8,91,100.0,0.0011308658868074417
2048,0,8,92,100.0,0.0011129059130325913
2048,0,8,93,100.0,0.001096378080546856
2048,0,8,94,100.0,0.0010785356862470508
2048,0,8,95,100.0,0.001065854448825121
2048,0,8,96,100.0,0.0010495735332369804
2048,0,8,97,100.0,0.001037413952872157
2048,0,8,98,100.0,0.0010263132862746716
2048,0,8,99,100.0,0.001012909458950162
2048,0,8,100,100.0,0.0009994975989684463
2048,1,1,1,12.744140625,2.29364275932312
2048,1,1,2,13.28125,2.273928642272949
2048,1,1,3,17.626953125,2.2492480278015137
2048,1,1,4,18.84765625,2.2202041149139404
2048,1,1,5,20.361328125,2.192478895187378
2048,1,1,6,22.94921875,2.1556806564331055
2048,1,1,7,22.802734375,2.1248345375061035
2048,1,1,8,23.73046875,2.0961830615997314
2048,1,1,9,24.853515625,2.0712060928344727
2048,1,1,10,25.830078125,2.054272174835205
2048,1,1,11,26.7578125,2.033738851547241
2048,1,1,12,27.685546875,2.005819320678711
2048,1,1,13,28.857421875,1.9852635860443115
2048,1,1,14,30.517578125,1.9664771556854248
2048,1,1,15,31.005859375,1.9602627754211426
2048,1,1,16,30.908203125,1.9484697580337524
2048,1,1,17,31.73828125,1.9303178787231445
2048,1,1,18,32.080078125,1.918162226676941
2048,1,1,19,32.568359375,1.907982349395752
2048,1,1,20,32.91015625,1.8934693336486816
2048,1,1,21,34.033203125,1.8817567825317383
2048,1,1,22,34.619140625,1.8700449466705322
2048,1,1,23,34.423828125,1.8574187755584717
2048,1,1,24,34.86328125,1.839707374572754
2048,1,1,25,35.05859375,1.8307404518127441
2048,1,1,26,36.1328125,1.8143928050994873
2048,1,1,27,35.9375,1.8038018941879272
2048,1,1,28,36.9140625,1.794212818145752
2048,1,1,29,37.6953125,1.793881893157959
2048,1,1,30,37.01171875,1.772926688194275
2048,1,1,31,38.28125,1.757638931274414
2048,1,1,32,37.890625,1.7473865747451782
2048,1,1,33,37.890625,1.7364253997802734
2048,1,1,34,37.59765625,1.7271225452423096
2048,1,1,35,38.671875,1.7223727703094482
2048,1,1,36,38.18359375,1.714789867401123
2048,1,1,37,39.35546875,1.6969020366668701
2048,1,1,38,39.16015625,1.6897363662719727
2048,1,1,39,39.013671875,1.6908857822418213
2048,1,1,40,40.673828125,1.6677460670471191
2048,1,1,41,40.13671875,1.6668016910552979
2048,1,1,42,40.52734375,1.6520569324493408
2048,1,1,43,41.015625,1.6483019590377808
2048,1,1,44,41.796875,1.6407957077026367
2048,1,1,45,41.015625,1.6332746744155884
2048,1,1,46,42.822265625,1.6253687143325806
2048,1,1,47,42.3828125,1.6183053255081177
2048,1,1,48,42.724609375,1.6074217557907104
2048,1,1,49,42.431640625,1.604292631149292
2048,1,1,50,42.87109375,1.6044535636901855
2048,1,1,51,42.3828125,1.595771074295044
2048,1,1,52,42.48046875,1.5805349349975586
2048,1,1,53,43.603515625,1.57353675365448
2048,1,1,54,43.310546875,1.5792126655578613
2048,1,1,55,42.87109375,1.5719189643859863
2048,1,1,56,43.75,1.5700633525848389
2048,1,1,57,43.75,1.5567916631698608
2048,1,1,58,44.82421875,1.5537300109863281
2048,1,1,59,45.3125,1.5434925556182861
2048,1,1,60,46.044921875,1.5433601140975952
2048,1,1,61,45.458984375,1.540221095085144
2048,1,1,62,45.01953125,1.5358448028564453
2048,1,1,63,46.58203125,1.5259838104248047
2048,1,1,64,45.3125,1.5234405994415283
2048,1,1,65,45.654296875,1.523103952407837
2048,1,1,66,46.09375,1.5096435546875
2048,1,1,67,47.216796875,1.503528118133545
2048,1,1,68,46.826171875,1.502216100692749
2048,1,1,69,47.607421875,1.5021936893463135
2048,1,1,70,48.486328125,1.488167643547058
2048,1,1,71,47.36328125,1.4920958280563354
2048,1,1,72,47.75390625,1.480110764503479
2048,1,1,73,45.947265625,1.4885804653167725
2048,1,1,74,47.55859375,1.4836475849151611
2048,1,1,75,47.900390625,1.4718515872955322
2048,1,1,76,47.705078125,1.467072606086731
2048,1,1,77,46.875,1.4721699953079224
2048,1,1,78,46.923828125,1.4683657884597778
2048,1,1,79,48.876953125,1.4567550420761108
2048,1,1,80,48.681640625,1.4519511461257935
2048,1,1,81,48.388671875,1.4457666873931885
2048,1,1,82,48.828125,1.441124439239502
2048,1,1,83,48.193359375,1.4432635307312012
2048,1,1,84,47.55859375,1.4417802095413208
2048,1,1,85,49.31640625,1.438750982284546
2048,1,1,86,48.828125,1.4417335987091064
2048,1,1,87,49.169921875,1.4350292682647705
2048,1,1,88,47.607421875,1.4418048858642578
2048,1,1,89,49.365234375,1.425607442855835
2048,1,1,90,49.169921875,1.4293723106384277
2048,1,1,91,49.31640625,1.427354335784912
2048,1,1,92,49.51171875,1.4228103160858154
2048,1,1,93,49.365234375,1.4134862422943115
2048,1,1,94,48.6328125,1.426621913909912
2048,1,1,95,49.4140625,1.4228692054748535
2048,1,1,96,48.388671875,1.409090518951416
2048,1,1,97,48.583984375,1.410632848739624
2048,1,1,98,48.974609375,1.4106769561767578
2048,1,1,99,49.853515625,1.4031803607940674
2048,1,1,100,50.0,1.3961591720581055
2048,1,2,1,50.5859375,1.387073278427124
2048,1,2,2,51.3671875,1.371888279914856
2048,1,2,3,52.44140625,1.3518908023834229
2048,1,2,4,53.80859375,1.3271161317825317
2048,1,2,5,55.126953125,1.2979636192321777
2048,1,2,6,56.689453125,1.2718603610992432
2048,1,2,7,56.982421875,1.2522616386413574
2048,1,2,8,58.203125,1.227323293685913
2048,1,2,9,57.763671875,1.209694266319275
2048,1,2,10,59.27734375,1.188780426979065
2048,1,2,11,59.5703125,1.1698968410491943
2048,1,2,12,60.3515625,1.148327350616455
2048,1,2,13,61.279296875,1.1377253532409668
2048,1,2,14,61.962890625,1.1159547567367554
2048,1,2,15,62.841796875,1.0968672037124634
2048,1,2,16,64.013671875,1.0838849544525146
2048,1,2,17,64.599609375,1.0687344074249268
2048,1,2,18,65.478515625,1.0562541484832764
2048,1,2,19,65.52734375,1.040909767150879
2048,1,2,20,65.380859375,1.0237116813659668
2048,1,2,21,65.234375,1.013960838317871
2048,1,2,22,65.771484375,1.000643253326416
2048,1,2,23,66.650390625,0.9865255355834961
2048,1,2,24,67.724609375,0.9754608869552612
2048,1,2,25,67.87109375,0.96395343542099
2048,1,2,26,67.87109375,0.9547194242477417
2048,1,2,27,69.091796875,0.942018449306488
2048,1,2,28,69.82421875,0.9290822744369507
2048,1,2,29,69.140625,0.9163327813148499
2048,1,2,30,70.01953125,0.9057918787002563
2048,1,2,31,70.654296875,0.8954448103904724
2048,1,2,32,69.82421875,0.8927700519561768
2048,1,2,33,71.09375,0.8782420754432678
2048,1,2,34,71.09375,0.8758060932159424
2048,1,2,35,71.240234375,0.8741222023963928
2048,1,2,36,72.55859375,0.8659124374389648
2048,1,2,37,72.509765625,0.863265872001648
2048,1,2,38,72.216796875,0.8545706272125244
2048,1,2,39,72.119140625,0.8479450941085815
2048,1,2,40,72.55859375,0.8437106609344482
2048,1,2,41,72.900390625,0.8402405381202698
2048,1,2,42,73.095703125,0.8299144506454468
2048,1,2,43,72.265625,0.8330276012420654
2048,1,2,44,72.55859375,0.8265373706817627
2048,1,2,45,73.4375,0.8189200162887573
2048,1,2,46,74.31640625,0.8063592910766602
2048,1,2,47,74.169921875,0.8022434115409851
2048,1,2,48,75.09765625,0.7964743971824646
2048,1,2,49,74.658203125,0.7984988689422607
2048,1,2,50,73.974609375,0.7968211770057678
2048,1,2,51,73.974609375,0.7877026796340942
2048,1,2,52,74.90234375,0.7828240394592285
2048,1,2,53,74.365234375,0.7724918723106384
2048,1,2,54,74.462890625,0.7803881168365479
2048,1,2,55,75.390625,0.770496129989624
2048,1,2,56,74.4140625,0.7706947326660156
2048,1,2,57,75.537109375,0.7635716795921326
2048,1,2,58,75.78125,0.7607280015945435
2048,1,2,59,76.46484375,0.751111626625061
2048,1,2,60,76.953125,0.748633861541748
2048,1,2,61,76.46484375,0.739559531211853
2048,1,2,62,76.611328125,0.7375789880752563
2048,1,2,63,76.953125,0.7310079336166382
2048,1,2,64,77.001953125,0.726202130317688
2048,1,2,65,77.63671875,0.7244712710380554
2048,1,2,66,77.9296875,0.7228549122810364
2048,1,2,67,76.85546875,0.7186005711555481
2048,1,2,68,77.44140625,0.7171837091445923
2048,1,2,69,78.22265625,0.7109506130218506
2048,1,2,70,78.173828125,0.7028117775917053
2048,1,2,71,78.466796875,0.7039229869842529
2048,1,2,72,78.7109375,0.6964144706726074
2048,1,2,73,78.466796875,0.6981546878814697
2048,1,2,74,79.345703125,0.6935509443283081
2048,1,2,75,78.22265625,0.6905564069747925
2048,1,2,76,78.955078125,0.6897015571594238
2048,1,2,77,78.369140625,0.6946873068809509
2048,1,2,78,78.271484375,0.6909786462783813
2048,1,2,79,78.955078125,0.6837384700775146
2048,1,2,80,78.80859375,0.6814134120941162
2048,1,2,81,79.296875,0.6830215454101562
2048,1,2,82,79.443359375,0.6783044338226318
2048,1,2,83,79.296875,0.6712920069694519
2048,1,2,84,79.638671875,0.6735117435455322
2048,1,2,85,79.345703125,0.6739084720611572
2048,1,2,86,79.296875,0.6684800982475281
2048,1,2,87,79.541015625,0.6678999662399292
2048,1,2,88,79.39453125,0.6693939566612244
2048,1,2,89,79.98046875,0.6601023077964783
2048,1,2,90,79.4921875,0.6634669303894043
2048,1,2,91,79.58984375,0.6540552973747253
2048,1,2,92,81.0546875,0.6492756605148315
2048,1,2,93,81.201171875,0.6498594880104065
2048,1,2,94,80.517578125,0.6495755910873413
2048,1,2,95,81.201171875,0.6484787464141846
2048,1,2,96,79.736328125,0.6521604061126709
2048,1,2,97,80.712890625,0.6392617225646973
2048,1,2,98,81.25,0.6417244672775269
2048,1,2,99,80.908203125,0.6406466960906982
2048,1,2,100,80.37109375,0.6468240022659302
2048,1,3,1,80.56640625,0.6381434202194214
2048,1,3,2,81.591796875,0.6253371238708496
2048,1,3,3,81.73828125,0.6128366589546204
2048,1,3,4,82.861328125,0.5989502668380737
2048,1,3,5,84.716796875,0.5813926458358765
2048,1,3,6,85.302734375,0.5711619257926941
2048,1,3,7,85.25390625,0.5555664300918579
2048,1,3,8,86.328125,0.5415047407150269
2048,1,3,9,87.40234375,0.5240110158920288
2048,1,3,10,87.109375,0.5111879110336304
2048,1,3,11,88.330078125,0.49396368861198425
2048,1,3,12,88.134765625,0.4828678071498871
2048,1,3,13,88.96484375,0.47219139337539673
2048,1,3,14,89.35546875,0.46147632598876953
2048,1,3,15,89.84375,0.4471738934516907
2048,1,3,16,90.283203125,0.4430389404296875
2048,1,3,17,90.4296875,0.4368370771408081
2048,1,3,18,90.234375,0.4240044951438904
2048,1,3,19,90.869140625,0.41932976245880127
2048,1,3,20,90.72265625,0.4096965193748474
2048,1,3,21,91.11328125,0.40161705017089844
2048,1,3,22,91.89453125,0.3979339003562927
2048,1,3,23,91.6015625,0.3887839615345001
2048,1,3,24,91.89453125,0.38242846727371216
2048,1,3,25,92.3828125,0.3762318789958954
2048,1,3,26,92.1875,0.3715740442276001
2048,1,3,27,92.333984375,0.36716848611831665
2048,1,3,28,93.115234375,0.36470502614974976
2048,1,3,29,93.26171875,0.35546642541885376
2048,1,3,30,93.408203125,0.3521471917629242
2048,1,3,31,93.9453125,0.3446851968765259
2048,1,3,32,93.45703125,0.33961766958236694
2048,1,3,33,94.189453125,0.3365696668624878
2048,1,3,34,94.189453125,0.3343504071235657
2048,1,3,35,94.43359375,0.3299393355846405
2048,1,3,36,94.53125,0.33109310269355774
2048,1,3,37,94.43359375,0.3243822455406189
2048,1,3,38,94.677734375,0.31700196862220764
2048,1,3,39,94.970703125,0.3111879825592041
2048,1,3,40,95.1171875,0.30831214785575867
2048,1,3,41,95.21484375,0.3043208718299866
2048,1,3,42,94.921875,0.3023476004600525
2048,1,3,43,95.3125,0.30230820178985596
2048,1,3,44,95.068359375,0.3015021085739136
2048,1,3,45,95.01953125,0.30192700028419495
2048,1,3,46,95.41015625,0.2933366596698761
2048,1,3,47,95.458984375,0.29296737909317017
2048,1,3,48,95.21484375,0.29202520847320557
2048,1,3,49,95.458984375,0.28757888078689575
2048,1,3,50,95.849609375,0.2845684289932251
2048,1,3,51,95.5078125,0.288588285446167
2048,1,3,52,95.947265625,0.2819697856903076
2048,1,3,53,95.361328125,0.27651387453079224
2048,1,3,54,95.80078125,0.2755499482154846
2048,1,3,55,95.361328125,0.2766835689544678
2048,1,3,56,95.263671875,0.275980144739151
2048,1,3,57,95.947265625,0.271154522895813
2048,1,3,58,96.533203125,0.2666446566581726
2048,1,3,59,96.337890625,0.26579612493515015
2048,1,3,60,96.337890625,0.26488426327705383
2048,1,3,61,95.99609375,0.261037141084671
2048,1,3,62,95.703125,0.26043444871902466
2048,1,3,63,95.947265625,0.2592499852180481
2048,1,3,64,96.142578125,0.25914710760116577
2048,1,3,65,96.2890625,0.2563261389732361
2048,1,3,66,96.38671875,0.25904786586761475
2048,1,3,67,96.09375,0.25711825489997864
2048,1,3,68,96.58203125,0.252397358417511
2048,1,3,69,96.38671875,0.25292861461639404
2048,1,3,70,96.484375,0.2475745975971222
2048,1,3,71,96.77734375,0.24804598093032837
2048,1,3,72,96.435546875,0.2486395686864853
2048,1,3,73,96.77734375,0.24826154112815857
2048,1,3,74,96.728515625,0.24803248047828674
2048,1,3,75,97.021484375,0.24225161969661713
2048,1,3,76,96.97265625,0.23703885078430176
2048,1,3,77,96.875,0.23895001411437988
2048,1,3,78,96.77734375,0.23933978378772736
2048,1,3,79,96.58203125,0.23591351509094238
2048,1,3,80,96.630859375,0.23605890572071075
2048,1,3,81,97.314453125,0.23331406712532043
2048,1,3,82,97.36328125,0.23451611399650574
2048,1,3,83,97.607421875,0.22907258570194244
2048,1,3,84,97.705078125,0.2262963354587555
2048,1,3,85,97.216796875,0.22846786677837372
2048,1,3,86,97.119140625,0.22948932647705078
2048,1,3,87,97.412109375,0.22751568257808685
2048,1,3,88,97.265625,0.2281380593776703
2048,1,3,89,97.216796875,0.22517672181129456
2048,1,3,90,97.216796875,0.2262537032365799
2048,1,3,91,97.16796875,0.2262108325958252
2048,1,3,92,96.97265625,0.22572854161262512
2048,1,3,93,97.216796875,0.2243567705154419
2048,1,3,94,97.16796875,0.224204421043396
2048,1,3,95,97.216796875,0.22039857506752014
2048,1,3,96,96.923828125,0.2221027910709381
2048,1,3,97,97.0703125,0.22010314464569092
2048,1,3,98,97.16796875,0.22256334125995636
2048,1,3,99,96.875,0.2222256064414978
2048,1,3,100,97.216796875,0.21777695417404175
2048,1,4,1,97.412109375,0.21460312604904175
2048,1,4,2,97.65625,0.20880070328712463
2048,1,4,3,98.14453125,0.2025490701198578
2048,1,4,4,98.095703125,0.19508406519889832
2048,1,4,5,98.53515625,0.1868380308151245
2048,1,4,6,98.681640625,0.17957943677902222
2048,1,4,7,98.828125,0.17285750806331635
2048,1,4,8,99.21875,0.16550226509571075
2048,1,4,9,99.267578125,0.1589965522289276
2048,1,4,10,99.169921875,0.1535681188106537
2048,1,4,11,99.169921875,0.14990665018558502
2048,1,4,12,99.658203125,0.14482352137565613
2048,1,4,13,99.658203125,0.1403868943452835
2048,1,4,14,99.8046875,0.13550275564193726
2048,1,4,15,99.70703125,0.13166742026805878
2048,1,4,16,99.462890625,0.12875980138778687
2048,1,4,17,99.70703125,0.12399148941040039
2048,1,4,18,99.8046875,0.11972104012966156
2048,1,4,19,99.90234375,0.11651639640331268
2048,1,4,20,99.8046875,0.11362388730049133
2048,1,4,21,99.90234375,0.110264852643013
2048,1,4,22,99.951171875,0.10715920478105545
2048,1,4,23,99.90234375,0.10526618361473083
2048,1,4,24,99.951171875,0.1021687388420105
2048,1,4,25,99.951171875,0.10082440078258514
2048,1,4,26,99.90234375,0.10062327980995178
2048,1,4,27,99.8046875,0.09933677315711975
2048,1,4,28,99.853515625,0.09755520522594452
2048,1,4,29,100.0,0.09500057995319366
2048,1,4,30,99.90234375,0.09417423605918884
2048,1,4,31,99.90234375,0.09231862425804138
2048,1,4,32,99.90234375,0.08901440352201462
2048,1,4,33,99.90234375,0.08793321251869202
2048,1,4,34,99.951171875,0.08641467243432999
2048,1,4,35,99.951171875,0.08452476561069489
2048,1,4,36,99.951171875,0.08403666317462921
2048,1,4,37,99.951171875,0.0842447504401207
2048,1,4,38,99.853515625,0.08271478116512299
2048,1,4,39,100.0,0.08018818497657776
2048,1,4,40,99.951171875,0.07889944314956665
2048,1,4,41,99.951171875,0.0784483253955841
2048,1,4,42,100.0,0.0764346718788147
2048,1,4,43,99.90234375,0.0762714371085167
2048,1,4,44,100.0,0.07583118975162506
2048,1,4,45,100.0,0.07452094554901123
2048,1,4,46,100.0,0.07402969896793365
2048,1,4,47,100.0,0.07340987771749496
2048,1,4,48,99.951171875,0.07228824496269226
2048,1,4,49,100.0,0.0727325901389122
2048,1,4,50,99.951171875,0.073116235435009
2048,1,4,51,100.0,0.0690448060631752
2048,1,4,52,99.951171875,0.0697186291217804
2048,1,4,53,99.951171875,0.07020562887191772
2048,1,4,54,100.0,0.0698644295334816
2048,1,4,55,100.0,0.06819756329059601
2048,1,4,56,99.951171875,0.06792952865362167
2048,1,4,57,100.0,0.06586882472038269
2048,1,4,58,99.951171875,0.06577383726835251
2048,1,4,59,100.0,0.06481476128101349
2048,1,4,60,100.0,0.06340543925762177
2048,1,4,61,100.0,0.06346955895423889
2048,1,4,62,99.951171875,0.06422901153564453
2048,1,4,63,99.90234375,0.06471594423055649
2048,1,4,64,100.0,0.0639786571264267
2048,1,4,65,100.0,0.06342647969722748
2048,1,4,66,100.0,0.0621517114341259
2048,1,4,67,99.951171875,0.061695411801338196
2048,1,4,68,100.0,0.06299512088298798
2048,1,4,69,100.0,0.06125110760331154
2048,1,4,70,100.0,0.06053340435028076
2048,1,4,71,100.0,0.0605676993727684
2048,1,4,72,100.0,0.059721432626247406
2048,1,4,73,100.0,0.06011147052049637
2048,1,4,74,100.0,0.059418268501758575
2048,1,4,75,100.0,0.059379931539297104
2048,1,4,76,100.0,0.059416286647319794
2048,1,4,77,100.0,0.059409018605947495
2048,1,4,78,99.951171875,0.057962190359830856
2048,1,4,79,100.0,0.0585150383412838
2048,1,4,80,100.0,0.05930826812982559
2048,1,4,81,99.951171875,0.05962250381708145
2048,1,4,82,99.90234375,0.057838428765535355
2048,1,4,83,100.0,0.05761253461241722
2048,1,4,84,100.0,0.05721301957964897
2048,1,4,85,100.0,0.0562807098031044
2048,1,4,86,100.0,0.0566566064953804
2048,1,4,87,99.951171875,0.05671118199825287
2048,1,4,88,100.0,0.05624257028102875
2048,1,4,89,99.90234375,0.05694524943828583
2048,1,4,90,100.0,0.056228529661893845
2048,1,4,91,100.0,0.0557268001139164
2048,1,4,92,100.0,0.055363669991493225
2048,1,4,93,99.90234375,0.05604884400963783
2048,1,4,94,100.0,0.05598487704992294
2048,1,4,95,99.951171875,0.055500470101833344
2048,1,4,96,99.853515625,0.05533231049776077
2048,1,4,97,99.90234375,0.05456007272005081
2048,1,4,98,100.0,0.056524842977523804
2048,1,4,99,100.0,0.0547151118516922
2048,1,4,100,99.951171875,0.05482747405767441
2048,1,5,1,100.0,0.05330492556095123
2048,1,5,2,100.0,0.05216170847415924
2048,1,5,3,100.0,0.05014483630657196
2048,1,5,4,100.0,0.0483967550098896
2048,1,5,5,100.0,0.04670479893684387
2048,1,5,6,100.0,0.044446662068367004
2048,1,5,7,100.0,0.043011441826820374
2048,1,5,8,100.0,0.04182346165180206
2048,1,5,9,100.0,0.04047439992427826
2048,1,5,10,100.0,0.03899284079670906
2048,1,5,11,100.0,0.03807231783866882
2048,1,5,12,100.0,0.036697156727313995
2048,1,5,13,100.0,0.03495844453573227
2048,1,5,14,100.0,0.0338706374168396
2048,1,5,15,100.0,0.03293515741825104
2048,1,5,16,100.0,0.031969886273145676
2048,1,5,17,100.0,0.0308717992156744
2048,1,5,18,100.0,0.03022518754005432
2048,1,5,19,100.0,0.029409602284431458
2048,1,5,20,100.0,0.02894250676035881
2048,1,5,21,100.0,0.028503112494945526
2048,1,5,22,100.0,0.02780812978744507
2048,1,5,23,100.0,0.027316082268953323
2048,1,5,24,100.0,0.026320889592170715
2048,1,5,25,100.0,0.026212815195322037
2048,1,5,26,100.0,0.025413133203983307
2048,1,5,27,100.0,0.024973105639219284
2048,1,5,28,100.0,0.024647116661071777
2048,1,5,29,100.0,0.023906080052256584
2048,1,5,30,100.0,0.02329997345805168
2048,1,5,31,100.0,0.023439539596438408
2048,1,5,32,100.0,0.022704478353261948
2048,1,5,33,100.0,0.02228590101003647
2048,1,5,34,100.0,0.021583929657936096
2048,1,5,35,100.0,0.021389000117778778
2048,1,5,36,100.0,0.021222904324531555
2048,1,5,37,100.0,0.02090045064687729
2048,1,5,38,100.0,0.020374339073896408
2048,1,5,39,100.0,0.020756978541612625
2048,1,5,40,100.0,0.020473159849643707
2048,1,5,41,100.0,0.019696155562996864
2048,1,5,42,100.0,0.019716355949640274
2048,1,5,43,100.0,0.019433649256825447
2048,1,5,44,100.0,0.01926499418914318
2048,1,5,45,100.0,0.019081532955169678
2048,1,5,46,100.0,0.01861642301082611
2048,1,5,47,100.0,0.018287280574440956
2048,1,5,48,100.0,0.01835549995303154
2048,1,5,49,100.0,0.018097884953022003
2048,1,5,50,100.0,0.018001504242420197
2048,1,5,51,100.0,0.01750127598643303
2048,1,5,52,100.0,0.017855599522590637
2048,1,5,53,100.0,0.0176573283970356
2048,1,5,54,100.0,0.017257628962397575
2048,1,5,55,100.0,0.016603834927082062
2048,1,5,56,100.0,0.01656182110309601
2048,1,5,57,100.0,0.01655581220984459
2048,1,5,58,100.0,0.01622183620929718
2048,1,5,59,100.0,0.016051551327109337
2048,1,5,60,100.0,0.015788227319717407
2048,1,5,61,100.0,0.01617143116891384
2048,1,5,62,100.0,0.015973974019289017
2048,1,5,63,100.0,0.016389252617955208
2048,1,5,64,100.0,0.016804538667201996
2048,1,5,65,100.0,0.016308190301060677
2048,1,5,66,100.0,0.015961742028594017
2048,1,5,67,100.0,0.016649216413497925
2048,1,5,68,100.0,0.01586516760289669
2048,1,5,69,100.0,0.015530603006482124
2048,1,5,70,100.0,0.015627946704626083
2048,1,5,71,100.0,0.015614515170454979
2048,1,5,72,100.0,0.01560260821133852
2048,1,5,73,100.0,0.015261860564351082
2048,1,5,74,100.0,0.015140259638428688
2048,1,5,75,100.0,0.014956481754779816
2048,1,5,76,100.0,0.01474100910127163
2048,1,5,77,100.0,0.014500527642667294
2048,1,5,78,100.0,0.014674153178930283
2048,1,5,79,100.0,0.01481158658862114
2048,1,5,80,100.0,0.014810236170887947
2048,1,5,81,100.0,0.014606335200369358
2048,1,5,82,100.0,0.014433949254453182
2048,1,5,83,100.0,0.014606610871851444
2048,1,5,84,100.0,0.014661381021142006
2048,1,5,85,100.0,0.014168526977300644
2048,1,5,86,100.0,0.014318333938717842
2048,1,5,87,100.0,0.014489222317934036
2048,1,5,88,100.0,0.014197424054145813
2048,1,5,89,100.0,0.014001014642417431
2048,1,5,90,100.0,0.014233901165425777
2048,1,5,91,100.0,0.013814607635140419
2048,1,5,92,100.0,0.013815294951200485
2048,1,5,93,100.0,0.013976107351481915
2048,1,5,94,100.0,0.014093190431594849
2048,1,5,95,100.0,0.014437509700655937
2048,1,5,96,100.0,0.01461823657155037
2048,1,5,97,100.0,0.014600144699215889
2048,1,5,98,100.0,0.014040454290807247
2048,1,5,99,100.0,0.014316031709313393
2048,1,5,100,100.0,0.0136092659085989
2048,1,6,1,100.0,0.013307463377714157
2048,1,6,2,100.0,0.012939639389514923
2048,1,6,3,100.0,0.01266483124345541
2048,1,6,4,100.0,0.012159328907728195
2048,1,6,5,100.0,0.01171846129000187
2048,1,6,6,100.0,0.011306779459118843
2048,1,6,7,100.0,0.010848288424313068
2048,1,6,8,100.0,0.010418515652418137
2048,1,6,9,100.0,0.010033106431365013
2048,1,6,10,100.0,0.009631969965994358
2048,1,6,11,100.0,0.009276002645492554
2048,1,6,12,100.0,0.00907190702855587
2048,1,6,13,100.0,0.00874241627752781
2048,1,6,14,100.0,0.008571142330765724
2048,1,6,15,100.0,0.008273139595985413
2048,1,6,16,100.0,0.00793370045721531
2048,1,6,17,100.0,0.007712298072874546
2048,1,6,18,100.0,0.007486719638109207
2048,1,6,19,100.0,0.007384598255157471
2048,1,6,20,100.0,0.007170232944190502
2048,1,6,21,100.0,0.007056624628603458
2048,1,6,22,100.0,0.006982957944273949
2048,1,6,23,100.0,0.006709447130560875
2048,1,6,24,100.0,0.0066743879579007626
2048,1,6,25,100.0,0.00634505320340395
2048,1,6,26,100.0,0.00621340936049819
2048,1,6,27,100.0,0.005982194561511278
2048,1,6,28,100.0,0.005847159307450056
2048,1,6,29,100.0,0.005711480043828487
2048,1,6,30,100.0,0.005706909112632275
2048,1,6,31,100.0,0.005713461898267269
2048,1,6,32,100.0,0.005815074313431978
2048,1,6,33,100.0,0.005610803607851267
2048,1,6,34,100.0,0.005425159819424152
2048,1,6,35,100.0,0.005276406183838844
2048,1,6,36,100.0,0.005173817276954651
2048,1,6,37,100.0,0.005060517229139805
2048,1,6,38,100.0,0.004943489097058773
2048,1,6,39,100.0,0.004845230840146542
2048,1,6,40,100.0,0.004771580919623375
2048,1,6,41,100.0,0.00468825688585639
2048,1,6,42,100.0,0.004593871533870697
2048,1,6,43,100.0,0.004596092738211155
2048,1,6,44,100.0,0.00462931115180254
2048,1,6,45,100.0,0.004495781846344471
2048,1,6,46,100.0,0.004488447681069374
2048,1,6,47,100.0,0.004425630904734135
2048,1,6,48,100.0,0.004298083949834108
2048,1,6,49,100.0,0.0043319654650986195
2048,1,6,50,100.0,0.004382726736366749
2048,1,6,51,99.951171875,0.004985163453966379
2048,1,6,52,100.0,0.00730338366702199
2048,1,6,53,100.0,0.007247992791235447
2048,1,6,54,100.0,0.006996285170316696
2048,1,6,55,100.0,0.006480840500444174
2048,1,6,56,100.0,0.00624820264056325
2048,1,6,57,100.0,0.0059741162694990635
2048,1,6,58,100.0,0.005661949515342712
2048,1,6,59,100.0,0.005398249253630638
2048,1,6,60,100.0,0.005232483148574829
2048,1,6,61,100.0,0.005013859830796719
2048,1,6,62,100.0,0.004887471441179514
2048,1,6,63,100.0,0.0046712723560631275
2048,1,6,64,100.0,0.004605870693922043
2048,1,6,65,100.0,0.0044222865253686905
2048,1,6,66,100.0,0.004398168995976448
2048,1,6,67,100.0,0.004277708008885384
2048,1,6,68,100.0,0.004232997540384531
2048,1,6,69,100.0,0.004168872721493244
2048,1,6,70,100.0,0.004018587060272694
2048,1,6,71,100.0,0.003980301786214113
2048,1,6,72,100.0,0.003964035771787167
2048,1,6,73,100.0,0.0038927984423935413
2048,1,6,74,100.0,0.003880108008161187
2048,1,6,75,100.0,0.003840952180325985
2048,1,6,76,100.0,0.003830135567113757
2048,1,6,77,100.0,0.003791377879679203
2048,1,6,78,100.0,0.003724415320903063
2048,1,6,79,100.0,0.0037085535004734993
2048,1,6,80,100.0,0.003675138810649514
2048,1,6,81,100.0,0.003670243313536048
2048,1,6,82,100.0,0.0035730733070522547
2048,1,6,83,100.0,0.0035318140871822834
2048,1,6,84,100.0,0.0035294240806251764
2048,1,6,85,100.0,0.003496467601507902
2048,1,6,86,100.0,0.003443544264882803
2048,1,6,87,100.0,0.003457360900938511
2048,1,6,88,100.0,0.0034626428969204426
2048,1,6,89,100.0,0.0034128092229366302
2048,1,6,90,100.0,0.003419906599447131
2048,1,6,91,100.0,0.0034275376237928867
2048,1,6,92,100.0,0.0033667967654764652
2048,1,6,93,100.0,0.003374860854819417
2048,1,6,94,100.0,0.0033224255312234163
2048,1,6,95,100.0,0.003354873741045594
2048,1,6,96,100.0,0.003340102033689618
2048,1,6,97,100.0,0.003333598840981722
2048,1,6,98,100.0,0.003305812831968069
2048,1,6,99,100.0,0.0033277375623583794
2048,1,6,100,100.0,0.003282683901488781
2048,1,7,1,100.0,0.0032154060900211334
2048,1,7,2,100.0,0.003117165295407176
2048,1,7,3,100.0,0.0030217610765248537
2048,1,7,4,100.0,0.0029387646354734898
2048,1,7,5,100.0,0.0028405729681253433
2048,1,7,6,100.0,0.002716479590162635
2048,1,7,7,100.0,0.00262280460447073
2048,1,7,8,100.0,0.0025229486636817455
2048,1,7,9,100.0,0.0024567190557718277
2048,1,7,10,100.0,0.00239525712095201
2048,1,7,11,100.0,0.00228813081048429
2048,1,7,12,100.0,0.002222021110355854
2048,1,7,13,100.0,0.002136297058314085
2048,1,7,14,100.0,0.0020636776462197304
2048,1,7,15,100.0,0.002013544086366892
2048,1,7,16,100.0,0.0019835401326417923
2048,1,7,17,100.0,0.0019080423517152667
2048,1,7,18,100.0,0.0018920028815045953
2048,1,7,19,100.0,0.0018236767500638962
2048,1,7,20,100.0,0.0017937326338142157
2048,1,7,21,100.0,0.0017354345181956887
2048,1,7,22,100.0,0.0016722552245482802
2048,1,7,23,100.0,0.0016455722507089376
2048,1,7,24,100.0,0.0016165303532034159
2048,1,7,25,100.0,0.0015805631410330534
2048,1,7,26,100.0,0.0015405351296067238
2048,1,7,27,100.0,0.001501534366980195
2048,1,7,28,100.0,0.0014751520939171314
2048,1,7,29,100.0,0.001428838586434722
2048,1,7,30,100.0,0.0013919409830123186
2048,1,7,31,100.0,0.0013648772146552801
2048,1,7,32,100.0,0.001335333101451397
2048,1,7,33,100.0,0.001334487460553646
2048,1,7,34,100.0,0.0013235784135758877
2048,1,7,35,100.0,0.0013124042889103293
2048,1,7,36,100.0,0.0012887869961559772
2048,1,7,37,100.0,0.001424099667929113
2048,1,7,38,100.0,0.0014883747790008783
2048,1,7,39,100.0,0.0014529726468026638
2048,1,7,40,100.0,0.0014222522731870413
2048,1,7,41,100.0,0.0013575642369687557
2048,1,7,42,100.0,0.0013022670755162835
2048,1,7,43,100.0,0.0012680788058787584
2048,1,7,44,100.0,0.001253924798220396
2048,1,7,45,100.0,0.0011840626830235124
2048,1,7,46,100.0,0.0011402653763070703
2048,1,7,47,100.0,0.0011276062577962875
2048,1,7,48,100.0,0.0011186957126483321
2048,1,7,49,100.0,0.0011101941345259547
2048,1,7,50,100.0,0.0010999897494912148
2048,1,7,51,100.0,0.001099007437005639
2048,1,7,52,100.0,0.001082013826817274
2048,1,7,53,100.0,0.001059400849044323
2048,1,7,54,100.0,0.0010390153620392084
2048,1,7,55,100.0,0.0010092053562402725
2048,1,7,56,100.0,0.001016315771266818
2048,1,7,57,100.0,0.0010093064047396183
2048,1,7,58,100.0,0.0009941060561686754
2048,1,7,59,100.0,0.0009880783036351204
2048,1,7,60,100.0,0.000986400293186307
2048,1,7,61,100.0,0.0009656866313889623
2048,1,7,62,100.0,0.0009651716100051999
2048,1,7,63,100.0,0.0009584107901901007
2048,1,7,64,100.0,0.0009447654010728002
2048,1,7,65,100.0,0.0009426449541933835
2048,1,7,66,100.0,0.0009465618059039116
2048,1,7,67,100.0,0.0009271625895053148
2048,1,7,68,100.0,0.000950109213590622
2048,1,7,69,100.0,0.0010346600320190191
2048,1,7,70,100.0,0.0009960366878658533
2048,1,7,71,100.0,0.0009615763556212187
2048,1,7,72,100.0,0.0009684754186309874
2048,1,7,73,100.0,0.0010934935417026281
2048,1,7,74,100.0,0.001164366491138935
2048,1,7,75,100.0,0.001109626144170761
2048,1,7,76,100.0,0.0011331590358167887
2048,1,7,77,100.0,0.0010761236771941185
2048,1,7,78,100.0,0.0010434127179905772
2048,1,7,79,100.0,0.0009605777449905872
2048,1,7,80,100.0,0.0009602297213859856
2048,1,7,81,100.0,0.0009248328860849142
2048,1,7,82,100.0,0.0009102941839955747
2048,1,7,83,100.0,0.0008917446248233318
2048,1,7,84,100.0,0.000872488715685904
2048,1,7,85,100.0,0.0008520063711330295
2048,1,7,86,100.0,0.0008320240885950625
2048,1,7,87,100.0,0.0008421784732490778
2048,1,7,88,100.0,0.0008251864928752184
2048,1,7,89,100.0,0.0008189080399461091
2048,1,7,90,100.0,0.0008033463964238763
2048,1,7,91,100.0,0.0008019292145036161
2048,1,7,92,100.0,0.0007934569730423391
2048,1,7,93,100.0,0.0007942088413983583
2048,1,7,94,100.0,0.0007872189744375646
2048,1,7,95,100.0,0.0007873320719227195
2048,1,7,96,100.0,0.0007886968087404966
2048,1,7,97,100.0,0.0007712313672527671
2048,1,7,98,100.0,0.0007650603074580431
2048,1,7,99,100.0,0.0007828589295968413
2048,1,7,100,100.0,0.0007750202203169465
2048,1,8,1,100.0,0.0007535057375207543
2048,1,8,2,100.0,0.0007348161889240146
2048,1,8,3,100.0,0.000711023632902652
2048,1,8,4,100.0,0.0006881175795570016
2048,1,8,5,100.0,0.0006639568018727005
2048,1,8,6,100.0,0.0006382840219885111
2048,1,8,7,100.0,0.0006188258994370699
2048,1,8,8,100.0,0.0005959342233836651
2048,1,8,9,100.0,0.0005706723313778639
2048,1,8,10,100.0,0.0005522947758436203
2048,1,8,11,100.0,0.0005311000859364867
2048,1,8,12,100.0,0.0005167408380657434
2048,1,8,13,100.0,0.0004942502127960324
2048,1,8,14,100.0,0.0004817208682652563
2048,1,8,15,100.0,0.00046916407882235944
2048,1,8,16,100.0,0.0004570436431095004
2048,1,8,17,100.0,0.00044228119077160954
2048,1,8,18,100.0,0.00043372041545808315
2048,1,8,19,100.0,0.0004220836563035846
2048,1,8,20,100.0,0.0004042812797706574
2048,1,8,21,100.0,0.00038976228097453713
2048,1,8,22,100.0,0.00038163678254932165
2048,1,8,23,100.0,0.000375759438611567
2048,1,8,24,100.0,0.00037610545405186713
2048,1,8,25,100.0,0.0003652400919236243
2048,1,8,26,100.0,0.0003545672516338527
2048,1,8,27,100.0,0.00035576007212512195
2048,1,8,28,100.0,0.0003468396607786417
2048,1,8,29,100.0,0.00035091250902041793
2048,1,8,30,100.0,0.0003332032938487828
2048,1,8,31,100.0,0.000330235343426466
2048,1,8,32,100.0,0.0003223468957003206
2048,1,8,33,100.0,0.00030734509346075356
2048,1,8,34,100.0,0.00029838288901373744
2048,1,8,35,100.0,0.0002922288840636611
2048,1,8,36,100.0,0.00028890289831906557
2048,1,8,37,100.0,0.0002774226595647633
2048,1,8,38,100.0,0.0002730497217271477
2048,1,8,39,100.0,0.00026696902932599187
2048,1,8,40,100.0,0.00026754263672046363
2048,1,8,41,100.0,0.0002637752331793308
2048,1,8,42,100.0,0.00025976134929805994
2048,1,8,43,100.0,0.0002592462406028062
2048,1,8,44,100.0,0.00025305431336164474
2048,1,8,45,100.0,0.00024758928338997066
2048,1,8,46,100.0,0.00024822450359351933
2048,1,8,47,100.0,0.000247170333750546
2048,1,8,48,100.0,0.00024593929992988706
2048,1,8,49,100.0,0.00025045668007805943
2048,1,8,50,100.0,0.00024535239208489656
2048,1,8,51,100.0,0.0002781320654321462
2048,1,8,52,100.0,0.0002769332495518029
2048,1,8,53,100.0,0.0002657580771483481
2048,1,8,54,100.0,0.0002593221142888069
2048,1,8,55,100.0,0.00026086607249453664
2048,1,8,56,100.0,0.0002487215679138899
2048,1,8,57,100.0,0.0002378509088885039
2048,1,8,58,100.0,0.00023173500085249543
2048,1,8,59,100.0,0.00022330951469484717
2048,1,8,60,100.0,0.00021683881641365588
2048,1,8,61,100.0,0.00021296480554156005
2048,1,8,62,100.0,0.00021172052947804332
2048,1,8,63,100.0,0.00021204515360295773
2048,1,8,64,100.0,0.00021498733258340508
2048,1,8,65,100.0,0.00021352233306970447
2048,1,8,66,100.0,0.00021275487961247563
2048,1,8,67,100.0,0.0002118222473654896
2048,1,8,68,100.0,0.00020541375852189958
2048,1,8,69,100.0,0.00020125089213252068
2048,1,8,70,100.0,0.00019694812363013625
2048,1,8,71,100.0,0.00019403599435463548
2048,1,8,72,100.0,0.00019419181626290083
2048,1,8,73,100.0,0.0001948170829564333
2048,1,8,74,100.0,0.00019075442105531693
2048,1,8,75,100.0,0.00019231975602451712
2048,1,8,76,100.0,0.00018768964218907058
2048,1,8,77,100.0,0.00018956841086037457
2048,1,8,78,100.0,0.0001862913486547768
2048,1,8,79,100.0,0.00018603978969622403
2048,1,8,80,100.0,0.0001859651820268482
2048,1,8,81,100.0,0.00018274072499480098
2048,1,8,82,100.0,0.0001926096883835271
2048,1,8,83,100.0,0.00018931766680907458
2048,1,8,84,100.0,0.00019600582891143858
2048,1,8,85,100.0,0.00018773655756376684
2048,1,8,86,100.0,0.00018834210641216487
2048,1,8,87,100.0,0.0001853845751611516
2048,1,8,88,100.0,0.0001913304440677166
2048,1,8,89,100.0,0.00020339354523457587
2048,1,8,90,100.0,0.00020861341909039766
2048,1,8,91,100.0,0.00022080136113800108
2048,1,8,92,100.0,0.0002488422323949635
2048,1,8,93,100.0,0.000321382365655154
2048,1,8,94,100.0,0.0007825111970305443
2048,1,8,95,100.0,0.0008850097074173391
2048,1,8,96,100.0,0.0016139022773131728
2048,1,8,97,100.0,0.0010160952806472778
2048,1,8,98,100.0,0.0008391523733735085
2048,1,8,99,100.0,0.0007878047181293368
2048,1,8,100,100.0,0.0007405733922496438
2048,2,1,1,13.18359375,2.288322925567627
2048,2,1,2,17.333984375,2.263895034790039
2048,2,1,3,17.333984375,2.2388176918029785
2048,2,1,4,18.798828125,2.2128825187683105
2048,2,1,5,19.82421875,2.1852307319641113
2048,2,1,6,22.94921875,2.154264450073242
2048,2,1,7,23.73046875,2.1324501037597656
2048,2,1,8,24.0234375,2.107612133026123
2048,2,1,9,25.48828125,2.085059881210327
2048,2,1,10,26.513671875,2.0586752891540527
2048,2,1,11,26.953125,2.0429258346557617
2048,2,1,12,28.076171875,2.017941474914551
2048,2,1,13,28.271484375,2.0013954639434814
2048,2,1,14,28.857421875,1.9753527641296387
2048,2,1,15,30.712890625,1.9533050060272217
2048,2,1,16,30.95703125,1.9265363216400146
2048,2,1,17,31.298828125,1.9079670906066895
2048,2,1,18,32.373046875,1.8938499689102173
2048,2,1,19,31.884765625,1.8864507675170898
2048,2,1,20,33.3984375,1.8690252304077148
2048,2,1,21,33.7890625,1.8486918210983276
2048,2,1,22,33.3984375,1.8366844654083252
2048,2,1,23,34.86328125,1.8221840858459473
2048,2,1,24,34.326171875,1.8204035758972168
2048,2,1,25,34.716796875,1.8075131177902222
2048,2,1,26,35.64453125,1.7756831645965576
2048,2,1,27,36.962890625,1.7581604719161987
2048,2,1,28,36.181640625,1.7499804496765137
2048,2,1,29,37.548828125,1.7433652877807617
2048,2,1,30,37.841796875,1.7375152111053467
2048,2,1,31,38.916015625,1.7194750308990479
2048,2,1,32,39.0625,1.7118626832962036
2048,2,1,33,40.0390625,1.7003828287124634
2048,2,1,34,39.55078125,1.7011115550994873
2048,2,1,35,39.306640625,1.6881160736083984
2048,2,1,36,39.404296875,1.6836646795272827
2048,2,1,37,38.96484375,1.6702232360839844
2048,2,1,38,40.52734375,1.6688778400421143
2048,2,1,39,39.84375,1.6557788848876953
2048,2,1,40,41.064453125,1.6414426565170288
2048,2,1,41,40.234375,1.6433274745941162
2048,2,1,42,40.8203125,1.640708088874817
2048,2,1,43,41.2109375,1.6295528411865234
2048,2,1,44,40.966796875,1.6259822845458984
2048,2,1,45,41.455078125,1.6185022592544556
2048,2,1,46,42.431640625,1.6074943542480469
2048,2,1,47,42.08984375,1.6128886938095093
2048,2,1,48,42.87109375,1.6005513668060303
2048,2,1,49,42.529296875,1.5989680290222168
2048,2,1,50,43.06640625,1.5962556600570679
2048,2,1,51,42.87109375,1.587132453918457
2048,2,1,52,42.431640625,1.5869125127792358
2048,2,1,53,43.212890625,1.576805591583252
2048,2,1,54,42.1875,1.5794007778167725
2048,2,1,55,43.65234375,1.5573155879974365
2048,2,1,56,43.65234375,1.5550912618637085
2048,2,1,57,44.921875,1.535679578781128
2048,2,1,58,43.65234375,1.5467602014541626
2048,2,1,59,45.01953125,1.5346925258636475
2048,2,1,60,45.1171875,1.5348279476165771
2048,2,1,61,45.068359375,1.532003402709961
2048,2,1,62,44.287109375,1.5305817127227783
2048,2,1,63,45.60546875,1.5250743627548218
2048,2,1,64,46.58203125,1.5187844038009644
2048,2,1,65,45.21484375,1.5129907131195068
2048,2,1,66,45.703125,1.5155950784683228
2048,2,1,67,46.09375,1.5003434419631958
2048,2,1,68,46.337890625,1.4877371788024902
2048,2,1,69,45.654296875,1.4915640354156494
2048,2,1,70,46.630859375,1.4823074340820312
2048,2,1,71,47.119140625,1.4797532558441162
2048,2,1,72,46.6796875,1.4785606861114502
2048,2,1,73,47.900390625,1.4692044258117676
2048,2,1,74,48.046875,1.4659982919692993
2048,2,1,75,46.630859375,1.475980281829834
2048,2,1,76,46.77734375,1.465806007385254
2048,2,1,77,49.072265625,1.449903130531311
2048,2,1,78,47.705078125,1.4496690034866333
2048,2,1,79,47.998046875,1.4403626918792725
2048,2,1,80,47.607421875,1.443082332611084
2048,2,1,81,47.75390625,1.4339081048965454
2048,2,1,82,48.6328125,1.4305334091186523
2048,2,1,83,48.73046875,1.4210681915283203
2048,2,1,84,49.365234375,1.4236665964126587
2048,2,1,85,47.94921875,1.432814598083496
2048,2,1,86,48.046875,1.4267343282699585
2048,2,1,87,48.92578125,1.4270668029785156
2048,2,1,88,48.681640625,1.4182746410369873
2048,2,1,89,48.583984375,1.4149640798568726
2048,2,1,90,49.51171875,1.4094412326812744
2048,2,1,91,49.072265625,1.4068946838378906
2048,2,1,92,49.072265625,1.4103059768676758
2048,2,1,93,50.048828125,1.409637451171875
2048,2,1,94,49.51171875,1.4002350568771362
2048,2,1,95,49.70703125,1.402212142944336
2048,2,1,96,49.51171875,1.4027411937713623
2048,2,1,97,49.609375,1.398707389831543
2048,2,1,98,49.462890625,1.4050521850585938
2048,2,1,99,49.462890625,1.4061048030853271
2048,2,1,100,50.0,1.3862437009811401
2048,2,2,1,51.26953125,1.3718867301940918
2048,2,2,2,51.611328125,1.3565106391906738
2048,2,2,3,52.63671875,1.333741307258606
2048,2,2,4,54.052734375,1.312241554260254
2048,2,2,5,55.517578125,1.2886314392089844
2048,2,2,6,55.810546875,1.2684032917022705
2048,2,2,7,57.32421875,1.2427616119384766
2048,2,2,8,57.6171875,1.2246567010879517
2048,2,2,9,58.49609375,1.2028181552886963
2048,2,2,10,59.5703125,1.1855885982513428
2048,2,2,11,60.986328125,1.1679823398590088
2048,2,2,12,60.888671875,1.1480681896209717
2048,2,2,13,60.986328125,1.1380432844161987
2048,2,2,14,61.81640625,1.1260193586349487
2048,2,2,15,62.255859375,1.1117620468139648
2048,2,2,16,62.841796875,1.0988445281982422
2048,2,2,17,63.916015625,1.0836164951324463
2048,2,2,18,64.453125,1.0742437839508057
2048,2,2,19,64.84375,1.0593807697296143
2048,2,2,20,63.76953125,1.0508886575698853
2048,2,2,21,64.111328125,1.0427109003067017
2048,2,2,22,65.52734375,1.0264973640441895
2048,2,2,23,65.478515625,1.0148112773895264
2048,2,2,24,66.11328125,1.0053951740264893
2048,2,2,25,67.3828125,0.9902003407478333
2048,2,2,26,66.40625,0.9803820848464966
2048,2,2,27,67.333984375,0.9679169654846191
2048,2,2,28,67.3828125,0.9637025594711304
2048,2,2,29,68.1640625,0.9537899494171143
2048,2,2,30,67.919921875,0.9490519762039185
2048,2,2,31,68.798828125,0.9361295700073242
2048,2,2,32,68.75,0.9314583539962769
2048,2,2,33,68.65234375,0.9327869415283203
2048,2,2,34,69.775390625,0.9229018092155457
2048,2,2,35,69.677734375,0.91963130235672
2048,2,2,36,71.142578125,0.9107531309127808
2048,2,2,37,70.99609375,0.8993756771087646
2048,2,2,38,70.41015625,0.8926907777786255
2048,2,2,39,70.263671875,0.8827834129333496
2048,2,2,40,71.630859375,0.8784386515617371
2048,2,2,41,71.77734375,0.8699857592582703
2048,2,2,42,71.435546875,0.8615236282348633
2048,2,2,43,71.38671875,0.8552300930023193
2048,2,2,44,72.119140625,0.8532118797302246
2048,2,2,45,72.216796875,0.8445339202880859
2048,2,2,46,72.8515625,0.8380007147789001
2048,2,2,47,72.900390625,0.8327696919441223
2048,2,2,48,72.94921875,0.8255247473716736
2048,2,2,49,74.0234375,0.8214553594589233
2048,2,2,50,73.095703125,0.8198471069335938
2048,2,2,51,73.828125,0.8067638874053955
2048,2,2,52,72.509765625,0.8066384792327881
2048,2,2,53,73.193359375,0.8034348487854004
2048,2,2,54,73.095703125,0.8035194873809814
2048,2,2,55,73.92578125,0.7920857667922974
2048,2,2,56,75.048828125,0.7849678993225098
2048,2,2,57,74.365234375,0.7881761193275452
2048,2,2,58,74.8046875,0.7754019498825073
2048,2,2,59,74.4140625,0.7712301015853882
2048,2,2,60,75.244140625,0.7732948660850525
2048,2,2,61,75.1953125,0.7680442333221436
2048,2,2,62,75.244140625,0.76160728931427
2048,2,2,63,76.26953125,0.7624900937080383
2048,2,2,64,76.171875,0.7611095905303955
2048,2,2,65,75.830078125,0.7587763071060181
2048,2,2,66,75.78125,0.7629905939102173
2048,2,2,67,75.390625,0.7597953081130981
2048,2,2,68,75.927734375,0.7570167779922485
2048,2,2,69,76.318359375,0.7526293992996216
2048,2,2,70,75.146484375,0.7521603107452393
2048,2,2,71,77.1484375,0.7387844324111938
2048,2,2,72,76.3671875,0.7417880892753601
2048,2,2,73,77.34375,0.7336193323135376
2048,2,2,74,76.7578125,0.7370125651359558
2048,2,2,75,75.48828125,0.734002947807312
2048,2,2,76,75.341796875,0.7373995780944824
2048,2,2,77,76.5625,0.7270244359970093
2048,2,2,78,76.806640625,0.731407642364502
2048,2,2,79,76.66015625,0.7291846871376038
2048,2,2,80,76.611328125,0.7315579652786255
2048,2,2,81,76.85546875,0.7211798429489136
2048,2,2,82,77.880859375,0.7158535718917847
2048,2,2,83,76.806640625,0.7116577625274658
2048,2,2,84,76.3671875,0.7068045139312744
2048,2,2,85,77.197265625,0.7091741561889648
2048,2,2,86,76.7578125,0.7094331979751587
2048,2,2,87,78.369140625,0.7024619579315186
2048,2,2,88,76.85546875,0.7037041187286377
2048,2,2,89,77.34375,0.7016858458518982
2048,2,2,90,77.880859375,0.6977332830429077
2048,2,2,91,77.34375,0.7042038440704346
2048,2,2,92,78.173828125,0.6922738552093506
2048,2,2,93,78.662109375,0.6884971857070923
2048,2,2,94,78.22265625,0.6924682259559631
2048,2,2,95,78.125,0.6926796436309814
2048,2,2,96,78.61328125,0.6859592199325562
2048,2,2,97,78.61328125,0.6819713115692139
2048,2,2,98,78.076171875,0.6937101483345032
2048,2,2,99,77.294921875,0.6996459364891052
2048,2,2,100,77.734375,0.685820460319519
2048,2,3,1,77.83203125,0.6831110119819641
2048,2,3,2,78.759765625,0.6712597608566284
2048,2,3,3,79.443359375,0.6592820882797241
2048,2,3,4,80.419921875,0.6457729935646057
2048,2,3,5,80.810546875,0.6328369379043579
2048,2,3,6,81.73828125,0.6188904643058777
2048,2,3,7,81.982421875,0.6030869483947754
2048,2,3,8,83.203125,0.589142382144928
2048,2,3,9,83.69140625,0.5795228481292725
2048,2,3,10,84.08203125,0.5665836334228516
2048,2,3,11,84.716796875,0.5570029020309448
2048,2,3,12,85.302734375,0.5427312850952148
2048,2,3,13,85.3515625,0.5330092906951904
2048,2,3,14,86.181640625,0.5201221704483032
2048,2,3,15,86.328125,0.5104306936264038
2048,2,3,16,86.42578125,0.5049697756767273
2048,2,3,17,86.962890625,0.490020215511322
2048,2,3,18,87.890625,0.4827031195163727
2048,2,3,19,88.18359375,0.4739740788936615
2048,2,3,20,88.330078125,0.46482592821121216
2048,2,3,21,88.28125,0.4620361030101776
2048,2,3,22,88.525390625,0.4561241567134857
2048,2,3,23,88.8671875,0.44311392307281494
2048,2,3,24,89.16015625,0.43237000703811646
2048,2,3,25,89.6484375,0.42384618520736694
2048,2,3,26,90.33203125,0.41642603278160095
2048,2,3,27,90.72265625,0.41125836968421936
2048,2,3,28,90.4296875,0.40332654118537903
2048,2,3,29,91.40625,0.39045682549476624
2048,2,3,30,91.064453125,0.38769039511680603
2048,2,3,31,92.08984375,0.3819950520992279
2048,2,3,32,91.455078125,0.3752758502960205
2048,2,3,33,92.236328125,0.3727353811264038
2048,2,3,34,92.08984375,0.37214919924736023
2048,2,3,35,92.333984375,0.3580407500267029
2048,2,3,36,92.138671875,0.3522619903087616
2048,2,3,37,92.626953125,0.35202333331108093
2048,2,3,38,92.919921875,0.34765374660491943
2048,2,3,39,92.822265625,0.3507160544395447
2048,2,3,40,93.06640625,0.344992071390152
2048,2,3,41,93.06640625,0.33914914727211
2048,2,3,42,92.96875,0.3335600197315216
2048,2,3,43,93.9453125,0.3233034312725067
2048,2,3,44,93.408203125,0.3261395990848541
2048,2,3,45,93.701171875,0.3209129571914673
2048,2,3,46,93.798828125,0.318670392036438
2048,2,3,47,93.26171875,0.31912463903427124
2048,2,3,48,93.603515625,0.31675732135772705
2048,2,3,49,93.26171875,0.3190615773200989
2048,2,3,50,93.359375,0.3137604594230652
2048,2,3,51,94.04296875,0.31067174673080444
2048,2,3,52,94.140625,0.3035224378108978
2048,2,3,53,93.994140625,0.30270397663116455
2048,2,3,54,94.091796875,0.3013318181037903
2048,2,3,55,94.189453125,0.2972128391265869
2048,2,3,56,94.384765625,0.29450422525405884
2048,2,3,57,94.287109375,0.2928003668785095
2048,2,3,58,94.580078125,0.29458606243133545
2048,2,3,59,94.82421875,0.2886061668395996
2048,2,3,60,94.580078125,0.2906184494495392
2048,2,3,61,94.62890625,0.2882249355316162
2048,2,3,62,94.775390625,0.28515884280204773
2048,2,3,63,94.775390625,0.28248095512390137
2048,2,3,64,95.263671875,0.2810099124908447
2048,2,3,65,95.361328125,0.2803725600242615
2048,2,3,66,95.166015625,0.27890318632125854
2048,2,3,67,95.068359375,0.28373265266418457
2048,2,3,68,95.01953125,0.2801153063774109
2048,2,3,69,95.1171875,0.27909719944000244
2048,2,3,70,95.654296875,0.27138563990592957
2048,2,3,71,95.556640625,0.27014124393463135
2048,2,3,72,95.21484375,0.27014026045799255
2048,2,3,73,95.60546875,0.27006641030311584
2048,2,3,74,95.60546875,0.26831746101379395
2048,2,3,75,95.361328125,0.270626038312912
2048,2,3,76,96.044921875,0.26494333148002625
2048,2,3,77,95.80078125,0.2657795548439026
2048,2,3,78,95.751953125,0.2622799873352051
2048,2,3,79,95.703125,0.262347549200058
2048,2,3,80,95.751953125,0.2617461085319519
2048,2,3,81,95.99609375,0.2573179006576538
2048,2,3,82,96.09375,0.2579576075077057
2048,2,3,83,95.80078125,0.2579258382320404
2048,2,3,84,95.947265625,0.25667619705200195
2048,2,3,85,95.99609375,0.2560678720474243
2048,2,3,86,95.654296875,0.2575664818286896
2048,2,3,87,95.947265625,0.2528107762336731
2048,2,3,88,95.947265625,0.25018924474716187
2048,2,3,89,96.19140625,0.24588237702846527
2048,2,3,90,96.2890625,0.24862882494926453
2048,2,3,91,96.142578125,0.24689725041389465
2048,2,3,92,96.435546875,0.24362356960773468
2048,2,3,93,96.533203125,0.24238352477550507
2048,2,3,94,96.58203125,0.24094164371490479
2048,2,3,95,96.630859375,0.23969846963882446
2048,2,3,96,96.826171875,0.23573516309261322
2048,2,3,97,96.6796875,0.23797036707401276
2048,2,3,98,96.630859375,0.23958799242973328
2048,2,3,99,96.6796875,0.23800209164619446
2048,2,3,100,96.533203125,0.2417915165424347
2048,2,4,1,96.484375,0.2372988909482956
2048,2,4,2,96.58203125,0.23190459609031677
2048,2,4,3,96.923828125,0.22646483778953552
2048,2,4,4,97.412109375,0.2203344702720642
2048,2,4,5,97.705078125,0.21187283098697662
2048,2,4,6,97.8515625,0.20462633669376373
2048,2,4,7,98.2421875,0.19617637991905212
2048,2,4,8,98.486328125,0.1890660673379898
2048,2,4,9,98.779296875,0.1811419427394867
2048,2,4,10,99.0234375,0.1752644181251526
2048,2,4,11,99.072265625,0.16946262121200562
2048,2,4,12,99.169921875,0.16428571939468384
2048,2,4,13,99.31640625,0.1605105996131897
2048,2,4,14,99.31640625,0.15357373654842377
2048,2,4,15,99.31640625,0.15028530359268188
2048,2,4,16,99.31640625,0.14711220562458038
2048,2,4,17,99.560546875,0.14268821477890015
2048,2,4,18,99.609375,0.13797420263290405
2048,2,4,19,99.51171875,0.13445493578910828
2048,2,4,20,99.658203125,0.13047271966934204
2048,2,4,21,99.609375,0.12695857882499695
2048,2,4,22,99.8046875,0.12390684336423874
2048,2,4,23,99.755859375,0.12207216769456863
2048,2,4,24,99.853515625,0.12006152421236038
2048,2,4,25,99.755859375,0.11746854335069656
2048,2,4,26,99.658203125,0.1151251345872879
2048,2,4,27,99.70703125,0.11477962136268616
2048,2,4,28,99.8046875,0.11316674202680588
2048,2,4,29,99.755859375,0.10966504365205765
2048,2,4,30,99.853515625,0.10837829113006592
2048,2,4,31,99.853515625,0.10603118687868118
2048,2,4,32,99.853515625,0.1044328436255455
2048,2,4,33,99.853515625,0.10170914232730865
2048,2,4,34,99.853515625,0.10093478858470917
2048,2,4,35,99.90234375,0.10079739987850189
2048,2,4,36,99.755859375,0.09815897047519684
2048,2,4,37,99.8046875,0.09614964574575424
2048,2,4,38,99.90234375,0.09507378935813904
2048,2,4,39,99.8046875,0.09353037178516388
2048,2,4,40,99.90234375,0.09115076810121536
2048,2,4,41,99.853515625,0.09036032855510712
2048,2,4,42,99.853515625,0.09066319465637207
2048,2,4,43,99.70703125,0.08986544609069824
2048,2,4,44,99.90234375,0.08915375173091888
2048,2,4,45,99.8046875,0.08937357366085052
2048,2,4,46,99.8046875,0.08652396500110626
2048,2,4,47,99.853515625,0.08756418526172638
2048,2,4,48,99.90234375,0.0849524512887001
2048,2,4,49,99.951171875,0.08302637934684753
2048,2,4,50,99.90234375,0.08202344924211502
2048,2,4,51,99.90234375,0.08135426044464111
2048,2,4,52,100.0,0.07957924157381058
2048,2,4,53,99.90234375,0.08106625080108643
2048,2,4,54,99.8046875,0.07894554734230042
2048,2,4,55,99.90234375,0.07762885838747025
2048,2,4,56,99.853515625,0.07628970593214035
2048,2,4,57,99.90234375,0.07528060674667358
2048,2,4,58,100.0,0.0748371109366417
2048,2,4,59,99.951171875,0.07419735193252563
2048,2,4,60,100.0,0.07432463020086288
2048,2,4,61,99.951171875,0.07294861972332001
2048,2,4,62,99.853515625,0.0738455280661583
2048,2,4,63,99.90234375,0.07249981164932251
2048,2,4,64,99.951171875,0.07148627936840057
2048,2,4,65,99.951171875,0.07123201340436935
2048,2,4,66,99.951171875,0.06995400786399841
2048,2,4,67,99.951171875,0.06914395838975906
2048,2,4,68,99.853515625,0.07033161073923111
2048,2,4,69,99.90234375,0.06973017752170563
2048,2,4,70,100.0,0.06911681592464447
2048,2,4,71,99.90234375,0.06895976513624191
2048,2,4,72,99.951171875,0.06811504065990448
2048,2,4,73,99.90234375,0.06883908808231354
2048,2,4,74,99.90234375,0.06824547052383423
2048,2,4,75,99.951171875,0.0684061348438263
2048,2,4,76,99.951171875,0.06838317215442657
2048,2,4,77,99.853515625,0.06826062500476837
2048,2,4,78,99.951171875,0.06820248067378998
2048,2,4,79,100.0,0.06698477268218994
2048,2,4,80,99.951171875,0.06743226945400238
2048,2,4,81,99.951171875,0.06590916216373444
2048,2,4,82,99.951171875,0.06674230098724365
2048,2,4,83,99.951171875,0.06672121584415436
2048,2,4,84,99.951171875,0.06583552062511444
2048,2,4,85,99.853515625,0.06674626469612122
2048,2,4,86,99.853515625,0.06466566026210785
2048,2,4,87,99.90234375,0.06394810229539871
2048,2,4,88,99.951171875,0.06270046532154083
2048,2,4,89,99.951171875,0.06273718923330307
2048,2,4,90,100.0,0.061670366674661636
2048,2,4,91,99.951171875,0.060651347041130066
2048,2,4,92,99.90234375,0.06118070334196091
2048,2,4,93,99.951171875,0.060642119497060776
2048,2,4,94,99.951171875,0.06084328144788742
2048,2,4,95,99.90234375,0.060533516108989716
2048,2,4,96,99.90234375,0.06160392984747887
2048,2,4,97,99.951171875,0.061575595289468765
2048,2,4,98,100.0,0.06075118109583855
2048,2,4,99,100.0,0.058734506368637085
2048,2,4,100,100.0,0.05947354435920715
2048,2,5,1,100.0,0.05851976200938225
2048,2,5,2,99.951171875,0.05689410865306854
2048,2,5,3,100.0,0.05530087277293205
2048,2,5,4,100.0,0.053403180092573166
2048,2,5,5,100.0,0.05168566107749939
2048,2,5,6,100.0,0.05012550204992294
2048,2,5,7,100.0,0.048599764704704285
2048,2,5,8,100.0,0.04690016061067581
2048,2,5,9,100.0,0.045010194182395935
2048,2,5,10,100.0,0.04308578372001648
2048,2,5,11,100.0,0.041231438517570496
2048,2,5,12,100.0,0.039846211671829224
2048,2,5,13,100.0,0.03885045647621155
2048,2,5,14,100.0,0.03740709275007248
2048,2,5,15,100.0,0.03686363622546196
2048,2,5,16,100.0,0.035490699112415314
2048,2,5,17,100.0,0.03457825630903244
2048,2,5,18,100.0,0.03339824452996254
2048,2,5,19,100.0,0.03271300345659256
2048,2,5,20,100.0,0.032369211316108704
2048,2,5,21,100.0,0.031157825142145157
2048,2,5,22,100.0,0.030499042943120003
2048,2,5,23,100.0,0.030501466244459152
2048,2,5,24,100.0,0.02948659472167492
2048,2,5,25,100.0,0.028942164033651352
2048,2,5,26,100.0,0.028076913207769394
2048,2,5,27,100.0,0.027531761676073074
2048,2,5,28,100.0,0.026894301176071167
2048,2,5,29,100.0,0.026043202728033066
2048,2,5,30,100.0,0.02571946755051613
2048,2,5,31,100.0,0.025018535554409027
2048,2,5,32,100.0,0.024279821664094925
2048,2,5,33,100.0,0.024253785610198975
2048,2,5,34,100.0,0.02415189892053604
2048,2,5,35,100.0,0.024145524948835373
2048,2,5,36,100.0,0.023419257253408432
2048,2,5,37,100.0,0.023629233241081238
2048,2,5,38,100.0,0.022941015660762787
2048,2,5,39,100.0,0.022628065198659897
2048,2,5,40,100.0,0.02248256281018257
2048,2,5,41,100.0,0.021963201463222504
2048,2,5,42,100.0,0.021885491907596588
2048,2,5,43,100.0,0.021644242107868195
2048,2,5,44,100.0,0.02153393253684044
2048,2,5,45,100.0,0.021550055593252182
2048,2,5,46,100.0,0.02127230353653431
2048,2,5,47,100.0,0.020839765667915344
2048,2,5,48,100.0,0.020582500845193863
2048,2,5,49,100.0,0.019971806555986404
2048,2,5,50,100.0,0.019616346806287766
2048,2,5,51,100.0,0.01941028982400894
2048,2,5,52,100.0,0.019566398113965988
2048,2,5,53,100.0,0.019472826272249222
2048,2,5,54,100.0,0.019361160695552826
2048,2,5,55,100.0,0.019662559032440186
2048,2,5,56,100.0,0.01913110911846161
2048,2,5,57,100.0,0.018668781965970993
2048,2,5,58,100.0,0.01885858178138733
2048,2,5,59,100.0,0.018799245357513428
2048,2,5,60,100.0,0.018765809014439583
2048,2,5,61,100.0,0.018442362546920776
2048,2,5,62,100.0,0.01822766289114952
2048,2,5,63,100.0,0.017702948302030563
2048,2,5,64,100.0,0.01783284731209278
2048,2,5,65,100.0,0.017766037955880165
2048,2,5,66,100.0,0.01773005723953247
2048,2,5,67,100.0,0.017579402774572372
2048,2,5,68,100.0,0.017473015934228897
2048,2,5,69,100.0,0.01718856580555439
2048,2,5,70,99.951171875,0.01760675013065338
2048,2,5,71,100.0,0.017712518572807312
2048,2,5,72,100.0,0.01814134605228901
2048,2,5,73,100.0,0.017709817737340927
2048,2,5,74,100.0,0.01760970614850521
2048,2,5,75,100.0,0.017291288822889328
2048,2,5,76,100.0,0.016959158703684807
2048,2,5,77,100.0,0.016887692734599113
2048,2,5,78,100.0,0.016744742169976234
2048,2,5,79,100.0,0.01678948849439621
2048,2,5,80,100.0,0.016689587384462357
2048,2,5,81,100.0,0.016384096816182137
2048,2,5,82,100.0,0.016090668737888336
2048,2,5,83,100.0,0.01617281883955002
2048,2,5,84,100.0,0.016167588531970978
2048,2,5,85,100.0,0.015948712825775146
2048,2,5,86,100.0,0.016171587631106377
2048,2,5,87,100.0,0.016075577586889267
2048,2,5,88,100.0,0.016074448823928833
2048,2,5,89,99.951171875,0.016529837623238564
2048,2,5,90,100.0,0.01731181889772415
2048,2,5,91,99.951171875,0.017303533852100372
2048,2,5,92,100.0,0.01788235828280449
2048,2,5,93,100.0,0.018041208386421204
2048,2,5,94,100.0,0.017880555242300034
2048,2,5,95,100.0,0.017005225643515587
2048,2,5,96,100.0,0.01652374677360058
2048,2,5,97,100.0,0.015971681103110313
2048,2,5,98,100.0,0.01583903655409813
2048,2,5,99,100.0,0.015726108103990555
2048,2,5,100,100.0,0.015978887677192688
2048,2,6,1,100.0,0.015451431274414062
2048,2,6,2,100.0,0.015049855224788189
2048,2,6,3,100.0,0.014652177691459656
2048,2,6,4,100.0,0.014128667302429676
2048,2,6,5,100.0,0.013504565693438053
2048,2,6,6,100.0,0.012945594266057014
2048,2,6,7,100.0,0.012371044605970383
2048,2,6,8,100.0,0.011995011940598488
2048,2,6,9,100.0,0.011580293998122215
2048,2,6,10,100.0,0.011214313097298145
2048,2,6,11,100.0,0.010841546580195427
2048,2,6,12,100.0,0.010474183596670628
2048,2,6,13,100.0,0.01019964087754488
2048,2,6,14,100.0,0.009949847124516964
2048,2,6,15,100.0,0.009718364104628563
2048,2,6,16,100.0,0.009605376981198788
2048,2,6,17,100.0,0.009921779856085777
2048,2,6,18,100.0,0.00940791517496109
2048,2,6,19,100.0,0.0090161869302392
2048,2,6,20,100.0,0.008620062842965126
2048,2,6,21,100.0,0.008419165387749672
2048,2,6,22,100.0,0.00817803107202053
2048,2,6,23,100.0,0.008025762625038624
2048,2,6,24,100.0,0.007804625667631626
2048,2,6,25,100.0,0.00789721217006445
2048,2,6,26,100.0,0.007655295543372631
2048,2,6,27,100.0,0.007462909445166588
2048,2,6,28,100.0,0.0072063785046339035
2048,2,6,29,100.0,0.00705811008810997
2048,2,6,30,100.0,0.007020310498774052
2048,2,6,31,100.0,0.00686786649748683
2048,2,6,32,100.0,0.006697427481412888
2048,2,6,33,100.0,0.006613357923924923
2048,2,6,34,100.0,0.006470541935414076
2048,2,6,35,100.0,0.0063327159732580185
2048,2,6,36,100.0,0.006184629630297422
2048,2,6,37,100.0,0.006133402232080698
2048,2,6,38,100.0,0.006048810668289661
2048,2,6,39,100.0,0.006075924262404442
2048,2,6,40,100.0,0.006225999444723129
2048,2,6,41,100.0,0.0062033748254179955
2048,2,6,42,100.0,0.006219062022864819
2048,2,6,43,100.0,0.006099104415625334
2048,2,6,44,100.0,0.006129054352641106
2048,2,6,45,100.0,0.006044951733201742
2048,2,6,46,100.0,0.005906356498599052
2048,2,6,47,100.0,0.005855673924088478
2048,2,6,48,100.0,0.00569551344960928
2048,2,6,49,100.0,0.005650374107062817
2048,2,6,50,100.0,0.005537727382034063
2048,2,6,51,100.0,0.005531303584575653
2048,2,6,52,100.0,0.005248643923550844
2048,2,6,53,100.0,0.005131713580340147
2048,2,6,54,100.0,0.0050436509773135185
2048,2,6,55,100.0,0.004989113658666611
2048,2,6,56,100.0,0.004906306974589825
2048,2,6,57,100.0,0.004921947605907917
2048,2,6,58,100.0,0.004911134019494057
2048,2,6,59,100.0,0.004769136197865009
2048,2,6,60,100.0,0.004855404607951641
2048,2,6,61,100.0,0.004853406921029091
2048,2,6,62,100.0,0.004816106520593166
2048,2,6,63,100.0,0.004693880677223206
2048,2,6,64,100.0,0.0046432712115347385
2048,2,6,65,100.0,0.004663374274969101
2048,2,6,66,100.0,0.004570235963910818
2048,2,6,67,100.0,0.0045805517584085464
2048,2,6,68,100.0,0.0044717006385326385
2048,2,6,69,100.0,0.004420850425958633
2048,2,6,70,100.0,0.00445816945284605
2048,2,6,71,100.0,0.0045126378536224365
2048,2,6,72,100.0,0.004494135268032551
2048,2,6,73,100.0,0.004509343765676022
2048,2,6,74,100.0,0.0049868556670844555
2048,2,6,75,99.951171875,0.005474274978041649
2048,2,6,76,99.951171875,0.007675976492464542
2048,2,6,77,100.0,0.005834277253597975
2048,2,6,78,100.0,0.00545845739543438
2048,2,6,79,100.0,0.005851557478308678
2048,2,6,80,100.0,0.005639973096549511
2048,2,6,81,100.0,0.005291566252708435
2048,2,6,82,100.0,0.005095246247947216
2048,2,6,83,100.0,0.00478506600484252
2048,2,6,84,100.0,0.004647512920200825
2048,2,6,85,100.0,0.004460618831217289
2048,2,6,86,100.0,0.004283638205379248
2048,2,6,87,100.0,0.004207618534564972
2048,2,6,88,100.0,0.00420937268063426
2048,2,6,89,100.0,0.0045889620669186115
2048,2,6,90,100.0,0.004404901526868343
2048,2,6,91,100.0,0.004395324271172285
2048,2,6,92,100.0,0.004215251188725233
2048,2,6,93,100.0,0.004064914770424366
2048,2,6,94,100.0,0.0039188675582408905
2048,2,6,95,100.0,0.003855935065075755
2048,2,6,96,100.0,0.0037961099296808243
2048,2,6,97,100.0,0.0037905226927250624
2048,2,6,98,100.0,0.003756369464099407
2048,2,6,99,100.0,0.003713678801432252
2048,2,6,100,100.0,0.0036610353272408247
2048,2,7,1,100.0,0.0035889525897800922
2048,2,7,2,100.0,0.003481102641671896
2048,2,7,3,100.0,0.0033882311545312405
2048,2,7,4,100.0,0.003249898785725236
2048,2,7,5,100.0,0.0031375593971461058
2048,2,7,6,100.0,0.003012819681316614
2048,2,7,7,100.0,0.0028949431143701077
2048,2,7,8,100.0,0.002762804040685296
2048,2,7,9,100.0,0.0026721239555627108
2048,2,7,10,100.0,0.002590167336165905
2048,2,7,11,100.0,0.0025155050680041313
2048,2,7,12,100.0,0.0024501050356775522
2048,2,7,13,100.0,0.002365331631153822
2048,2,7,14,100.0,0.002302046399563551
2048,2,7,15,100.0,0.0022244895808398724
2048,2,7,16,100.0,0.002177121350541711
2048,2,7,17,100.0,0.0021232368890196085
2048,2,7,18,100.0,0.002064129337668419
2048,2,7,19,100.0,0.0020161361899226904
2048,2,7,20,100.0,0.001960540423169732
2048,2,7,21,100.0,0.0019002973567694426
2048,2,7,22,100.0,0.0018737561767920852
2048,2,7,23,100.0,0.0018073825631290674
2048,2,7,24,100.0,0.0017645598854869604
2048,2,7,25,100.0,0.001721430686302483
2048,2,7,26,100.0,0.0016925694653764367
2048,2,7,27,100.0,0.0016327789053320885
2048,2,7,28,100.0,0.0016366408672183752
2048,2,7,29,100.0,0.0016007025260478258
2048,2,7,30,100.0,0.0015880169812589884
2048,2,7,31,100.0,0.0015268537681549788
2048,2,7,32,100.0,0.0015405169688165188
2048,2,7,33,100.0,0.0014852974563837051
2048,2,7,34,100.0,0.0014669857919216156
2048,2,7,35,100.0,0.0014440224040299654
2048,2,7,36,100.0,0.0014103378634899855
2048,2,7,37,100.0,0.0013738709967583418
2048,2,7,38,100.0,0.001364319585263729
2048,2,7,39,100.0,0.0013352558016777039
2048,2,7,40,100.0,0.0013641573023051023
2048,2,7,41,100.0,0.0013346789637580514
2048,2,7,42,100.0,0.001312494627200067
2048,2,7,43,100.0,0.001279143849387765
2048,2,7,44,100.0,0.001252759713679552
2048,2,7,45,100.0,0.0012596581364050508
2048,2,7,46,100.0,0.0012423306470736861
2048,2,7,47,100.0,0.0012205016100779176
2048,2,7,48,100.0,0.0012014573439955711
2048,2,7,49,100.0,0.0011843533720821142
2048,2,7,50,100.0,0.0011640156153589487
2048,2,7,51,100.0,0.0011506382143124938
2048,2,7,52,100.0,0.0011587966000661254
2048,2,7,53,100.0,0.0011499456595629454
2048,2,7,54,100.0,0.0011333251604810357
2048,2,7,55,100.0,0.0011155831161886454
2048,2,7,56,100.0,0.0011090326588600874
2048,2,7,57,100.0,0.001120848348364234
2048,2,7,58,100.0,0.0011154579697176814
2048,2,7,59,100.0,0.0010778724681586027
2048,2,7,60,100.0,0.001100499415770173
2048,2,7,61,100.0,0.0010767997009679675
2048,2,7,62,100.0,0.0010852100094780326
2048,2,7,63,100.0,0.0010552516905590892
2048,2,7,64,100.0,0.0010377855505794287
2048,2,7,65,100.0,0.0010226373560726643
2048,2,7,66,100.0,0.0010102230589836836
2048,2,7,67,100.0,0.0010132892057299614
2048,2,7,68,100.0,0.0010043601505458355
2048,2,7,69,100.0,0.0009971924591809511
2048,2,7,70,100.0,0.0010100759100168943
2048,2,7,71,100.0,0.0009981495095416903
2048,2,7,72,100.0,0.0009786204900592566
2048,2,7,73,100.0,0.0010027684038504958
2048,2,7,74,100.0,0.0010110767325386405
2048,2,7,75,100.0,0.0010840671602636576
2048,2,7,76,100.0,0.001093100756406784
2048,2,7,77,100.0,0.0011203534668311477
2048,2,7,78,100.0,0.0013421764597296715
2048,2,7,79,100.0,0.0015148927923291922
2048,2,7,80,100.0,0.0014330176636576653
2048,2,7,81,100.0,0.0014588148333132267
2048,2,7,82,100.0,0.0014943336136639118
2048,2,7,83,100.0,0.0015262581873685122
2048,2,7,84,100.0,0.0014704680070281029
2048,2,7,85,100.0,0.0013074486050754786
2048,2,7,86,100.0,0.001303848810493946
2048,2,7,87,100.0,0.0012208123225718737
2048,2,7,88,100.0,0.0011558267287909985
2048,2,7,89,100.0,0.0010974949691444635
2048,2,7,90,100.0,0.0010710055939853191
2048,2,7,91,100.0,0.0010291418293491006
2048,2,7,92,100.0,0.000995259266346693
2048,2,7,93,100.0,0.000979201402515173
2048,2,7,94,100.0,0.0009603365324437618
2048,2,7,95,100.0,0.0009362690034322441
2048,2,7,96,100.0,0.0009271726012229919
2048,2,7,97,100.0,0.0009075725101865828
2048,2,7,98,100.0,0.0009041359298862517
2048,2,7,99,100.0,0.0008952664211392403
2048,2,7,100,100.0,0.0008870075107552111
2048,2,8,1,100.0,0.0008688424713909626
2048,2,8,2,100.0,0.000841088593006134
2048,2,8,3,100.0,0.0008164270548149943
2048,2,8,4,100.0,0.0007814100245013833
2048,2,8,5,100.0,0.00075019511859864
2048,2,8,6,100.0,0.0007192572229541838
2048,2,8,7,100.0,0.0006898269639350474
2048,2,8,8,100.0,0.0006621125503443182
2048,2,8,9,100.0,0.0006316538201645017
2048,2,8,10,100.0,0.0006074088159948587
2048,2,8,11,100.0,0.0005877841031178832
2048,2,8,12,100.0,0.0005651013343594968
2048,2,8,13,100.0,0.0005466485163196921
2048,2,8,14,100.0,0.0005364920943975449
2048,2,8,15,100.0,0.0005197672289796174
2048,2,8,16,100.0,0.0005108093610033393
2048,2,8,17,100.0,0.0004890767158940434
2048,2,8,18,100.0,0.0004747514904011041
2048,2,8,19,100.0,0.00046680239029228687
2048,2,8,20,100.0,0.0004525620606727898
2048,2,8,21,100.0,0.00044106555287726223
2048,2,8,22,100.0,0.0004273850645404309
2048,2,8,23,100.0,0.00042034959187731147
2048,2,8,24,100.0,0.0004194299690425396
2048,2,8,25,100.0,0.00041714042890816927
2048,2,8,26,100.0,0.00040345071465708315
2048,2,8,27,100.0,0.0004028382827527821
2048,2,8,28,100.0,0.00039748093695379794
2048,2,8,29,100.0,0.00041019165655598044
2048,2,8,30,100.0,0.00040538638131693006
2048,2,8,31,100.0,0.0003941725008189678
2048,2,8,32,100.0,0.000383231119485572
2048,2,8,33,100.0,0.00036647552042268217
2048,2,8,34,100.0,0.00035794309224002063
2048,2,8,35,100.0,0.0003486822824925184
2048,2,8,36,100.0,0.0003453736426308751
2048,2,8,37,100.0,0.0003343844728078693
2048,2,8,38,100.0,0.00033284901292063296
2048,2,8,39,100.0,0.00032541234395466745
2048,2,8,40,100.0,0.0003284375707153231
2048,2,8,41,100.0,0.00032092846231535077
2048,2,8,42,100.0,0.00031512544956058264
2048,2,8,43,100.0,0.0003116209409199655
2048,2,8,44,100.0,0.00030620116740465164
2048,2,8,45,100.0,0.00030530476942658424
2048,2,8,46,100.0,0.00029931089375168085
2048,2,8,47,100.0,0.00029468085267581046
2048,2,8,48,100.0,0.00029291538521647453
2048,2,8,49,100.0,0.00028540808125399053
2048,2,8,50,100.0,0.0002842061803676188
2048,2,8,51,100.0,0.0002877127262763679
2048,2,8,52,100.0,0.0002820438239723444
2048,2,8,53,100.0,0.0002788832352962345
2048,2,8,54,100.0,0.00027996819699183106
2048,2,8,55,100.0,0.0002956725948024541
2048,2,8,56,100.0,0.0002921758277807385
2048,2,8,57,100.0,0.0002870449097827077
2048,2,8,58,100.0,0.0002801546361297369
2048,2,8,59,100.0,0.00027368764858692884
2048,2,8,60,100.0,0.0002680882753338665
2048,2,8,61,100.0,0.0002652609837241471
2048,2,8,62,100.0,0.0002586890768725425
2048,2,8,63,100.0,0.00025137243210338056
2048,2,8,64,100.0,0.00025109146372415125
2048,2,8,65,100.0,0.0002489664184395224
2048,2,8,66,100.0,0.0002495271328371018
2048,2,8,67,100.0,0.00024389891768805683
2048,2,8,68,100.0,0.00024132736143656075
2048,2,8,69,100.0,0.00024235618184320629
2048,2,8,70,100.0,0.00024424021830782294
2048,2,8,71,100.0,0.00023608646006323397
2048,2,8,72,100.0,0.00023257959401234984
2048,2,8,73,100.0,0.00023401167709380388
2048,2,8,74,100.0,0.00023395278549287468
2048,2,8,75,100.0,0.00023535173386335373
2048,2,8,76,100.0,0.00023649672220926732
2048,2,8,77,100.0,0.0002337164041819051
2048,2,8,78,100.0,0.00023748978856019676
2048,2,8,79,100.0,0.00023339205654338002
2048,2,8,80,100.0,0.00023360538762062788
2048,2,8,81,100.0,0.00023285174393095076
2048,2,8,82,100.0,0.00024423026479780674
2048,2,8,83,100.0,0.00023378395417239517
2048,2,8,84,100.0,0.0002262264461023733
2048,2,8,85,100.0,0.00022392878599930555
2048,2,8,86,100.0,0.00022311988868750632
2048,2,8,87,100.0,0.0002339929633308202
2048,2,8,88,100.0,0.00026333535788580775
2048,2,8,89,99.90234375,0.004006148315966129
2048,2,8,90,100.0,0.0015219147317111492
2048,2,8,91,100.0,0.0014810736756771803
2048,2,8,92,100.0,0.0012233643792569637
2048,2,8,93,100.0,0.0009951069951057434
2048,2,8,94,100.0,0.0008818992064334452
2048,2,8,95,100.0,0.0008575542597100139
2048,2,8,96,100.0,0.0008053986821323633
2048,2,8,97,100.0,0.0007819499587640166
2048,2,8,98,100.0,0.000765254779253155
2048,2,8,99,100.0,0.000749685219489038
2048,2,8,100,100.0,0.0007348094368353486
8192,0,1,1,12.9638671875,2.2894678115844727
8192,0,1,2,13.83056640625,2.2802138328552246
8192,0,1,3,15.869140625,2.2642245292663574
8192,0,1,4,15.771484375,2.254403591156006
8192,0,1,5,16.4306640625,2.2411770820617676
8192,0,1,6,16.9921875,2.2336082458496094
8192,0,1,7,17.5048828125,2.223719596862793
8192,0,1,8,17.87109375,2.2175536155700684
8192,0,1,9,18.88427734375,2.209527015686035
8192,0,1,10,18.71337890625,2.2013962268829346
8192,0,1,11,18.85986328125,2.1912052631378174
8192,0,1,12,19.22607421875,2.189981460571289
8192,0,1,13,18.61572265625,2.185976982116699
8192,0,1,14,19.0185546875,2.178802013397217
8192,0,1,15,20.42236328125,2.1718921661376953
8192,0,1,16,19.5556640625,2.1719820499420166
8192,0,1,17,19.7509765625,2.16646671295166
8192,0,1,18,19.83642578125,2.16279935836792
8192,0,1,19,20.15380859375,2.1620492935180664
8192,0,1,20,20.05615234375,2.158186912536621
8192,0,1,21,20.654296875,2.1571526527404785
8192,0,1,22,20.7763671875,2.1485724449157715
8192,0,1,23,20.9716796875,2.144671678543091
8192,0,1,24,21.03271484375,2.142953872680664
8192,0,1,25,20.7275390625,2.141085624694824
8192,0,1,26,21.52099609375,2.13956880569458
8192,0,1,27,21.74072265625,2.1319589614868164
8192,0,1,28,21.93603515625,2.130908966064453
8192,0,1,29,21.74072265625,2.1265082359313965
8192,0,1,30,21.533203125,2.1283912658691406
8192,0,1,31,21.09375,2.12280535697937
8192,0,1,32,21.22802734375,2.1171984672546387
8192,0,1,33,21.484375,2.1171252727508545
8192,0,1,34,21.5087890625,2.113379716873169
8192,0,1,35,21.83837890625,2.1124019622802734
8192,0,1,36,21.30126953125,2.11289644241333
8192,0,1,37,21.7529296875,2.107875108718872
8192,0,1,38,21.6064453125,2.108762741088867
8192,0,1,39,21.826171875,2.110778331756592
8192,0,1,40,22.2412109375,2.109126091003418
8192,0,1,41,22.0947265625,2.1054396629333496
8192,0,1,42,22.509765625,2.096613883972168
8192,0,1,43,22.44873046875,2.095306158065796
8192,0,1,44,22.4365234375,2.0965938568115234
8192,0,1,45,22.61962890625,2.098008632659912
8192,0,1,46,22.44873046875,2.099946975708008
8192,0,1,47,21.97265625,2.0999670028686523
8192,0,1,48,22.65625,2.08892822265625
8192,0,1,49,22.65625,2.092357635498047
8192,0,1,50,22.1923828125,2.0903992652893066
8192,0,1,51,22.57080078125,2.090528964996338
8192,0,1,52,22.5341796875,2.0900747776031494
8192,0,1,53,22.59521484375,2.0858354568481445
8192,0,1,54,22.49755859375,2.0868489742279053
8192,0,1,55,22.71728515625,2.084632158279419
8192,0,1,56,22.3876953125,2.0893049240112305
8192,0,1,57,21.875,2.082813024520874
8192,0,1,58,23.046875,2.0800065994262695
8192,0,1,59,22.88818359375,2.079441547393799
8192,0,1,60,22.8271484375,2.077904224395752
8192,0,1,61,22.59521484375,2.079442024230957
8192,0,1,62,23.08349609375,2.0734305381774902
8192,0,1,63,22.900390625,2.074842929840088
8192,0,1,64,23.2177734375,2.075908660888672
8192,0,1,65,22.7783203125,2.0766279697418213
8192,0,1,66,22.98583984375,2.0723495483398438
8192,0,1,67,23.388671875,2.071500301361084
8192,0,1,68,23.1689453125,2.0699925422668457
8192,0,1,69,23.583984375,2.0733096599578857
8192,0,1,70,23.74267578125,2.070835590362549
8192,0,1,71,22.7783203125,2.0746302604675293
8192,0,1,72,23.4619140625,2.069624185562134
8192,0,1,73,23.69384765625,2.0678162574768066
8192,0,1,74,23.0712890625,2.0642623901367188
8192,0,1,75,23.5595703125,2.0693607330322266
8192,0,1,76,22.7783203125,2.0649852752685547
8192,0,1,77,22.71728515625,2.06588077545166
8192,0,1,78,23.14453125,2.0661916732788086
8192,0,1,79,22.802734375,2.0648276805877686
8192,0,1,80,23.66943359375,2.0637576580047607
8192,0,1,81,23.08349609375,2.0616164207458496
8192,0,1,82,22.412109375,2.0633504390716553
8192,0,1,83,23.08349609375,2.067781925201416
8192,0,1,84,23.291015625,2.063166618347168
8192,0,1,85,23.2177734375,2.060291290283203
8192,0,1,86,23.37646484375,2.060331344604492
8192,0,1,87,22.998046875,2.0590243339538574
8192,0,1,88,22.64404296875,2.059849500656128
8192,0,1,89,22.94921875,2.058445692062378
8192,0,1,90,23.01025390625,2.0672707557678223
8192,0,1,91,23.13232421875,2.0599324703216553
8192,0,1,92,23.4375,2.057373523712158
8192,0,1,93,23.6572265625,2.0549075603485107
8192,0,1,94,23.15673828125,2.054497718811035
8192,0,1,95,22.98583984375,2.0550637245178223
8192,0,1,96,23.25439453125,2.0564613342285156
8192,0,1,97,23.47412109375,2.054750919342041
8192,0,1,98,22.88818359375,2.0587806701660156
8192,0,1,99,23.33984375,2.049403667449951
8192,0,1,100,23.5107421875,2.049936056137085
8192,0,2,1,23.64501953125,2.039647102355957
8192,0,2,2,24.6337890625,2.028177261352539
8192,0,2,3,25.3173828125,2.019176959991455
8192,0,2,4,25.3662109375,2.0097689628601074
8192,0,2,5,26.57470703125,1.998008370399475
8192,0,2,6,26.513671875,1.9883519411087036
8192,0,2,7,26.94091796875,1.981046199798584
8192,0,2,8,27.8564453125,1.9699256420135498
8192,0,2,9,28.08837890625,1.9635474681854248
8192,0,2,10,28.52783203125,1.956104040145874
8192,0,2,11,28.662109375,1.9515314102172852
8192,0,2,12,28.60107421875,1.9437421560287476
8192,0,2,13,29.736328125,1.9326822757720947
8192,0,2,14,29.79736328125,1.9320622682571411
8192,0,2,15,29.74853515625,1.9275507926940918
8192,0,2,16,29.98046875,1.9203585386276245
8192,0,2,17,29.94384765625,1.9136064052581787
8192,0,2,18,30.55419921875,1.9068820476531982
8192,0,2,19,30.810546875,1.9067121744155884
8192,0,2,20,31.005859375,1.9026226997375488
8192,0,2,21,31.3232421875,1.895810604095459
8192,0,2,22,30.6396484375,1.9035398960113525
8192,0,2,23,30.89599609375,1.897339105606079
8192,0,2,24,31.25,1.8914809226989746
8192,0,2,25,31.15234375,1.8919627666473389
8192,0,2,26,31.14013671875,1.8918883800506592
8192,0,2,27,31.3232421875,1.8847360610961914
8192,0,2,28,31.0546875,1.8836686611175537
8192,0,2,29,31.33544921875,1.8841639757156372
8192,0,2,30,31.65283203125,1.878364086151123
8192,0,2,31,31.57958984375,1.8760149478912354
8192,0,2,32,31.57958984375,1.8725236654281616
8192,0,2,33,31.73828125,1.8696658611297607
8192,0,2,34,31.7138671875,1.8667025566101074
8192,0,2,35,31.67724609375,1.866877555847168
8192,0,2,36,31.6162109375,1.868351936340332
8192,0,2,37,32.28759765625,1.8696683645248413
8192,0,2,38,32.177734375,1.8633544445037842
8192,0,2,39,32.2998046875,1.8628733158111572
8192,0,2,40,32.6171875,1.8606226444244385
8192,0,2,41,32.16552734375,1.8610901832580566
8192,0,2,42,32.177734375,1.8614096641540527
8192,0,2,43,32.58056640625,1.8572478294372559
8192,0,2,44,32.84912109375,1.8549457788467407
8192,0,2,45,32.75146484375,1.853197455406189
8192,0,2,46,32.28759765625,1.853339433670044
8192,0,2,47,32.48291015625,1.850459098815918
8192,0,2,48,32.2265625,1.8537954092025757
8192,0,2,49,32.666015625,1.84819757938385
8192,0,2,50,33.02001953125,1.8471266031265259
8192,0,2,51,32.470703125,1.8462271690368652
8192,0,2,52,32.4462890625,1.8457796573638916
8192,0,2,53,32.6416015625,1.8445510864257812
8192,0,2,54,32.31201171875,1.8436418771743774
8192,0,2,55,32.50732421875,1.8442515134811401
8192,0,2,56,33.349609375,1.8423421382904053
8192,0,2,57,32.3486328125,1.8377554416656494
8192,0,2,58,32.84912109375,1.8385891914367676
8192,0,2,59,32.9345703125,1.8351225852966309
8192,0,2,60,33.30078125,1.8356910943984985
8192,0,2,61,32.71484375,1.8385379314422607
8192,0,2,62,32.92236328125,1.8347786664962769
8192,0,2,63,32.94677734375,1.834402084350586
8192,0,2,64,32.70263671875,1.8366280794143677
8192,0,2,65,33.16650390625,1.8317116498947144
8192,0,2,66,33.09326171875,1.825315237045288
8192,0,2,67,32.75146484375,1.8332520723342896
8192,0,2,68,32.80029296875,1.8307924270629883
8192,0,2,69,32.70263671875,1.8297585248947144
8192,0,2,70,33.02001953125,1.8256595134735107
8192,0,2,71,33.04443359375,1.8269895315170288
8192,0,2,72,32.8857421875,1.8313837051391602
8192,0,2,73,33.33740234375,1.826002597808838
8192,0,2,74,32.99560546875,1.8270219564437866
8192,0,2,75,32.99560546875,1.825188159942627
8192,0,2,76,32.58056640625,1.8274224996566772
8192,0,2,77,32.8125,1.8264693021774292
8192,0,2,78,32.4462890625,1.8282341957092285
8192,0,2,79,33.02001953125,1.8217757940292358
8192,0,2,80,33.0322265625,1.819340705871582
8192,0,2,81,32.861328125,1.8192732334136963
8192,0,2,82,32.8369140625,1.816697120666504
8192,0,2,83,32.6416015625,1.8220237493515015
8192,0,2,84,32.763671875,1.8202877044677734
8192,0,2,85,33.02001953125,1.823856234550476
8192,0,2,86,33.3984375,1.816603660583496
8192,0,2,87,33.80126953125,1.8205899000167847
8192,0,2,88,33.4716796875,1.819810152053833
8192,0,2,89,32.80029296875,1.8209084272384644
8192,0,2,90,32.861328125,1.8222663402557373
8192,0,2,91,32.89794921875,1.817655086517334
8192,0,2,92,33.02001953125,1.817934274673462
8192,0,2,93,33.1298828125,1.8121449947357178
8192,0,2,94,33.544921875,1.8116257190704346
8192,0,2,95,33.6669921875,1.8142845630645752
8192,0,2,96,33.21533203125,1.8156025409698486
8192,0,2,97,33.04443359375,1.8173189163208008
8192,0,2,98,32.82470703125,1.8178504705429077
8192,0,2,99,33.02001953125,1.8089488744735718
8192,0,2,100,33.09326171875,1.813500165939331
8192,0,3,1,33.7158203125,1.8046869039535522
8192,0,3,2,34.68017578125,1.793094277381897
8192,0,3,3,34.60693359375,1.7892760038375854
8192,0,3,4,35.60791015625,1.7766237258911133
8192,0,3,5,35.8642578125,1.7675063610076904
8192,0,3,6,36.5234375,1.7577588558197021
8192,0,3,7,36.75537109375,1.7453179359436035
8192,0,3,8,36.70654296875,1.738461971282959
8192,0,3,9,36.3525390625,1.737866997718811
8192,0,3,10,37.2802734375,1.7258856296539307
8192,0,3,11,37.158203125,1.7187814712524414
8192,0,3,12,37.92724609375,1.7118968963623047
8192,0,3,13,37.75634765625,1.706313133239746
8192,0,3,14,38.5009765625,1.6990573406219482
8192,0,3,15,38.5009765625,1.6899387836456299
8192,0,3,16,38.68408203125,1.6947886943817139
8192,0,3,17,38.73291015625,1.6896708011627197
8192,0,3,18,39.17236328125,1.68243408203125
8192,0,3,19,39.2333984375,1.6751549243927002
8192,0,3,20,39.2333984375,1.6759337186813354
8192,0,3,21,39.51416015625,1.6712828874588013
8192,0,3,22,39.31884765625,1.6684130430221558
8192,0,3,23,40.3564453125,1.6606329679489136
8192,0,3,24,39.8681640625,1.662437081336975
8192,0,3,25,40.234375,1.6564264297485352
8192,0,3,26,40.1123046875,1.6604650020599365
8192,0,3,27,40.46630859375,1.6503376960754395
8192,0,3,28,40.53955078125,1.648488998413086
8192,0,3,29,40.625,1.646754503250122
8192,0,3,30,41.162109375,1.642738938331604
8192,0,3,31,40.73486328125,1.6433613300323486
8192,0,3,32,41.22314453125,1.6426891088485718
8192,0,3,33,40.51513671875,1.6455647945404053
8192,0,3,34,41.015625,1.6377034187316895
8192,0,3,35,40.33203125,1.6387898921966553
8192,0,3,36,40.71044921875,1.6313782930374146
8192,0,3,37,41.14990234375,1.6306767463684082
8192,0,3,38,40.75927734375,1.6300270557403564
8192,0,3,39,41.845703125,1.625389575958252
8192,0,3,40,40.83251953125,1.631569743156433
8192,0,3,41,41.015625,1.6255375146865845
8192,0,3,42,40.95458984375,1.625673532485962
8192,0,3,43,42.05322265625,1.6215012073516846
8192,0,3,44,41.1865234375,1.627638578414917
8192,0,3,45,41.63818359375,1.6246665716171265
8192,0,3,46,41.95556640625,1.6176584959030151
8192,0,3,47,41.845703125,1.6191911697387695
8192,0,3,48,41.4306640625,1.6192889213562012
8192,0,3,49,41.14990234375,1.6221153736114502
8192,0,3,50,41.6015625,1.6152703762054443
8192,0,3,51,41.2353515625,1.617374062538147
8192,0,3,52,41.6259765625,1.6151185035705566
8192,0,3,53,41.63818359375,1.6146146059036255
8192,0,3,54,42.1630859375,1.610745906829834
8192,0,3,55,41.69921875,1.609518051147461
8192,0,3,56,41.66259765625,1.6128029823303223
8192,0,3,57,41.83349609375,1.613969326019287
8192,0,3,58,41.845703125,1.6116259098052979
8192,0,3,59,41.8701171875,1.6062425374984741
8192,0,3,60,41.7724609375,1.6065492630004883
8192,0,3,61,41.80908203125,1.6063365936279297
8192,0,3,62,42.32177734375,1.6054439544677734
8192,0,3,63,42.32177734375,1.605435848236084
8192,0,3,64,41.796875,1.606231689453125
8192,0,3,65,42.00439453125,1.6042506694793701
8192,0,3,66,42.17529296875,1.5974419116973877
8192,0,3,67,41.89453125,1.5975334644317627
8192,0,3,68,41.748046875,1.604901671409607
8192,0,3,69,41.71142578125,1.6006929874420166
8192,0,3,70,42.08984375,1.599370002746582
8192,0,3,71,41.8212890625,1.598219394683838
8192,0,3,72,41.88232421875,1.6020081043243408
8192,0,3,73,41.845703125,1.5962891578674316
8192,0,3,74,41.49169921875,1.5974960327148438
8192,0,3,75,42.041015625,1.5959110260009766
8192,0,3,76,42.0166015625,1.5960607528686523
8192,0,3,77,42.39501953125,1.594287633895874
8192,0,3,78,42.5537109375,1.5942726135253906
8192,0,3,79,42.6513671875,1.5948479175567627
8192,0,3,80,41.93115234375,1.5966708660125732
8192,0,3,81,42.2119140625,1.5930895805358887
8192,0,3,82,42.63916015625,1.5889134407043457
8192,0,3,83,42.5048828125,1.5906325578689575
8192,0,3,84,42.27294921875,1.592548131942749
8192,0,3,85,42.51708984375,1.5861892700195312
8192,0,3,86,42.28515625,1.5876307487487793
8192,0,3,87,42.44384765625,1.5895979404449463
8192,0,3,88,42.10205078125,1.5931262969970703
8192,0,3,89,42.48046875,1.5877748727798462
8192,0,3,90,42.5537109375,1.5874154567718506
8192,0,3,91,42.2119140625,1.589501976966858
8192,0,3,92,42.138671875,1.5917537212371826
8192,0,3,93,42.431640625,1.5889952182769775
8192,0,3,94,42.83447265625,1.5865705013275146
8192,0,3,95,43.24951171875,1.5829789638519287
8192,0,3,96,42.56591796875,1.5873706340789795
8192,0,3,97,42.54150390625,1.5828226804733276
8192,0,3,98,42.724609375,1.5863436460494995
8192,0,3,99,42.56591796875,1.5924246311187744
8192,0,3,100,42.32177734375,1.5869038105010986
8192,0,4,1,42.95654296875,1.5798499584197998
8192,0,4,2,43.212890625,1.567995309829712
8192,0,4,3,44.07958984375,1.557909369468689
8192,0,4,4,43.701171875,1.5471882820129395
8192,0,4,5,44.82421875,1.5382933616638184
8192,0,4,6,45.03173828125,1.5313866138458252
8192,0,4,7,45.4833984375,1.5221515893936157
8192,0,4,8,46.10595703125,1.5115364789962769
8192,0,4,9,46.7529296875,1.508209228515625
8192,0,4,10,46.76513671875,1.499701976776123
8192,0,4,11,46.66748046875,1.4979138374328613
8192,0,4,12,46.77734375,1.4898712635040283
8192,0,4,13,47.7294921875,1.4834197759628296
8192,0,4,14,47.49755859375,1.4784244298934937
8192,0,4,15,47.65625,1.4770489931106567
8192,0,4,16,47.61962890625,1.4693725109100342
8192,0,4,17,47.5341796875,1.4709806442260742
8192,0,4,18,48.046875,1.4603855609893799
8192,0,4,19,48.32763671875,1.4558054208755493
8192,0,4,20,48.79150390625,1.4516432285308838
8192,0,4,21,48.08349609375,1.4517693519592285
8192,0,4,22,48.76708984375,1.445934534072876
8192,0,4,23,48.5595703125,1.444071888923645
8192,0,4,24,48.5595703125,1.4399592876434326
8192,0,4,25,49.03564453125,1.4401044845581055
8192,0,4,26,49.1455078125,1.4324826002120972
8192,0,4,27,49.2431640625,1.433524489402771
8192,0,4,28,48.76708984375,1.4341046810150146
8192,0,4,29,48.93798828125,1.4349305629730225
8192,0,4,30,49.609375,1.4240138530731201
8192,0,4,31,49.6337890625,1.424875259399414
8192,0,4,32,49.4384765625,1.426570177078247
8192,0,4,33,49.23095703125,1.4252510070800781
8192,0,4,34,49.20654296875,1.4215774536132812
8192,0,4,35,49.6826171875,1.4154748916625977
8192,0,4,36,49.5361328125,1.4207210540771484
8192,0,4,37,49.93896484375,1.4136874675750732
8192,0,4,38,49.79248046875,1.416520118713379
8192,0,4,39,50.13427734375,1.4062833786010742
8192,0,4,40,50.13427734375,1.4057427644729614
8192,0,4,41,50.47607421875,1.401860237121582
8192,0,4,42,49.57275390625,1.4061545133590698
8192,0,4,43,50.439453125,1.4004032611846924
8192,0,4,44,50.42724609375,1.4028234481811523
8192,0,4,45,50.4150390625,1.3996129035949707
8192,0,4,46,50.25634765625,1.3980152606964111
8192,0,4,47,50.52490234375,1.3972041606903076
8192,0,4,48,50.439453125,1.3937830924987793
8192,0,4,49,50.32958984375,1.3950011730194092
8192,0,4,50,50.79345703125,1.3934895992279053
8192,0,4,51,50.732421875,1.3908123970031738
8192,0,4,52,50.64697265625,1.3890998363494873
8192,0,4,53,50.1953125,1.3939764499664307
8192,0,4,54,50.47607421875,1.3943638801574707
8192,0,4,55,51.03759765625,1.3882465362548828
8192,0,4,56,50.78125,1.3888458013534546
8192,0,4,57,50.732421875,1.3888108730316162
8192,0,4,58,51.416015625,1.3833016157150269
8192,0,4,59,50.68359375,1.3846616744995117
8192,0,4,60,50.93994140625,1.3850162029266357
8192,0,4,61,50.91552734375,1.385707139968872
8192,0,4,62,51.45263671875,1.3797023296356201
8192,0,4,63,51.23291015625,1.381286382675171
8192,0,4,64,51.42822265625,1.3764437437057495
8192,0,4,65,51.08642578125,1.3791556358337402
8192,0,4,66,51.42822265625,1.3771886825561523
8192,0,4,67,51.13525390625,1.3781768083572388
8192,0,4,68,51.45263671875,1.3789085149765015
8192,0,4,69,51.1962890625,1.3746225833892822
8192,0,4,70,51.171875,1.374866247177124
8192,0,4,71,51.30615234375,1.3721790313720703
8192,0,4,72,51.45263671875,1.3666492700576782
8192,0,4,73,51.0498046875,1.3726075887680054
8192,0,4,74,51.4404296875,1.370570421218872
8192,0,4,75,51.35498046875,1.3701368570327759
8192,0,4,76,51.64794921875,1.369752287864685
8192,0,4,77,51.77001953125,1.3725368976593018
8192,0,4,78,51.4404296875,1.3719114065170288
8192,0,4,79,51.47705078125,1.3727692365646362
8192,0,4,80,51.1474609375,1.3689347505569458
8192,0,4,81,51.47705078125,1.368355393409729
8192,0,4,82,51.3671875,1.3702268600463867
8192,0,4,83,51.2939453125,1.3690240383148193
8192,0,4,84,51.171875,1.3673193454742432
8192,0,4,85,51.0009765625,1.3644129037857056
8192,0,4,86,51.23291015625,1.366146206855774
8192,0,4,87,51.806640625,1.3626751899719238
8192,0,4,88,51.18408203125,1.368415355682373
8192,0,4,89,51.1474609375,1.3673943281173706
8192,0,4,90,51.55029296875,1.3657727241516113
8192,0,4,91,51.18408203125,1.3643221855163574
8192,0,4,92,51.26953125,1.3626899719238281
8192,0,4,93,51.7333984375,1.3614623546600342
8192,0,4,94,51.08642578125,1.3615328073501587
8192,0,4,95,51.46484375,1.3595819473266602
8192,0,4,96,51.8310546875,1.3574743270874023
8192,0,4,97,51.5380859375,1.3592965602874756
8192,0,4,98,51.904296875,1.3562815189361572
8192,0,4,99,51.5380859375,1.3568718433380127
8192,0,4,100,51.1962890625,1.3629891872406006
8192,0,5,1,51.89208984375,1.3548527956008911
8192,0,5,2,52.30712890625,1.344357967376709
8192,0,5,3,52.8564453125,1.3337738513946533
8192,0,5,4,53.40576171875,1.3251961469650269
8192,0,5,5,53.47900390625,1.317122220993042
8192,0,5,6,54.23583984375,1.3082447052001953
8192,0,5,7,54.82177734375,1.298864722251892
8192,0,5,8,55.21240234375,1.289662480354309
8192,0,5,9,55.029296875,1.282371163368225
8192,0,5,10,55.3466796875,1.2806639671325684
8192,0,5,11,55.810546875,1.2741248607635498
8192,0,5,12,55.82275390625,1.2691830396652222
8192,0,5,13,56.45751953125,1.2631504535675049
8192,0,5,14,56.18896484375,1.2570258378982544
8192,0,5,15,56.01806640625,1.256331205368042
8192,0,5,16,56.4697265625,1.2505428791046143
8192,0,5,17,57.1533203125,1.2455729246139526
8192,0,5,18,56.48193359375,1.2496910095214844
8192,0,5,19,57.33642578125,1.2402479648590088
8192,0,5,20,57.31201171875,1.2376816272735596
8192,0,5,21,57.28759765625,1.2383522987365723
8192,0,5,22,57.36083984375,1.2311701774597168
8192,0,5,23,57.4462890625,1.2285213470458984
8192,0,5,24,57.80029296875,1.225703239440918
8192,0,5,25,57.0068359375,1.22714102268219
8192,0,5,26,57.48291015625,1.2270113229751587
8192,0,5,27,57.28759765625,1.2215259075164795
8192,0,5,28,57.65380859375,1.2209393978118896
8192,0,5,29,57.3974609375,1.2186987400054932
8192,0,5,30,57.40966796875,1.2136530876159668
8192,0,5,31,57.94677734375,1.21341872215271
8192,0,5,32,57.6904296875,1.2132699489593506
8192,0,5,33,57.70263671875,1.2135066986083984
8192,0,5,34,57.80029296875,1.2070484161376953
8192,0,5,35,57.861328125,1.2065544128417969
8192,0,5,36,57.53173828125,1.2052475214004517
8192,0,5,37,57.53173828125,1.2070419788360596
8192,0,5,38,57.7392578125,1.2021348476409912
8192,0,5,39,57.99560546875,1.2024027109146118
8192,0,5,40,58.26416015625,1.2022335529327393
8192,0,5,41,57.8857421875,1.2006020545959473
8192,0,5,42,57.31201171875,1.1991667747497559
8192,0,5,43,58.0078125,1.1969120502471924
8192,0,5,44,58.251953125,1.1920411586761475
8192,0,5,45,58.36181640625,1.1890143156051636
8192,0,5,46,58.21533203125,1.191690444946289
8192,0,5,47,58.60595703125,1.1901830434799194
8192,0,5,48,58.5205078125,1.1886520385742188
8192,0,5,49,58.33740234375,1.1862587928771973
8192,0,5,50,58.09326171875,1.1914485692977905
8192,0,5,51,58.447265625,1.183523416519165
8192,0,5,52,58.55712890625,1.1848607063293457
8192,0,5,53,58.5205078125,1.1885240077972412
8192,0,5,54,58.740234375,1.1791777610778809
8192,0,5,55,58.349609375,1.1829044818878174
8192,0,5,56,58.89892578125,1.1848931312561035
8192,0,5,57,58.6181640625,1.1808983087539673
8192,0,5,58,58.837890625,1.1797934770584106
8192,0,5,59,58.85009765625,1.1769994497299194
8192,0,5,60,58.642578125,1.1780484914779663
8192,0,5,61,58.97216796875,1.1767584085464478
8192,0,5,62,59.19189453125,1.1771085262298584
8192,0,5,63,58.99658203125,1.1761900186538696
8192,0,5,64,59.19189453125,1.1755235195159912
8192,0,5,65,59.36279296875,1.173384189605713
8192,0,5,66,58.8623046875,1.1730223894119263
8192,0,5,67,59.26513671875,1.1741350889205933
8192,0,5,68,59.1796875,1.1758109331130981
8192,0,5,69,59.375,1.1708017587661743
8192,0,5,70,58.92333984375,1.1732176542282104
8192,0,5,71,59.033203125,1.1722620725631714
8192,0,5,72,59.70458984375,1.1690433025360107
8192,0,5,73,58.984375,1.1718828678131104
8192,0,5,74,59.43603515625,1.1702191829681396
8192,0,5,75,59.4970703125,1.1664400100708008
8192,0,5,76,59.48486328125,1.1683685779571533
8192,0,5,77,59.716796875,1.1659822463989258
8192,0,5,78,59.7900390625,1.1656951904296875
8192,0,5,79,59.5703125,1.166184902191162
8192,0,5,80,59.5947265625,1.1677711009979248
8192,0,5,81,59.77783203125,1.165738582611084
8192,0,5,82,58.9111328125,1.1713690757751465
8192,0,5,83,59.86328125,1.1672992706298828
8192,0,5,84,59.53369140625,1.165705919265747
8192,0,5,85,59.75341796875,1.1636812686920166
8192,0,5,86,59.47265625,1.1624383926391602
8192,0,5,87,59.65576171875,1.1646897792816162
8192,0,5,88,59.7900390625,1.163008213043213
8192,0,5,89,59.94873046875,1.1593868732452393
8192,0,5,90,59.4482421875,1.1632285118103027
8192,0,5,91,59.72900390625,1.1617799997329712
8192,0,5,92,59.033203125,1.1612492799758911
8192,0,5,93,59.87548828125,1.1644457578659058
8192,0,5,94,59.48486328125,1.1631383895874023
8192,0,5,95,59.6923828125,1.159862756729126
8192,0,5,96,59.75341796875,1.1564785242080688
8192,0,5,97,59.7412109375,1.1603527069091797
8192,0,5,98,59.85107421875,1.15692138671875
8192,0,5,99,59.80224609375,1.1562564373016357
8192,0,5,100,60.009765625,1.1545302867889404
8192,0,6,1,60.36376953125,1.1467114686965942
8192,0,6,2,60.48583984375,1.1378014087677002
8192,0,6,3,61.24267578125,1.1264214515686035
8192,0,6,4,61.70654296875,1.1194860935211182
8192,0,6,5,61.8896484375,1.1135785579681396
8192,0,6,6,62.3779296875,1.1031138896942139
8192,0,6,7,62.87841796875,1.098727822303772
8192,0,6,8,62.82958984375,1.0887503623962402
8192,0,6,9,63.19580078125,1.0823763608932495
8192,0,6,10,63.41552734375,1.0816586017608643
8192,0,6,11,63.85498046875,1.0725972652435303
8192,0,6,12,64.63623046875,1.066275715827942
8192,0,6,13,64.31884765625,1.0622024536132812
8192,0,6,14,64.19677734375,1.0613689422607422
8192,0,6,15,64.404296875,1.0553832054138184
8192,0,6,16,64.55078125,1.051662802696228
8192,0,6,17,64.94140625,1.048823595046997
8192,0,6,18,65.380859375,1.0442559719085693
8192,0,6,19,64.78271484375,1.0395668745040894
8192,0,6,20,64.58740234375,1.041394829750061
8192,0,6,21,64.78271484375,1.0361934900283813
8192,0,6,22,64.80712890625,1.0359705686569214
8192,0,6,23,65.2099609375,1.0287871360778809
8192,0,6,24,65.12451171875,1.0272395610809326
8192,0,6,25,64.58740234375,1.0263724327087402
8192,0,6,26,65.22216796875,1.0254260301589966
8192,0,6,27,65.41748046875,1.0213394165039062
8192,0,6,28,65.71044921875,1.0201635360717773
8192,0,6,29,65.966796875,1.0155444145202637
8192,0,6,30,65.24658203125,1.0166504383087158
8192,0,6,31,65.71044921875,1.0142697095870972
8192,0,6,32,65.6494140625,1.0139797925949097
8192,0,6,33,65.80810546875,1.0129547119140625
8192,0,6,34,66.19873046875,1.010176658630371
8192,0,6,35,65.75927734375,1.0122957229614258
8192,0,6,36,65.56396484375,1.0093662738800049
8192,0,6,37,66.2841796875,1.0036648511886597
8192,0,6,38,66.36962890625,1.0049731731414795
8192,0,6,39,66.19873046875,1.001035213470459
8192,0,6,40,66.1865234375,1.0013270378112793
8192,0,6,41,66.68701171875,1.0020052194595337
8192,0,6,42,66.22314453125,1.0000241994857788
8192,0,6,43,66.8701171875,1.0005722045898438
8192,0,6,44,66.49169921875,0.9963600635528564
8192,0,6,45,66.40625,0.9997466802597046
8192,0,6,46,66.73583984375,0.9950839877128601
8192,0,6,47,66.69921875,0.9959801435470581
8192,0,6,48,67.041015625,0.9935959577560425
8192,0,6,49,66.748046875,0.9912554621696472
8192,0,6,50,67.1630859375,0.9894475936889648
8192,0,6,51,66.61376953125,0.9906952381134033
8192,0,6,52,66.9677734375,0.9896913170814514
8192,0,6,53,66.5283203125,0.9911357760429382
8192,0,6,54,66.90673828125,0.9902651906013489
8192,0,6,55,66.943359375,0.9838725328445435
8192,0,6,56,67.041015625,0.9832313060760498
8192,0,6,57,67.431640625,0.9793791174888611
8192,0,6,58,67.4072265625,0.9818993806838989
8192,0,6,59,66.89453125,0.9842931032180786
8192,0,6,60,66.7236328125,0.9884023666381836
8192,0,6,61,67.34619140625,0.9828779697418213
8192,0,6,62,67.4072265625,0.9777169227600098
8192,0,6,63,67.48046875,0.9769299030303955
8192,0,6,64,67.32177734375,0.9772003889083862
8192,0,6,65,66.9921875,0.9770886898040771
8192,0,6,66,67.46826171875,0.9747918844223022
8192,0,6,67,67.3095703125,0.9761879444122314
8192,0,6,68,67.5537109375,0.9784126877784729
8192,0,6,69,67.08984375,0.9769196510314941
8192,0,6,70,67.28515625,0.975389301776886
8192,0,6,71,67.39501953125,0.9729048013687134
8192,0,6,72,67.6025390625,0.9729619026184082
8192,0,6,73,67.49267578125,0.9712316989898682
8192,0,6,74,67.3828125,0.9761502146720886
8192,0,6,75,67.6025390625,0.973518967628479
8192,0,6,76,67.19970703125,0.9730017185211182
8192,0,6,77,67.37060546875,0.9691104888916016
8192,0,6,78,67.37060546875,0.9693188667297363
8192,0,6,79,67.4560546875,0.9700158834457397
8192,0,6,80,67.61474609375,0.9662375450134277
8192,0,6,81,67.49267578125,0.969397783279419
8192,0,6,82,67.66357421875,0.9682962894439697
8192,0,6,83,67.51708984375,0.9703611135482788
8192,0,6,84,67.431640625,0.9696018695831299
8192,0,6,85,67.4072265625,0.9674618244171143
8192,0,6,86,67.626953125,0.9666932821273804
8192,0,6,87,68.05419921875,0.966111421585083
8192,0,6,88,67.56591796875,0.96751868724823
8192,0,6,89,67.51708984375,0.9648284912109375
8192,0,6,90,67.66357421875,0.9628701210021973
8192,0,6,91,67.67578125,0.9631712436676025
8192,0,6,92,67.51708984375,0.9648799896240234
8192,0,6,93,67.85888671875,0.9641324877738953
8192,0,6,94,67.7490234375,0.9630018472671509
8192,0,6,95,67.7490234375,0.9618360996246338
8192,0,6,96,67.8466796875,0.9627671241760254
8192,0,6,97,68.29833984375,0.9580297470092773
8192,0,6,98,67.59033203125,0.9603322148323059
8192,0,6,99,67.93212890625,0.958755612373352
8192,0,6,100,67.71240234375,0.958534300327301
8192,0,7,1,67.919921875,0.9506130814552307
8192,0,7,2,68.359375,0.9458534717559814
8192,0,7,3,69.03076171875,0.9356011152267456
8192,0,7,4,69.59228515625,0.925862193107605
8192,0,7,5,69.580078125,0.9199526309967041
8192,0,7,6,69.5556640625,0.9140619039535522
8192,0,7,7,69.81201171875,0.9062439203262329
8192,0,7,8,71.00830078125,0.8985613584518433
8192,0,7,9,70.703125,0.893967866897583
8192,0,7,10,70.6298828125,0.8898422718048096
8192,0,7,11,70.8251953125,0.884402871131897
8192,0,7,12,71.08154296875,0.8785619735717773
8192,0,7,13,71.728515625,0.8719145059585571
8192,0,7,14,71.5576171875,0.8709757328033447
8192,0,7,15,71.59423828125,0.8673880696296692
8192,0,7,16,71.69189453125,0.8616504073143005
8192,0,7,17,72.0458984375,0.8570624589920044
8192,0,7,18,72.0703125,0.8534663915634155
8192,0,7,19,72.37548828125,0.8567200899124146
8192,0,7,20,71.97265625,0.8534949421882629
8192,0,7,21,72.54638671875,0.8517745137214661
8192,0,7,22,72.314453125,0.8471636176109314
8192,0,7,23,72.3388671875,0.8461478352546692
8192,0,7,24,72.79052734375,0.842811107635498
8192,0,7,25,72.54638671875,0.8380078673362732
8192,0,7,26,72.6806640625,0.8386391401290894
8192,0,7,27,72.75390625,0.8393347859382629
8192,0,7,28,73.08349609375,0.8353285789489746
8192,0,7,29,72.8271484375,0.8320402503013611
8192,0,7,30,73.2177734375,0.8286699652671814
8192,0,7,31,73.2177734375,0.8290286064147949
8192,0,7,32,73.35205078125,0.8276745080947876
8192,0,7,33,73.20556640625,0.8268226385116577
8192,0,7,34,73.193359375,0.8242526054382324
8192,0,7,35,73.1201171875,0.8230177164077759
8192,0,7,36,73.681640625,0.8199564814567566
8192,0,7,37,73.5595703125,0.8203270435333252
8192,0,7,38,73.44970703125,0.8177567720413208
8192,0,7,39,73.49853515625,0.8163832426071167
8192,0,7,40,73.4619140625,0.81640625
8192,0,7,41,73.98681640625,0.8156733512878418
8192,0,7,42,73.76708984375,0.8123421669006348
8192,0,7,43,74.06005859375,0.8108291625976562
8192,0,7,44,73.64501953125,0.8152527213096619
8192,0,7,45,73.5107421875,0.8123016953468323
8192,0,7,46,73.9501953125,0.8132455348968506
8192,0,7,47,74.42626953125,0.8084300756454468
8192,0,7,48,73.96240234375,0.8117038011550903
8192,0,7,49,74.27978515625,0.8098154067993164
8192,0,7,50,74.13330078125,0.805814266204834
8192,0,7,51,74.3408203125,0.8041430115699768
8192,0,7,52,74.23095703125,0.8077231645584106
8192,0,7,53,74.59716796875,0.8040456175804138
8192,0,7,54,74.5849609375,0.8012347221374512
8192,0,7,55,74.3408203125,0.8029974699020386
8192,0,7,56,74.62158203125,0.7990075349807739
8192,0,7,57,74.15771484375,0.8026579022407532
8192,0,7,58,74.267578125,0.803007960319519
8192,0,7,59,74.23095703125,0.8028534054756165
8192,0,7,60,74.45068359375,0.8003376126289368
8192,0,7,61,74.4873046875,0.8013873100280762
8192,0,7,62,74.30419921875,0.7984084486961365
8192,0,7,63,74.52392578125,0.796172022819519
8192,0,7,64,74.5361328125,0.8005441427230835
8192,0,7,65,74.86572265625,0.7992100715637207
8192,0,7,66,74.62158203125,0.7968413829803467
8192,0,7,67,75.0,0.7937512397766113
8192,0,7,68,74.7314453125,0.7982614040374756
8192,0,7,69,74.67041015625,0.798962414264679
8192,0,7,70,74.79248046875,0.7941364645957947
8192,0,7,71,74.70703125,0.7938213348388672
8192,0,7,72,74.6337890625,0.795741081237793
8192,0,7,73,74.755859375,0.7891490459442139
8192,0,7,74,74.365234375,0.7956814765930176
8192,0,7,75,74.52392578125,0.7932880520820618
8192,0,7,76,74.47509765625,0.7936128377914429
8192,0,7,77,74.90234375,0.7894657254219055
8192,0,7,78,75.0732421875,0.7909125089645386
8192,0,7,79,74.462890625,0.7937265634536743
8192,0,7,80,74.658203125,0.7916958332061768
8192,0,7,81,74.71923828125,0.7887893319129944
8192,0,7,82,75.47607421875,0.7852342128753662
8192,0,7,83,75.1953125,0.7874246835708618
8192,0,7,84,74.90234375,0.7870897054672241
8192,0,7,85,75.09765625,0.7839987874031067
8192,0,7,86,74.7314453125,0.7856773138046265
8192,0,7,87,74.67041015625,0.7852875590324402
8192,0,7,88,75.1953125,0.7872999310493469
8192,0,7,89,74.98779296875,0.7863060235977173
8192,0,7,90,74.79248046875,0.7864339351654053
8192,0,7,91,75.01220703125,0.7861390113830566
8192,0,7,92,75.4638671875,0.7824748158454895
8192,0,7,93,75.390625,0.7821646928787231
8192,0,7,94,75.54931640625,0.7802191376686096
8192,0,7,95,75.25634765625,0.7825037837028503
8192,0,7,96,75.146484375,0.7804967164993286
8192,0,7,97,75.0732421875,0.7817039489746094
8192,0,7,98,75.01220703125,0.7822359204292297
8192,0,7,99,75.0244140625,0.7818845510482788
8192,0,7,100,74.79248046875,0.7840026021003723
8192,0,8,1,75.03662109375,0.7777596712112427
8192,0,8,2,75.6591796875,0.770107626914978
8192,0,8,3,75.9033203125,0.7621281147003174
8192,0,8,4,76.37939453125,0.7552951574325562
8192,0,8,5,76.5625,0.7480179071426392
8192,0,8,6,76.98974609375,0.7421728372573853
8192,0,8,7,77.77099609375,0.7350752353668213
8192,0,8,8,78.0029296875,0.7277321219444275
8192,0,8,9,78.01513671875,0.7234081625938416
8192,0,8,10,78.41796875,0.7160196304321289
8192,0,8,11,78.759765625,0.7110838890075684
8192,0,8,12,78.13720703125,0.7118449807167053
8192,0,8,13,78.67431640625,0.7075796127319336
8192,0,8,14,79.150390625,0.7016540169715881
8192,0,8,15,78.91845703125,0.6990837454795837
8192,0,8,16,78.90625,0.697553277015686
8192,0,8,17,78.7353515625,0.6940264701843262
8192,0,8,18,79.08935546875,0.6931139230728149
8192,0,8,19,78.96728515625,0.6898243427276611
8192,0,8,20,79.82177734375,0.6846973896026611
8192,0,8,21,78.99169921875,0.6873449087142944
8192,0,8,22,79.2724609375,0.6836142539978027
8192,0,8,23,79.62646484375,0.6817472577095032
8192,0,8,24,79.55322265625,0.6795843839645386
8192,0,8,25,79.58984375,0.676587700843811
8192,0,8,26,79.833984375,0.6745164394378662
8192,0,8,27,80.04150390625,0.6737000346183777
8192,0,8,28,79.84619140625,0.6722294092178345
8192,0,8,29,80.09033203125,0.6697299480438232
8192,0,8,30,80.16357421875,0.6670587062835693
8192,0,8,31,79.8095703125,0.6676139235496521
8192,0,8,32,80.04150390625,0.6692888736724854
8192,0,8,33,80.2490234375,0.6660604476928711
8192,0,8,34,79.98046875,0.6649233102798462
8192,0,8,35,80.2734375,0.663080632686615
8192,0,8,36,80.2490234375,0.6644944548606873
8192,0,8,37,80.40771484375,0.6605815887451172
8192,0,8,38,80.11474609375,0.6605895757675171
8192,0,8,39,80.31005859375,0.6599291563034058
8192,0,8,40,80.45654296875,0.6581388115882874
8192,0,8,41,79.98046875,0.6592110991477966
8192,0,8,42,80.4931640625,0.6571977138519287
8192,0,8,43,80.7861328125,0.6559340953826904
8192,0,8,44,80.52978515625,0.6572190523147583
8192,0,8,45,80.45654296875,0.6539127826690674
8192,0,8,46,80.2978515625,0.6563737392425537
8192,0,8,47,80.2490234375,0.6545306444168091
8192,0,8,48,80.28564453125,0.6559573411941528
8192,0,8,49,80.322265625,0.6517658829689026
8192,0,8,50,80.43212890625,0.6501494646072388
8192,0,8,51,80.6640625,0.6484691500663757
8192,0,8,52,80.46875,0.649842381477356
8192,0,8,53,80.72509765625,0.6496801376342773
8192,0,8,54,80.95703125,0.6481151580810547
8192,0,8,55,80.87158203125,0.6475950479507446
8192,0,8,56,80.8837890625,0.645311713218689
8192,0,8,57,80.77392578125,0.6452180743217468
8192,0,8,58,80.96923828125,0.6472682952880859
8192,0,8,59,80.94482421875,0.6459591388702393
8192,0,8,60,81.26220703125,0.6444952487945557
8192,0,8,61,80.89599609375,0.6425597667694092
8192,0,8,62,80.8349609375,0.6448945999145508
8192,0,8,63,80.9814453125,0.6437259912490845
8192,0,8,64,81.396484375,0.6400906443595886
8192,0,8,65,81.6650390625,0.6391525864601135
8192,0,8,66,81.48193359375,0.6386134624481201
8192,0,8,67,81.2744140625,0.6397852897644043
8192,0,8,68,80.96923828125,0.6387778520584106
8192,0,8,69,81.04248046875,0.6437506675720215
8192,0,8,70,80.82275390625,0.641035795211792
8192,0,8,71,81.34765625,0.636001706123352
8192,0,8,72,81.14013671875,0.6380008459091187
8192,0,8,73,81.18896484375,0.6364991068840027
8192,0,8,74,81.4208984375,0.6380003690719604
8192,0,8,75,81.01806640625,0.6376876831054688
8192,0,8,76,81.50634765625,0.636014461517334
8192,0,8,77,81.40869140625,0.6361916065216064
8192,0,8,78,81.84814453125,0.6342911720275879
8192,0,8,79,81.18896484375,0.6366232633590698
8192,0,8,80,81.4208984375,0.634813666343689
8192,0,8,81,81.18896484375,0.6342195272445679
8192,0,8,82,81.5185546875,0.6313419342041016
8192,0,8,83,81.18896484375,0.6347410082817078
8192,0,8,84,81.640625,0.6317865252494812
8192,0,8,85,81.21337890625,0.6342350244522095
8192,0,8,86,81.34765625,0.6359490156173706
8192,0,8,87,81.50634765625,0.6342963576316833
8192,0,8,88,80.8837890625,0.6359111070632935
8192,0,8,89,81.54296875,0.6325101256370544
8192,0,8,90,81.1279296875,0.6324936747550964
8192,0,8,91,81.5185546875,0.6295003294944763
8192,0,8,92,81.18896484375,0.6351235508918762
8192,0,8,93,81.50634765625,0.6296817064285278
8192,0,8,94,81.35986328125,0.6278735399246216
8192,0,8,95,81.40869140625,0.630682110786438
8192,0,8,96,81.4208984375,0.6291248798370361
8192,0,8,97,81.5673828125,0.6299160718917847
8192,0,8,98,81.494140625,0.6291050910949707
8192,0,8,99,81.6162109375,0.6293619871139526
8192,0,8,100,81.40869140625,0.6287203431129456
8192,1,1,1,13.134765625,2.291578531265259
8192,1,1,2,13.818359375,2.278407096862793
8192,1,1,3,15.1611328125,2.2631096839904785
8192,1,1,4,16.6748046875,2.249217987060547
8192,1,1,5,16.5771484375,2.245858669281006
8192,1,1,6,17.00439453125,2.2346816062927246
8192,1,1,7,16.88232421875,2.2249526977539062
8192,1,1,8,18.00537109375,2.2139892578125
8192,1,1,9,17.87109375,2.2109360694885254
8192,1,1,10,18.798828125,2.199634552001953
8192,1,1,11,18.12744140625,2.1987102031707764
8192,1,1,12,19.66552734375,2.189357280731201
8192,1,1,13,19.05517578125,2.1835758686065674
8192,1,1,14,20.05615234375,2.1762661933898926
8192,1,1,15,20.05615234375,2.1794397830963135
8192,1,1,16,20.4345703125,2.1687676906585693
8192,1,1,17,20.5078125,2.163102149963379
8192,1,1,18,20.27587890625,2.161763906478882
8192,1,1,19,20.59326171875,2.160137891769409
8192,1,1,20,20.73974609375,2.1556620597839355
8192,1,1,21,20.81298828125,2.14894962310791
8192,1,1,22,20.86181640625,2.150355339050293
8192,1,1,23,20.47119140625,2.149658679962158
8192,1,1,24,20.9716796875,2.1470370292663574
8192,1,1,25,21.6796875,2.138446092605591
8192,1,1,26,21.05712890625,2.13759708404541
8192,1,1,27,21.435546875,2.1356098651885986
8192,1,1,28,21.64306640625,2.1330442428588867
8192,1,1,29,21.240234375,2.1307530403137207
8192,1,1,30,21.240234375,2.127824306488037
8192,1,1,31,21.8017578125,2.128347396850586
8192,1,1,32,21.66748046875,2.1247076988220215
8192,1,1,33,21.66748046875,2.121685028076172
8192,1,1,34,21.6796875,2.1197004318237305
8192,1,1,35,21.8994140625,2.1185238361358643
8192,1,1,36,21.337890625,2.1275734901428223
8192,1,1,37,21.728515625,2.117690086364746
8192,1,1,38,21.81396484375,2.114872694015503
8192,1,1,39,21.826171875,2.113463878631592
8192,1,1,40,22.57080078125,2.112682819366455
8192,1,1,41,22.30224609375,2.1108360290527344
8192,1,1,42,21.8994140625,2.1098456382751465
8192,1,1,43,22.314453125,2.1074917316436768
8192,1,1,44,21.9970703125,2.1083297729492188
8192,1,1,45,22.30224609375,2.103315591812134
8192,1,1,46,22.2412109375,2.1064634323120117
8192,1,1,47,22.32666015625,2.1009511947631836
8192,1,1,48,21.64306640625,2.105794906616211
8192,1,1,49,22.18017578125,2.0983316898345947
8192,1,1,50,22.03369140625,2.0976433753967285
8192,1,1,51,22.03369140625,2.0960350036621094
8192,1,1,52,22.30224609375,2.096524715423584
8192,1,1,53,21.97265625,2.097688674926758
8192,1,1,54,22.08251953125,2.096719264984131
8192,1,1,55,22.3388671875,2.0892820358276367
8192,1,1,56,22.37548828125,2.09464693069458
8192,1,1,57,22.3388671875,2.089388847351074
8192,1,1,58,22.57080078125,2.0860750675201416
8192,1,1,59,22.49755859375,2.0870165824890137
8192,1,1,60,22.36328125,2.0887932777404785
8192,1,1,61,22.57080078125,2.086560010910034
8192,1,1,62,22.00927734375,2.0897750854492188
8192,1,1,63,21.8505859375,2.092268466949463
8192,1,1,64,21.923828125,2.087491273880005
8192,1,1,65,22.55859375,2.082946538925171
8192,1,1,66,22.6318359375,2.0820751190185547
8192,1,1,67,21.96044921875,2.085059404373169
8192,1,1,68,22.35107421875,2.081387758255005
8192,1,1,69,21.86279296875,2.087789535522461
8192,1,1,70,22.44873046875,2.0850987434387207
8192,1,1,71,22.16796875,2.0810225009918213
8192,1,1,72,22.607421875,2.0840070247650146
8192,1,1,73,22.86376953125,2.0791397094726562
8192,1,1,74,22.119140625,2.0786871910095215
8192,1,1,75,22.15576171875,2.0804991722106934
8192,1,1,76,22.74169921875,2.0769615173339844
8192,1,1,77,22.607421875,2.0769691467285156
8192,1,1,78,22.7783203125,2.077472448348999
8192,1,1,79,22.44873046875,2.072411298751831
8192,1,1,80,22.8515625,2.070016860961914
8192,1,1,81,22.8515625,2.0728559494018555
8192,1,1,82,22.49755859375,2.07814359664917
8192,1,1,83,22.59521484375,2.071410655975342
8192,1,1,84,22.83935546875,2.0696816444396973
8192,1,1,85,22.64404296875,2.0707149505615234
8192,1,1,86,22.74169921875,2.0746889114379883
8192,1,1,87,22.74169921875,2.070629358291626
8192,1,1,88,23.046875,2.0685200691223145
8192,1,1,89,22.49755859375,2.0696237087249756
8192,1,1,90,23.08349609375,2.066791534423828
8192,1,1,91,22.75390625,2.0671591758728027
8192,1,1,92,22.705078125,2.0696682929992676
8192,1,1,93,22.94921875,2.066411018371582
8192,1,1,94,22.81494140625,2.0616939067840576
8192,1,1,95,22.79052734375,2.070068120956421
8192,1,1,96,22.88818359375,2.0670948028564453
8192,1,1,97,23.14453125,2.0681116580963135
8192,1,1,98,22.59521484375,2.0677385330200195
8192,1,1,99,22.509765625,2.0661087036132812
8192,1,1,100,22.76611328125,2.060054302215576
8192,1,2,1,23.30322265625,2.0527758598327637
8192,1,2,2,24.365234375,2.0400967597961426
8192,1,2,3,24.98779296875,2.030205726623535
8192,1,2,4,25.146484375,2.019888401031494
8192,1,2,5,25.50048828125,2.006460189819336
8192,1,2,6,26.57470703125,1.9938404560089111
8192,1,2,7,27.0263671875,1.9875984191894531
8192,1,2,8,27.8076171875,1.9755486249923706
8192,1,2,9,28.16162109375,1.9703238010406494
8192,1,2,10,28.62548828125,1.9607264995574951
8192,1,2,11,28.3203125,1.9535353183746338
8192,1,2,12,29.35791015625,1.9547723531723022
8192,1,2,13,29.443359375,1.9427318572998047
8192,1,2,14,29.45556640625,1.9423346519470215
8192,1,2,15,30.0537109375,1.9323365688323975
8192,1,2,16,29.62646484375,1.9302244186401367
8192,1,2,17,30.1513671875,1.925687313079834
8192,1,2,18,30.0537109375,1.9226667881011963
8192,1,2,19,30.0537109375,1.920459508895874
8192,1,2,20,30.23681640625,1.9171420335769653
8192,1,2,21,29.8828125,1.9163601398468018
8192,1,2,22,30.2490234375,1.9103883504867554
8192,1,2,23,30.810546875,1.9070513248443604
8192,1,2,24,30.48095703125,1.9040461778640747
8192,1,2,25,30.62744140625,1.9091129302978516
8192,1,2,26,30.67626953125,1.899010181427002
8192,1,2,27,30.76171875,1.899031639099121
8192,1,2,28,31.7626953125,1.8901785612106323
8192,1,2,29,31.65283203125,1.8934836387634277
8192,1,2,30,31.1279296875,1.8904573917388916
8192,1,2,31,31.82373046875,1.8828288316726685
8192,1,2,32,31.7138671875,1.8832688331604004
8192,1,2,33,31.62841796875,1.8795337677001953
8192,1,2,34,31.70166015625,1.8740774393081665
8192,1,2,35,31.57958984375,1.8838505744934082
8192,1,2,36,31.87255859375,1.8786141872406006
8192,1,2,37,31.54296875,1.8759812116622925
8192,1,2,38,31.65283203125,1.8756729364395142
8192,1,2,39,31.3720703125,1.8786041736602783
8192,1,2,40,31.62841796875,1.869482398033142
8192,1,2,41,32.16552734375,1.8707427978515625
8192,1,2,42,32.38525390625,1.8689061403274536
8192,1,2,43,32.45849609375,1.8640328645706177
8192,1,2,44,32.12890625,1.8645665645599365
8192,1,2,45,32.3974609375,1.8662965297698975
8192,1,2,46,32.26318359375,1.8616174459457397
8192,1,2,47,32.2509765625,1.86558997631073
8192,1,2,48,32.568359375,1.8584195375442505
8192,1,2,49,32.38525390625,1.8599177598953247
8192,1,2,50,32.51953125,1.857483148574829
8192,1,2,51,32.14111328125,1.857985496520996
8192,1,2,52,32.33642578125,1.8576340675354004
8192,1,2,53,32.1044921875,1.8590872287750244
8192,1,2,54,32.470703125,1.855238676071167
8192,1,2,55,32.470703125,1.85270094871521
8192,1,2,56,32.67822265625,1.8523573875427246
8192,1,2,57,32.275390625,1.8497493267059326
8192,1,2,58,32.04345703125,1.8517467975616455
8192,1,2,59,32.6904296875,1.8526983261108398
8192,1,2,60,32.275390625,1.851189374923706
8192,1,2,61,33.11767578125,1.8470745086669922
8192,1,2,62,32.4462890625,1.8494960069656372
8192,1,2,63,32.6904296875,1.850841760635376
8192,1,2,64,32.82470703125,1.8431435823440552
8192,1,2,65,32.31201171875,1.8450487852096558
8192,1,2,66,32.60498046875,1.8464176654815674
8192,1,2,67,32.36083984375,1.8471224308013916
8192,1,2,68,33.16650390625,1.8392119407653809
8192,1,2,69,32.84912109375,1.8388450145721436
8192,1,2,70,32.763671875,1.8388874530792236
8192,1,2,71,33.19091796875,1.8376710414886475
8192,1,2,72,32.958984375,1.842782735824585
8192,1,2,73,32.8125,1.842571496963501
8192,1,2,74,32.8857421875,1.8403788805007935
8192,1,2,75,32.8857421875,1.8344615697860718
8192,1,2,76,33.0810546875,1.8381633758544922
8192,1,2,77,32.62939453125,1.8393855094909668
8192,1,2,78,32.958984375,1.8344929218292236
8192,1,2,79,33.056640625,1.8369851112365723
8192,1,2,80,32.75146484375,1.839562177658081
8192,1,2,81,32.99560546875,1.8354592323303223
8192,1,2,82,33.31298828125,1.8327786922454834
8192,1,2,83,33.36181640625,1.8332774639129639
8192,1,2,84,33.056640625,1.8317785263061523
8192,1,2,85,33.3984375,1.8299994468688965
8192,1,2,86,32.8125,1.835566759109497
8192,1,2,87,32.6904296875,1.8334808349609375
8192,1,2,88,32.7880859375,1.8333168029785156
8192,1,2,89,32.91015625,1.8330872058868408
8192,1,2,90,33.26416015625,1.8327430486679077
8192,1,2,91,32.77587890625,1.8298234939575195
8192,1,2,92,33.11767578125,1.8300763368606567
8192,1,2,93,33.1787109375,1.8310880661010742
8192,1,2,94,33.02001953125,1.8297899961471558
8192,1,2,95,33.3984375,1.8273800611495972
8192,1,2,96,32.99560546875,1.8304798603057861
8192,1,2,97,33.28857421875,1.8246029615402222
8192,1,2,98,32.77587890625,1.8267197608947754
8192,1,2,99,32.958984375,1.8293848037719727
8192,1,2,100,32.70263671875,1.8232864141464233
8192,1,3,1,33.4228515625,1.8138536214828491
8192,1,3,2,33.9111328125,1.8036134243011475
8192,1,3,3,34.7412109375,1.7906372547149658
8192,1,3,4,34.716796875,1.780676245689392
8192,1,3,5,35.11962890625,1.7705554962158203
8192,1,3,6,35.33935546875,1.7631733417510986
8192,1,3,7,36.56005859375,1.7500693798065186
8192,1,3,8,36.962890625,1.740800380706787
8192,1,3,9,37.17041015625,1.7343719005584717
8192,1,3,10,38.17138671875,1.7237660884857178
8192,1,3,11,37.744140625,1.7165435552597046
8192,1,3,12,38.0859375,1.709041953086853
8192,1,3,13,37.92724609375,1.706945776939392
8192,1,3,14,38.8671875,1.7016680240631104
8192,1,3,15,38.70849609375,1.7026344537734985
8192,1,3,16,39.2333984375,1.6868805885314941
8192,1,3,17,39.51416015625,1.6855125427246094
8192,1,3,18,39.51416015625,1.680643916130066
8192,1,3,19,39.31884765625,1.6789906024932861
8192,1,3,20,39.35546875,1.6773208379745483
8192,1,3,21,39.5751953125,1.674628496170044
8192,1,3,22,40.0634765625,1.6650062799453735
8192,1,3,23,40.36865234375,1.6640907526016235
8192,1,3,24,39.990234375,1.663583755493164
8192,1,3,25,40.52734375,1.6603947877883911
8192,1,3,26,40.12451171875,1.6657613515853882
8192,1,3,27,40.83251953125,1.6583118438720703
8192,1,3,28,40.185546875,1.6567997932434082
8192,1,3,29,40.36865234375,1.6547622680664062
8192,1,3,30,40.39306640625,1.6520334482192993
8192,1,3,31,40.78369140625,1.650174856185913
8192,1,3,32,41.44287109375,1.642819881439209
8192,1,3,33,40.478515625,1.645172357559204
8192,1,3,34,40.6005859375,1.6452152729034424
8192,1,3,35,40.49072265625,1.6425280570983887
8192,1,3,36,40.83251953125,1.6427611112594604
8192,1,3,37,40.673828125,1.6394963264465332
8192,1,3,38,41.30859375,1.6369259357452393
8192,1,3,39,41.1865234375,1.634598970413208
8192,1,3,40,40.7958984375,1.635300636291504
8192,1,3,41,40.6005859375,1.6371803283691406
8192,1,3,42,41.29638671875,1.6261953115463257
8192,1,3,43,40.95458984375,1.6299374103546143
8192,1,3,44,41.11328125,1.6254820823669434
8192,1,3,45,41.064453125,1.6298832893371582
8192,1,3,46,41.19873046875,1.6304270029067993
8192,1,3,47,41.10107421875,1.6288717985153198
8192,1,3,48,41.357421875,1.625101089477539
8192,1,3,49,41.24755859375,1.6248397827148438
8192,1,3,50,41.4306640625,1.6228468418121338
8192,1,3,51,41.3330078125,1.6223862171173096
8192,1,3,52,41.7724609375,1.6186180114746094
8192,1,3,53,41.83349609375,1.6158535480499268
8192,1,3,54,42.02880859375,1.6137131452560425
8192,1,3,55,41.63818359375,1.6147034168243408
8192,1,3,56,41.85791015625,1.6141955852508545
8192,1,3,57,41.552734375,1.6124022006988525
8192,1,3,58,41.63818359375,1.6151268482208252
8192,1,3,59,41.73583984375,1.6109645366668701
8192,1,3,60,41.7236328125,1.6101349592208862
8192,1,3,61,42.07763671875,1.6094642877578735
8192,1,3,62,41.51611328125,1.611844539642334
8192,1,3,63,41.8212890625,1.6123325824737549
8192,1,3,64,41.27197265625,1.6070266962051392
8192,1,3,65,41.83349609375,1.611795425415039
8192,1,3,66,41.73583984375,1.6095929145812988
8192,1,3,67,41.78466796875,1.605388879776001
8192,1,3,68,42.00439453125,1.6053855419158936
8192,1,3,69,42.32177734375,1.603938341140747
8192,1,3,70,41.9677734375,1.6004672050476074
8192,1,3,71,42.07763671875,1.601257562637329
8192,1,3,72,42.05322265625,1.6011295318603516
8192,1,3,73,42.63916015625,1.5995365381240845
8192,1,3,74,41.93115234375,1.6045242547988892
8192,1,3,75,42.236328125,1.6049343347549438
8192,1,3,76,42.51708984375,1.601705551147461
8192,1,3,77,41.9921875,1.5981898307800293
8192,1,3,78,42.2119140625,1.59616219997406
8192,1,3,79,42.29736328125,1.5963060855865479
8192,1,3,80,42.3095703125,1.594652771949768
8192,1,3,81,42.5048828125,1.598673939704895
8192,1,3,82,42.15087890625,1.5969958305358887
8192,1,3,83,42.7001953125,1.5965631008148193
8192,1,3,84,42.5048828125,1.5941855907440186
8192,1,3,85,42.236328125,1.592337965965271
8192,1,3,86,42.6513671875,1.5928113460540771
8192,1,3,87,41.95556640625,1.591231107711792
8192,1,3,88,42.1630859375,1.5926158428192139
8192,1,3,89,42.333984375,1.5935304164886475
8192,1,3,90,42.71240234375,1.5861459970474243
8192,1,3,91,42.81005859375,1.5909894704818726
8192,1,3,92,42.333984375,1.5971417427062988
8192,1,3,93,42.78564453125,1.5918439626693726
8192,1,3,94,42.8466796875,1.5855484008789062
8192,1,3,95,42.81005859375,1.5844552516937256
8192,1,3,96,42.46826171875,1.5895229578018188
8192,1,3,97,41.9921875,1.5920372009277344
8192,1,3,98,42.51708984375,1.5875048637390137
8192,1,3,99,42.7978515625,1.5855953693389893
8192,1,3,100,42.83447265625,1.582305908203125
8192,1,4,1,43.42041015625,1.5749149322509766
8192,1,4,2,43.76220703125,1.5644416809082031
8192,1,4,3,44.580078125,1.5509792566299438
8192,1,4,4,45.10498046875,1.5420103073120117
8192,1,4,5,44.93408203125,1.5312788486480713
8192,1,4,6,44.88525390625,1.522180199623108
8192,1,4,7,45.39794921875,1.5155079364776611
8192,1,4,8,45.947265625,1.508815050125122
8192,1,4,9,46.4599609375,1.5023589134216309
8192,1,4,10,46.6796875,1.4975755214691162
8192,1,4,11,47.00927734375,1.4920244216918945
8192,1,4,12,46.8017578125,1.4845962524414062
8192,1,4,13,47.35107421875,1.4809805154800415
8192,1,4,14,48.2666015625,1.4713037014007568
8192,1,4,15,47.74169921875,1.4676885604858398
8192,1,4,16,48.6328125,1.4650487899780273
8192,1,4,17,48.59619140625,1.459458589553833
8192,1,4,18,48.53515625,1.4540972709655762
8192,1,4,19,49.13330078125,1.4481289386749268
8192,1,4,20,48.66943359375,1.4497061967849731
8192,1,4,21,49.2919921875,1.4436635971069336
8192,1,4,22,48.7060546875,1.4426558017730713
8192,1,4,23,48.5595703125,1.439939260482788
8192,1,4,24,48.73046875,1.4345178604125977
8192,1,4,25,48.9013671875,1.4298841953277588
8192,1,4,26,49.4140625,1.4293164014816284
8192,1,4,27,48.92578125,1.4312069416046143
8192,1,4,28,48.91357421875,1.4275734424591064
8192,1,4,29,49.462890625,1.417689323425293
8192,1,4,30,49.3408203125,1.4204195737838745
8192,1,4,31,49.81689453125,1.418111801147461
8192,1,4,32,49.08447265625,1.4201269149780273
8192,1,4,33,49.98779296875,1.4195046424865723
8192,1,4,34,49.7802734375,1.4149885177612305
8192,1,4,35,49.91455078125,1.4119666814804077
8192,1,4,36,50.01220703125,1.4094655513763428
8192,1,4,37,50.146484375,1.4085150957107544
8192,1,4,38,49.89013671875,1.4080395698547363
8192,1,4,39,50.048828125,1.4033234119415283
8192,1,4,40,49.8291015625,1.4055570363998413
8192,1,4,41,50.146484375,1.4046448469161987
8192,1,4,42,50.03662109375,1.404693603515625
8192,1,4,43,50.20751953125,1.3969085216522217
8192,1,4,44,50.244140625,1.3982293605804443
8192,1,4,45,49.7314453125,1.3975145816802979
8192,1,4,46,49.79248046875,1.3965590000152588
8192,1,4,47,50.42724609375,1.3956395387649536
8192,1,4,48,50.28076171875,1.3935532569885254
8192,1,4,49,50.25634765625,1.391416311264038
8192,1,4,50,50.244140625,1.39151132106781
8192,1,4,51,50.28076171875,1.3864654302597046
8192,1,4,52,50.06103515625,1.3863905668258667
8192,1,4,53,50.23193359375,1.388122797012329
8192,1,4,54,50.57373046875,1.3864703178405762
8192,1,4,55,50.4638671875,1.388364315032959
8192,1,4,56,50.86669921875,1.383305549621582
8192,1,4,57,50.78125,1.3842298984527588
8192,1,4,58,51.07421875,1.3798089027404785
8192,1,4,59,50.8056640625,1.379077672958374
8192,1,4,60,51.06201171875,1.3790234327316284
8192,1,4,61,51.123046875,1.3831886053085327
8192,1,4,62,50.6591796875,1.378385066986084
8192,1,4,63,50.62255859375,1.3779730796813965
8192,1,4,64,50.64697265625,1.379939317703247
8192,1,4,65,50.50048828125,1.377207636833191
8192,1,4,66,51.20849609375,1.3701879978179932
8192,1,4,67,51.4404296875,1.3691174983978271
8192,1,4,68,50.79345703125,1.3746085166931152
8192,1,4,69,51.4892578125,1.372683048248291
8192,1,4,70,51.0986328125,1.371577501296997
8192,1,4,71,51.52587890625,1.3733028173446655
8192,1,4,72,51.1474609375,1.3734885454177856
8192,1,4,73,50.96435546875,1.3748881816864014
8192,1,4,74,51.47705078125,1.3747700452804565
8192,1,4,75,50.89111328125,1.373406171798706
8192,1,4,76,51.23291015625,1.3694934844970703
8192,1,4,77,50.81787109375,1.3711309432983398
8192,1,4,78,50.7080078125,1.3703869581222534
8192,1,4,79,51.0498046875,1.3698534965515137
8192,1,4,80,51.06201171875,1.3682522773742676
8192,1,4,81,50.54931640625,1.370701551437378
8192,1,4,82,51.18408203125,1.3691229820251465
8192,1,4,83,51.5625,1.3676247596740723
8192,1,4,84,51.47705078125,1.3661067485809326
8192,1,4,85,50.98876953125,1.36684250831604
8192,1,4,86,51.3427734375,1.36387038230896
8192,1,4,87,51.37939453125,1.3633112907409668
8192,1,4,88,51.806640625,1.3618688583374023
8192,1,4,89,51.25732421875,1.3616325855255127
8192,1,4,90,51.11083984375,1.370837926864624
8192,1,4,91,51.85546875,1.3599333763122559
8192,1,4,92,51.79443359375,1.3564412593841553
8192,1,4,93,51.5625,1.361348271369934
8192,1,4,94,51.69677734375,1.3613438606262207
8192,1,4,95,51.62353515625,1.360098123550415
8192,1,4,96,51.08642578125,1.3657593727111816
8192,1,4,97,51.416015625,1.3588457107543945
8192,1,4,98,51.5869140625,1.3601312637329102
8192,1,4,99,51.611328125,1.3621925115585327
8192,1,4,100,51.5625,1.3606094121932983
8192,1,5,1,51.74560546875,1.3542017936706543
8192,1,5,2,52.25830078125,1.3446214199066162
8192,1,5,3,52.81982421875,1.3341493606567383
8192,1,5,4,53.173828125,1.3231000900268555
8192,1,5,5,53.55224609375,1.3151710033416748
8192,1,5,6,54.08935546875,1.3049936294555664
8192,1,5,7,54.736328125,1.2972557544708252
8192,1,5,8,55.04150390625,1.291599988937378
8192,1,5,9,55.3466796875,1.2803393602371216
8192,1,5,10,55.74951171875,1.2722669839859009
8192,1,5,11,55.87158203125,1.2718706130981445
8192,1,5,12,55.74951171875,1.2647974491119385
8192,1,5,13,55.8837890625,1.2603535652160645
8192,1,5,14,56.1767578125,1.2529428005218506
8192,1,5,15,56.45751953125,1.2517324686050415
8192,1,5,16,56.787109375,1.2472727298736572
8192,1,5,17,56.201171875,1.244225025177002
8192,1,5,18,56.8115234375,1.2420566082000732
8192,1,5,19,57.2021484375,1.2352116107940674
8192,1,5,20,57.0556640625,1.229334831237793
8192,1,5,21,57.2509765625,1.233402967453003
8192,1,5,22,57.48291015625,1.2256100177764893
8192,1,5,23,58.19091796875,1.2241485118865967
8192,1,5,24,57.763671875,1.2214897871017456
8192,1,5,25,57.80029296875,1.2230726480484009
8192,1,5,26,58.251953125,1.215460181236267
8192,1,5,27,57.958984375,1.214991569519043
8192,1,5,28,58.36181640625,1.209338903427124
8192,1,5,29,58.1298828125,1.2084598541259766
8192,1,5,30,58.87451171875,1.208270788192749
8192,1,5,31,58.203125,1.2080600261688232
8192,1,5,32,58.6669921875,1.2048686742782593
8192,1,5,33,58.19091796875,1.2041511535644531
8192,1,5,34,58.1787109375,1.2019524574279785
8192,1,5,35,58.89892578125,1.1940362453460693
8192,1,5,36,58.65478515625,1.1962463855743408
8192,1,5,37,59.033203125,1.1958273649215698
8192,1,5,38,59.16748046875,1.1907930374145508
8192,1,5,39,59.09423828125,1.189755916595459
8192,1,5,40,58.21533203125,1.1901249885559082
8192,1,5,41,58.55712890625,1.1873915195465088
8192,1,5,42,59.0576171875,1.1836662292480469
8192,1,5,43,58.87451171875,1.1817193031311035
8192,1,5,44,59.033203125,1.1797062158584595
8192,1,5,45,58.99658203125,1.1811647415161133
8192,1,5,46,58.89892578125,1.183069109916687
8192,1,5,47,58.7890625,1.1799771785736084
8192,1,5,48,58.740234375,1.183244228363037
8192,1,5,49,58.49609375,1.1792516708374023
8192,1,5,50,59.21630859375,1.1764453649520874
8192,1,5,51,59.09423828125,1.1765018701553345
8192,1,5,52,59.4482421875,1.172120213508606
8192,1,5,53,59.14306640625,1.1743457317352295
8192,1,5,54,59.50927734375,1.169853687286377
8192,1,5,55,58.80126953125,1.1724772453308105
8192,1,5,56,58.85009765625,1.1754891872406006
8192,1,5,57,59.09423828125,1.1699529886245728
8192,1,5,58,59.1552734375,1.1683133840560913
8192,1,5,59,59.4482421875,1.1707147359848022
8192,1,5,60,59.19189453125,1.1668097972869873
8192,1,5,61,58.9111328125,1.168262004852295
8192,1,5,62,59.36279296875,1.165382981300354
8192,1,5,63,59.19189453125,1.1693674325942993
8192,1,5,64,59.5947265625,1.169864535331726
8192,1,5,65,59.66796875,1.162024736404419
8192,1,5,66,59.6923828125,1.1638281345367432
8192,1,5,67,59.28955078125,1.1625936031341553
8192,1,5,68,59.5703125,1.1635804176330566
8192,1,5,69,59.77783203125,1.1619017124176025
8192,1,5,70,59.9365234375,1.1626235246658325
8192,1,5,71,59.55810546875,1.1608805656433105
8192,1,5,72,59.53369140625,1.1586978435516357
8192,1,5,73,59.77783203125,1.1560132503509521
8192,1,5,74,59.912109375,1.1569182872772217
8192,1,5,75,59.7412109375,1.1590405702590942
8192,1,5,76,59.66796875,1.1551392078399658
8192,1,5,77,59.60693359375,1.1565325260162354
8192,1,5,78,59.716796875,1.1532450914382935
8192,1,5,79,59.7900390625,1.1546478271484375
8192,1,5,80,60.14404296875,1.1544945240020752
8192,1,5,81,59.9609375,1.1545886993408203
8192,1,5,82,60.0341796875,1.1528444290161133
8192,1,5,83,60.07080078125,1.1578460931777954
8192,1,5,84,59.6923828125,1.1592812538146973
8192,1,5,85,60.31494140625,1.154313325881958
8192,1,5,86,60.1318359375,1.150925874710083
8192,1,5,87,60.11962890625,1.154862642288208
8192,1,5,88,60.14404296875,1.1493334770202637
8192,1,5,89,60.107421875,1.1509661674499512
8192,1,5,90,60.16845703125,1.15084969997406
8192,1,5,91,59.8876953125,1.1511281728744507
8192,1,5,92,59.94873046875,1.154615044593811
8192,1,5,93,59.72900390625,1.1535825729370117
8192,1,5,94,59.716796875,1.1528680324554443
8192,1,5,95,59.97314453125,1.1492968797683716
8192,1,5,96,60.24169921875,1.1465437412261963
8192,1,5,97,60.02197265625,1.1474807262420654
8192,1,5,98,60.302734375,1.1453086137771606
8192,1,5,99,60.302734375,1.1444087028503418
8192,1,5,100,60.21728515625,1.148608922958374
8192,1,6,1,60.65673828125,1.139488935470581
8192,1,6,2,61.181640625,1.1319669485092163
8192,1,6,3,61.51123046875,1.1235815286636353
8192,1,6,4,61.87744140625,1.1154756546020508
8192,1,6,5,62.14599609375,1.1054482460021973
8192,1,6,6,62.109375,1.0984619855880737
8192,1,6,7,62.5732421875,1.0923142433166504
8192,1,6,8,62.85400390625,1.084863305091858
8192,1,6,9,63.134765625,1.0843135118484497
8192,1,6,10,63.24462890625,1.0754460096359253
8192,1,6,11,63.43994140625,1.066751480102539
8192,1,6,12,63.51318359375,1.0644197463989258
8192,1,6,13,63.18359375,1.0623478889465332
8192,1,6,14,63.85498046875,1.057616949081421
8192,1,6,15,64.0869140625,1.0506038665771484
8192,1,6,16,64.1845703125,1.049717664718628
8192,1,6,17,64.48974609375,1.0429949760437012
8192,1,6,18,64.39208984375,1.0418494939804077
8192,1,6,19,64.78271484375,1.0397471189498901
8192,1,6,20,64.5263671875,1.0367153882980347
8192,1,6,21,64.95361328125,1.0308666229248047
8192,1,6,22,64.501953125,1.029515027999878
8192,1,6,23,64.55078125,1.028385877609253
8192,1,6,24,65.10009765625,1.0237650871276855
8192,1,6,25,65.1123046875,1.022206425666809
8192,1,6,26,65.34423828125,1.020409107208252
8192,1,6,27,65.5029296875,1.0173412561416626
8192,1,6,28,65.39306640625,1.017759084701538
8192,1,6,29,65.4052734375,1.0170820951461792
8192,1,6,30,65.85693359375,1.0166447162628174
8192,1,6,31,65.80810546875,1.0093708038330078
8192,1,6,32,66.12548828125,1.0078518390655518
8192,1,6,33,65.869140625,1.0055623054504395
8192,1,6,34,65.93017578125,1.0066016912460327
8192,1,6,35,65.83251953125,1.0043151378631592
8192,1,6,36,65.7958984375,1.0003591775894165
8192,1,6,37,65.97900390625,1.0009360313415527
8192,1,6,38,66.02783203125,0.9985263347625732
8192,1,6,39,65.97900390625,1.0024349689483643
8192,1,6,40,65.56396484375,0.9997026920318604
8192,1,6,41,66.3818359375,0.9977699518203735
8192,1,6,42,66.27197265625,0.996124804019928
8192,1,6,43,66.5771484375,0.9912914633750916
8192,1,6,44,66.39404296875,0.9931604862213135
8192,1,6,45,66.30859375,0.9896699786186218
8192,1,6,46,66.71142578125,0.9895090460777283
8192,1,6,47,66.5283203125,0.989672064781189
8192,1,6,48,66.39404296875,0.9874828457832336
8192,1,6,49,66.5771484375,0.988052487373352
8192,1,6,50,66.2109375,0.9879295825958252
8192,1,6,51,66.56494140625,0.9835006594657898
8192,1,6,52,66.54052734375,0.9839838743209839
8192,1,6,53,66.68701171875,0.9819287061691284
8192,1,6,54,66.69921875,0.9810284376144409
8192,1,6,55,67.05322265625,0.9805746078491211
8192,1,6,56,66.78466796875,0.9807665348052979
8192,1,6,57,66.97998046875,0.9756994843482971
8192,1,6,58,66.6015625,0.9785358905792236
8192,1,6,59,67.2607421875,0.9750843048095703
8192,1,6,60,67.5537109375,0.9757394790649414
8192,1,6,61,66.9189453125,0.9787058234214783
8192,1,6,62,67.00439453125,0.9759387969970703
8192,1,6,63,66.9921875,0.9736788272857666
8192,1,6,64,67.041015625,0.9710057973861694
8192,1,6,65,66.943359375,0.9754457473754883
8192,1,6,66,67.041015625,0.9757823348045349
8192,1,6,67,67.15087890625,0.9744258522987366
8192,1,6,68,67.17529296875,0.9689218401908875
8192,1,6,69,66.89453125,0.9741808176040649
8192,1,6,70,67.1142578125,0.9703589677810669
8192,1,6,71,67.02880859375,0.9738703966140747
8192,1,6,72,67.54150390625,0.9676221013069153
8192,1,6,73,67.56591796875,0.9657368659973145
8192,1,6,74,67.529296875,0.9654291868209839
8192,1,6,75,67.71240234375,0.9661670923233032
8192,1,6,76,67.5537109375,0.9642705321311951
8192,1,6,77,68.37158203125,0.9608229398727417
8192,1,6,78,68.00537109375,0.963310718536377
8192,1,6,79,67.41943359375,0.9658012390136719
8192,1,6,80,67.67578125,0.9628533124923706
8192,1,6,81,67.44384765625,0.965907871723175
8192,1,6,82,67.32177734375,0.9635769724845886
8192,1,6,83,67.529296875,0.9623826742172241
8192,1,6,84,67.44384765625,0.9652331471443176
8192,1,6,85,67.41943359375,0.9628984332084656
8192,1,6,86,67.5537109375,0.9626200795173645
8192,1,6,87,67.7734375,0.9630261659622192
8192,1,6,88,68.0908203125,0.9606739282608032
8192,1,6,89,67.68798828125,0.9631184339523315
8192,1,6,90,67.529296875,0.961244523525238
8192,1,6,91,67.88330078125,0.9625089168548584
8192,1,6,92,67.7978515625,0.9614942669868469
8192,1,6,93,67.85888671875,0.9583753347396851
8192,1,6,94,68.06640625,0.9590272903442383
8192,1,6,95,67.4560546875,0.9610411524772644
8192,1,6,96,67.19970703125,0.9619907140731812
8192,1,6,97,67.48046875,0.9619942903518677
8192,1,6,98,67.41943359375,0.9621202945709229
8192,1,6,99,67.7734375,0.9590016007423401
8192,1,6,100,68.06640625,0.9569350481033325
8192,1,7,1,68.65234375,0.9517418146133423
8192,1,7,2,69.59228515625,0.9417949914932251
8192,1,7,3,69.76318359375,0.9336686134338379
8192,1,7,4,69.66552734375,0.9268049597740173
8192,1,7,5,70.49560546875,0.9175242185592651
8192,1,7,6,70.263671875,0.9091284275054932
8192,1,7,7,70.73974609375,0.902800440788269
8192,1,7,8,70.361328125,0.8954675793647766
8192,1,7,9,70.69091796875,0.8959558010101318
8192,1,7,10,70.83740234375,0.8907034993171692
8192,1,7,11,71.3623046875,0.8841683864593506
8192,1,7,12,71.30126953125,0.8792577981948853
8192,1,7,13,71.78955078125,0.8732223510742188
8192,1,7,14,71.52099609375,0.8713861703872681
8192,1,7,15,71.6796875,0.8680344820022583
8192,1,7,16,71.44775390625,0.8662185668945312
8192,1,7,17,71.7041015625,0.8636031150817871
8192,1,7,18,72.1435546875,0.8606042265892029
8192,1,7,19,72.6318359375,0.8547261953353882
8192,1,7,20,72.25341796875,0.8544023633003235
8192,1,7,21,72.32666015625,0.8578398823738098
8192,1,7,22,72.74169921875,0.8461708426475525
8192,1,7,23,72.412109375,0.8451067209243774
8192,1,7,24,72.88818359375,0.8422878980636597
8192,1,7,25,72.6318359375,0.8440955877304077
8192,1,7,26,73.13232421875,0.8368852138519287
8192,1,7,27,73.01025390625,0.8370035886764526
8192,1,7,28,73.32763671875,0.8364947438240051
8192,1,7,29,73.388671875,0.8335227966308594
8192,1,7,30,73.1201171875,0.8314394354820251
8192,1,7,31,73.8525390625,0.8282959461212158
8192,1,7,32,73.046875,0.8293805122375488
8192,1,7,33,73.44970703125,0.8280720710754395
8192,1,7,34,73.54736328125,0.8295905590057373
8192,1,7,35,73.291015625,0.8273290991783142
8192,1,7,36,73.59619140625,0.8243720531463623
8192,1,7,37,73.59619140625,0.8204425573348999
8192,1,7,38,73.18115234375,0.8258459568023682
8192,1,7,39,73.91357421875,0.8222503662109375
8192,1,7,40,74.0478515625,0.8176921010017395
8192,1,7,41,73.73046875,0.8196635842323303
8192,1,7,42,73.93798828125,0.8199617266654968
8192,1,7,43,73.79150390625,0.8153551816940308
8192,1,7,44,74.12109375,0.8148771524429321
8192,1,7,45,74.3896484375,0.8129075765609741
8192,1,7,46,74.52392578125,0.8132188320159912
8192,1,7,47,74.0478515625,0.8155262470245361
8192,1,7,48,74.10888671875,0.8091654777526855
8192,1,7,49,73.91357421875,0.8107820749282837
8192,1,7,50,74.12109375,0.8084587454795837
8192,1,7,51,74.2919921875,0.8085727095603943
8192,1,7,52,74.47509765625,0.8075779676437378
8192,1,7,53,74.23095703125,0.8077200651168823
8192,1,7,54,73.9990234375,0.8081632852554321
8192,1,7,55,74.7802734375,0.8031119108200073
8192,1,7,56,74.42626953125,0.804879903793335
8192,1,7,57,74.35302734375,0.8000763654708862
8192,1,7,58,74.08447265625,0.8020774126052856
8192,1,7,59,74.658203125,0.7997996807098389
8192,1,7,60,74.27978515625,0.8005841374397278
8192,1,7,61,74.27978515625,0.8019201159477234
8192,1,7,62,74.31640625,0.8033857345581055
8192,1,7,63,74.755859375,0.7979652285575867
8192,1,7,64,74.2431640625,0.7973166704177856
8192,1,7,65,74.42626953125,0.8002904653549194
8192,1,7,66,74.23095703125,0.7993056178092957
8192,1,7,67,74.67041015625,0.7971042394638062
8192,1,7,68,74.5361328125,0.7971622943878174
8192,1,7,69,74.2431640625,0.7975713014602661
8192,1,7,70,74.67041015625,0.7955078482627869
8192,1,7,71,74.5361328125,0.797512948513031
8192,1,7,72,74.37744140625,0.7981487512588501
8192,1,7,73,74.69482421875,0.7959476709365845
8192,1,7,74,74.462890625,0.7940908074378967
8192,1,7,75,74.54833984375,0.7947530746459961
8192,1,7,76,74.853515625,0.7945793867111206
8192,1,7,77,74.658203125,0.7933125495910645
8192,1,7,78,73.93798828125,0.7941749095916748
8192,1,7,79,74.4384765625,0.7927929162979126
8192,1,7,80,74.4140625,0.7938737273216248
8192,1,7,81,74.462890625,0.7929416298866272
8192,1,7,82,75.06103515625,0.7913705706596375
8192,1,7,83,74.755859375,0.7926061153411865
8192,1,7,84,74.70703125,0.7935213446617126
8192,1,7,85,74.67041015625,0.7903558015823364
8192,1,7,86,74.6337890625,0.7901725769042969
8192,1,7,87,74.27978515625,0.7911602258682251
8192,1,7,88,74.91455078125,0.7922530174255371
8192,1,7,89,74.8291015625,0.7902265787124634
8192,1,7,90,74.93896484375,0.78569495677948
8192,1,7,91,74.54833984375,0.7893432378768921
8192,1,7,92,74.9267578125,0.7882751822471619
8192,1,7,93,74.98779296875,0.7854370474815369
8192,1,7,94,75.0244140625,0.7850326895713806
8192,1,7,95,74.71923828125,0.782734215259552
8192,1,7,96,74.91455078125,0.784497857093811
8192,1,7,97,75.10986328125,0.7853885889053345
8192,1,7,98,74.8779296875,0.7859721183776855
8192,1,7,99,74.9755859375,0.7878533601760864
8192,1,7,100,74.67041015625,0.7888697981834412
8192,1,8,1,75.146484375,0.7834233045578003
8192,1,8,2,75.23193359375,0.7774661779403687
8192,1,8,3,75.634765625,0.7711564302444458
8192,1,8,4,75.830078125,0.765008807182312
8192,1,8,5,76.66015625,0.7553040981292725
8192,1,8,6,76.6845703125,0.7495230436325073
8192,1,8,7,76.94091796875,0.7475852966308594
8192,1,8,8,77.38037109375,0.7387655973434448
8192,1,8,9,77.86865234375,0.7332178950309753
8192,1,8,10,77.8076171875,0.7259912490844727
8192,1,8,11,77.685546875,0.7217658162117004
8192,1,8,12,78.4423828125,0.7149363160133362
8192,1,8,13,78.13720703125,0.7132797241210938
8192,1,8,14,78.2958984375,0.7095575332641602
8192,1,8,15,78.30810546875,0.7057077884674072
8192,1,8,16,78.61328125,0.7012236714363098
8192,1,8,17,79.0283203125,0.6972389221191406
8192,1,8,18,79.150390625,0.6953969597816467
8192,1,8,19,79.08935546875,0.6933698654174805
8192,1,8,20,79.28466796875,0.6921318769454956
8192,1,8,21,79.0771484375,0.6892751455307007
8192,1,8,22,78.91845703125,0.6874858140945435
8192,1,8,23,79.638671875,0.6858990788459778
8192,1,8,24,79.84619140625,0.6827437281608582
8192,1,8,25,79.8828125,0.6781840920448303
8192,1,8,26,79.43115234375,0.6791238784790039
8192,1,8,27,79.65087890625,0.6780484914779663
8192,1,8,28,79.58984375,0.6765574216842651
8192,1,8,29,79.6875,0.6769112348556519
8192,1,8,30,79.65087890625,0.6729881763458252
8192,1,8,31,79.87060546875,0.6739826798439026
8192,1,8,32,79.931640625,0.6695238351821899
8192,1,8,33,79.98046875,0.6680433750152588
8192,1,8,34,79.833984375,0.6656039953231812
8192,1,8,35,79.65087890625,0.6676087379455566
8192,1,8,36,79.9560546875,0.6626226902008057
8192,1,8,37,79.8828125,0.6669932007789612
8192,1,8,38,80.029296875,0.6643245220184326
8192,1,8,39,80.18798828125,0.6596496105194092
8192,1,8,40,80.18798828125,0.6565683484077454
8192,1,8,41,80.65185546875,0.658055305480957
8192,1,8,42,80.26123046875,0.6582875847816467
8192,1,8,43,80.6396484375,0.6577868461608887
8192,1,8,44,80.01708984375,0.658562421798706
8192,1,8,45,80.4931640625,0.6556253433227539
8192,1,8,46,80.224609375,0.6539058685302734
8192,1,8,47,80.52978515625,0.6558362245559692
8192,1,8,48,80.4931640625,0.6538287997245789
8192,1,8,49,80.50537109375,0.6515007019042969
8192,1,8,50,80.48095703125,0.6531868577003479
8192,1,8,51,80.31005859375,0.6514401435852051
8192,1,8,52,80.55419921875,0.6508855819702148
8192,1,8,53,80.62744140625,0.6505681872367859
8192,1,8,54,80.46875,0.6490529775619507
8192,1,8,55,80.712890625,0.6495320796966553
8192,1,8,56,80.21240234375,0.6489391326904297
8192,1,8,57,80.92041015625,0.6452792882919312
8192,1,8,58,80.65185546875,0.6459566354751587
8192,1,8,59,80.419921875,0.6496658325195312
8192,1,8,60,81.04248046875,0.644600510597229
8192,1,8,61,80.859375,0.6426446437835693
8192,1,8,62,80.89599609375,0.6425648927688599
8192,1,8,63,80.77392578125,0.6486310958862305
8192,1,8,64,80.84716796875,0.6444656848907471
8192,1,8,65,80.92041015625,0.645482063293457
8192,1,8,66,81.15234375,0.6450537443161011
8192,1,8,67,80.96923828125,0.6426573395729065
8192,1,8,68,80.95703125,0.639050304889679
8192,1,8,69,80.8837890625,0.640550971031189
8192,1,8,70,81.2744140625,0.6393939852714539
8192,1,8,71,80.7373046875,0.641879677772522
8192,1,8,72,80.95703125,0.6436362862586975
8192,1,8,73,81.11572265625,0.6415464878082275
8192,1,8,74,81.34765625,0.6375375986099243
8192,1,8,75,81.16455078125,0.6367362141609192
8192,1,8,76,81.0302734375,0.6381204724311829
8192,1,8,77,80.84716796875,0.6389356851577759
8192,1,8,78,81.04248046875,0.6400279402732849
8192,1,8,79,81.103515625,0.633712887763977
8192,1,8,80,81.4453125,0.63563072681427
8192,1,8,81,81.2255859375,0.6360621452331543
8192,1,8,82,81.298828125,0.6352931261062622
8192,1,8,83,81.298828125,0.6358720064163208
8192,1,8,84,81.54296875,0.6343820095062256
8192,1,8,85,81.60400390625,0.6352903842926025
8192,1,8,86,81.21337890625,0.632790744304657
8192,1,8,87,81.18896484375,0.6361072063446045
8192,1,8,88,81.50634765625,0.6321402192115784
8192,1,8,89,81.103515625,0.6331886053085327
8192,1,8,90,80.77392578125,0.6365505456924438
8192,1,8,91,81.7626953125,0.6317471265792847
8192,1,8,92,81.48193359375,0.6314036250114441
8192,1,8,93,81.6650390625,0.6300759315490723
8192,1,8,94,81.70166015625,0.6305834054946899
8192,1,8,95,81.48193359375,0.6309426426887512
8192,1,8,96,81.3232421875,0.6301112174987793
8192,1,8,97,81.65283203125,0.628576934337616
8192,1,8,98,81.6162109375,0.6280174255371094
8192,1,8,99,81.43310546875,0.6298104524612427
8192,1,8,100,81.53076171875,0.627686619758606
8192,2,1,1,12.255859375,2.2928991317749023
8192,2,1,2,13.916015625,2.280071258544922
8192,2,1,3,15.6494140625,2.264456272125244
8192,2,1,4,15.88134765625,2.253335952758789
8192,2,1,5,15.9912109375,2.246839761734009
8192,2,1,6,16.88232421875,2.2323508262634277
8192,2,1,7,17.333984375,2.221902370452881
8192,2,1,8,18.2373046875,2.2175378799438477
8192,2,1,9,18.0419921875,2.208226203918457
8192,2,1,10,18.6279296875,2.2015957832336426
8192,2,1,11,19.2138671875,2.2015295028686523
8192,2,1,12,19.47021484375,2.191446304321289
8192,2,1,13,19.53125,2.184816360473633
8192,2,1,14,19.44580078125,2.177657127380371
8192,2,1,15,20.8251953125,2.1716861724853516
8192,2,1,16,20.41015625,2.1697826385498047
8192,2,1,17,20.6298828125,2.1687135696411133
8192,2,1,18,21.10595703125,2.160348892211914
8192,2,1,19,21.2158203125,2.155642032623291
8192,2,1,20,21.05712890625,2.1566615104675293
8192,2,1,21,21.3134765625,2.1506636142730713
8192,2,1,22,21.4111328125,2.147310733795166
8192,2,1,23,20.59326171875,2.145224094390869
8192,2,1,24,21.35009765625,2.1415512561798096
8192,2,1,25,21.3623046875,2.1432151794433594
8192,2,1,26,21.19140625,2.1406781673431396
8192,2,1,27,21.30126953125,2.1368491649627686
8192,2,1,28,21.9482421875,2.1306140422821045
8192,2,1,29,21.83837890625,2.1256232261657715
8192,2,1,30,21.728515625,2.1291966438293457
8192,2,1,31,21.69189453125,2.1282763481140137
8192,2,1,32,21.38671875,2.122356414794922
8192,2,1,33,21.484375,2.121443033218384
8192,2,1,34,21.69189453125,2.1203794479370117
8192,2,1,35,21.91162109375,2.1217150688171387
8192,2,1,36,21.88720703125,2.1191294193267822
8192,2,1,37,21.71630859375,2.1169586181640625
8192,2,1,38,21.88720703125,2.1144495010375977
8192,2,1,39,21.56982421875,2.112349033355713
8192,2,1,40,21.93603515625,2.1065049171447754
8192,2,1,41,21.5087890625,2.1095871925354004
8192,2,1,42,21.8994140625,2.1081347465515137
8192,2,1,43,22.08251953125,2.1072957515716553
8192,2,1,44,22.36328125,2.1006920337677
8192,2,1,45,22.35107421875,2.101266622543335
8192,2,1,46,21.74072265625,2.099601984024048
8192,2,1,47,23.046875,2.094280481338501
8192,2,1,48,22.91259765625,2.093841075897217
8192,2,1,49,22.2412109375,2.0962276458740234
8192,2,1,50,22.15576171875,2.0937483310699463
8192,2,1,51,22.49755859375,2.0924549102783203
8192,2,1,52,22.2412109375,2.096174716949463
8192,2,1,53,22.91259765625,2.091521739959717
8192,2,1,54,22.607421875,2.090799331665039
8192,2,1,55,22.47314453125,2.091637372970581
8192,2,1,56,22.55859375,2.086534023284912
8192,2,1,57,22.8515625,2.085475444793701
8192,2,1,58,23.291015625,2.083686113357544
8192,2,1,59,22.9248046875,2.0823206901550293
8192,2,1,60,22.509765625,2.084413528442383
8192,2,1,61,22.802734375,2.081148147583008
8192,2,1,62,22.37548828125,2.0825984477996826
8192,2,1,63,23.193359375,2.0829153060913086
8192,2,1,64,22.5830078125,2.08084774017334
8192,2,1,65,22.86376953125,2.081165313720703
8192,2,1,66,22.88818359375,2.0768308639526367
8192,2,1,67,22.3876953125,2.0797386169433594
8192,2,1,68,22.81494140625,2.077239513397217
8192,2,1,69,22.8759765625,2.074125289916992
8192,2,1,70,22.69287109375,2.0736379623413086
8192,2,1,71,22.59521484375,2.0732321739196777
8192,2,1,72,23.0224609375,2.070094108581543
8192,2,1,73,23.2177734375,2.0675525665283203
8192,2,1,74,22.509765625,2.069669723510742
8192,2,1,75,22.607421875,2.0762038230895996
8192,2,1,76,23.1201171875,2.0724644660949707
8192,2,1,77,22.93701171875,2.067568063735962
8192,2,1,78,22.65625,2.067251205444336
8192,2,1,79,22.65625,2.0698509216308594
8192,2,1,80,23.4619140625,2.067716360092163
8192,2,1,81,22.69287109375,2.066683053970337
8192,2,1,82,22.79052734375,2.06782865524292
8192,2,1,83,23.05908203125,2.0632028579711914
8192,2,1,84,23.18115234375,2.061197280883789
8192,2,1,85,22.8271484375,2.0654373168945312
8192,2,1,86,22.9248046875,2.063946008682251
8192,2,1,87,23.6572265625,2.062347412109375
8192,2,1,88,23.4375,2.059335947036743
8192,2,1,89,22.9248046875,2.063082218170166
8192,2,1,90,22.8515625,2.064634323120117
8192,2,1,91,22.83935546875,2.061403274536133
8192,2,1,92,23.0224609375,2.057131767272949
8192,2,1,93,23.18115234375,2.060688018798828
8192,2,1,94,23.15673828125,2.0583434104919434
8192,2,1,95,23.33984375,2.0553486347198486
8192,2,1,96,23.27880859375,2.0604665279388428
8192,2,1,97,23.0224609375,2.057929277420044
8192,2,1,98,23.13232421875,2.0611023902893066
8192,2,1,99,22.86376953125,2.0607542991638184
8192,2,1,100,22.76611328125,2.056800365447998
8192,2,2,1,23.876953125,2.046210289001465
8192,2,2,2,24.853515625,2.033557415008545
8192,2,2,3,25.537109375,2.0274977684020996
8192,2,2,4,26.33056640625,2.0085761547088623
8192,2,2,5,27.001953125,1.998652696609497
8192,2,2,6,27.5390625,1.9861891269683838
8192,2,2,7,27.60009765625,1.9807379245758057
8192,2,2,8,27.91748046875,1.9745755195617676
8192,2,2,9,28.61328125,1.9676365852355957
8192,2,2,10,29.150390625,1.9602601528167725
8192,2,2,11,29.21142578125,1.952988862991333
8192,2,2,12,29.052734375,1.9454584121704102
8192,2,2,13,29.77294921875,1.9370452165603638
8192,2,2,14,29.736328125,1.9369773864746094
8192,2,2,15,30.11474609375,1.9285447597503662
8192,2,2,16,30.18798828125,1.9264203310012817
8192,2,2,17,30.23681640625,1.9234898090362549
8192,2,2,18,29.82177734375,1.9177297353744507
8192,2,2,19,30.55419921875,1.9144864082336426
8192,2,2,20,30.92041015625,1.9106253385543823
8192,2,2,21,30.6640625,1.9095790386199951
8192,2,2,22,30.31005859375,1.9082084894180298
8192,2,2,23,30.72509765625,1.9028438329696655
8192,2,2,24,31.18896484375,1.899855136871338
8192,2,2,25,31.11572265625,1.896925449371338
8192,2,2,26,31.3232421875,1.893829107284546
8192,2,2,27,30.77392578125,1.8939683437347412
8192,2,2,28,31.55517578125,1.8868134021759033
8192,2,2,29,31.45751953125,1.885319471359253
8192,2,2,30,31.5185546875,1.884997010231018
8192,2,2,31,32.31201171875,1.8783941268920898
8192,2,2,32,31.4697265625,1.8821580410003662
8192,2,2,33,31.787109375,1.879499912261963
8192,2,2,34,31.97021484375,1.8769361972808838
8192,2,2,35,32.06787109375,1.8701893091201782
8192,2,2,36,32.177734375,1.8728774785995483
8192,2,2,37,32.33642578125,1.8697428703308105
8192,2,2,38,32.43408203125,1.8711612224578857
8192,2,2,39,31.97021484375,1.8721903562545776
8192,2,2,40,32.4462890625,1.871446132659912
8192,2,2,41,32.50732421875,1.8674583435058594
8192,2,2,42,32.470703125,1.8660521507263184
8192,2,2,43,32.26318359375,1.8673160076141357
8192,2,2,44,32.0068359375,1.8648955821990967
8192,2,2,45,32.16552734375,1.8602434396743774
8192,2,2,46,32.177734375,1.8632621765136719
8192,2,2,47,32.080078125,1.859220027923584
8192,2,2,48,31.8115234375,1.8623487949371338
8192,2,2,49,32.33642578125,1.8519456386566162
8192,2,2,50,32.8125,1.8585731983184814
8192,2,2,51,32.40966796875,1.853879690170288
8192,2,2,52,32.70263671875,1.8539375066757202
8192,2,2,53,32.53173828125,1.8527257442474365
8192,2,2,54,32.5439453125,1.8545808792114258
8192,2,2,55,33.0078125,1.8526053428649902
8192,2,2,56,32.861328125,1.847715139389038
8192,2,2,57,32.7392578125,1.846468210220337
8192,2,2,58,32.43408203125,1.8456987142562866
8192,2,2,59,33.09326171875,1.8405311107635498
8192,2,2,60,32.2998046875,1.8445265293121338
8192,2,2,61,32.6416015625,1.8432306051254272
8192,2,2,62,33.04443359375,1.8410981893539429
8192,2,2,63,32.55615234375,1.84557044506073
8192,2,2,64,32.666015625,1.8457390069961548
8192,2,2,65,32.65380859375,1.8399806022644043
8192,2,2,66,32.8369140625,1.8398268222808838
8192,2,2,67,32.94677734375,1.841709852218628
8192,2,2,68,32.23876953125,1.8401970863342285
8192,2,2,69,32.70263671875,1.8382389545440674
8192,2,2,70,32.92236328125,1.8348702192306519
8192,2,2,71,32.6904296875,1.836310625076294
8192,2,2,72,32.861328125,1.837751865386963
8192,2,2,73,33.447265625,1.8333220481872559
8192,2,2,74,33.41064453125,1.8343204259872437
8192,2,2,75,33.02001953125,1.8325397968292236
8192,2,2,76,32.6416015625,1.8314449787139893
8192,2,2,77,32.568359375,1.833268642425537
8192,2,2,78,33.251953125,1.8297834396362305
8192,2,2,79,32.9833984375,1.8348596096038818
8192,2,2,80,32.92236328125,1.8319447040557861
8192,2,2,81,33.06884765625,1.8300405740737915
8192,2,2,82,33.75244140625,1.8240563869476318
8192,2,2,83,33.43505859375,1.8233380317687988
8192,2,2,84,33.63037109375,1.8230464458465576
8192,2,2,85,33.0322265625,1.8283956050872803
8192,2,2,86,34.06982421875,1.8249967098236084
8192,2,2,87,33.70361328125,1.8253957033157349
8192,2,2,88,33.642578125,1.8219624757766724
8192,2,2,89,33.45947265625,1.822666883468628
8192,2,2,90,33.49609375,1.8212826251983643
8192,2,2,91,33.11767578125,1.8169044256210327
8192,2,2,92,33.33740234375,1.8196091651916504
8192,2,2,93,33.349609375,1.8238370418548584
8192,2,2,94,33.0810546875,1.8219892978668213
8192,2,2,95,33.50830078125,1.8181886672973633
8192,2,2,96,33.9599609375,1.8169755935668945
8192,2,2,97,33.53271484375,1.8199313879013062
8192,2,2,98,33.77685546875,1.8171449899673462
8192,2,2,99,33.544921875,1.819342851638794
8192,2,2,100,33.935546875,1.8203504085540771
8192,2,3,1,34.0087890625,1.8114426136016846
8192,2,3,2,34.66796875,1.7995781898498535
8192,2,3,3,35.205078125,1.7914834022521973
8192,2,3,4,36.03515625,1.773466944694519
8192,2,3,5,36.2060546875,1.765973448753357
8192,2,3,6,37.14599609375,1.7547029256820679
8192,2,3,7,37.4267578125,1.746530532836914
8192,2,3,8,37.07275390625,1.7409040927886963
8192,2,3,9,37.1826171875,1.7367274761199951
8192,2,3,10,37.85400390625,1.727583885192871
8192,2,3,11,38.0615234375,1.7220468521118164
8192,2,3,12,38.63525390625,1.716683030128479
8192,2,3,13,38.58642578125,1.712217092514038
8192,2,3,14,39.35546875,1.7064273357391357
8192,2,3,15,39.16015625,1.700881004333496
8192,2,3,16,39.80712890625,1.6945717334747314
8192,2,3,17,39.5751953125,1.69559907913208
8192,2,3,18,40.5029296875,1.6833457946777344
8192,2,3,19,40.0390625,1.6839897632598877
8192,2,3,20,39.78271484375,1.6785415410995483
8192,2,3,21,40.19775390625,1.67453932762146
8192,2,3,22,40.673828125,1.67344331741333
8192,2,3,23,40.5517578125,1.668429970741272
8192,2,3,24,40.7470703125,1.665546178817749
8192,2,3,25,40.66162109375,1.6665575504302979
8192,2,3,26,40.869140625,1.6605232954025269
8192,2,3,27,40.576171875,1.6601545810699463
8192,2,3,28,41.19873046875,1.6539011001586914
8192,2,3,29,41.259765625,1.654800295829773
8192,2,3,30,40.49072265625,1.6621607542037964
8192,2,3,31,40.66162109375,1.6533846855163574
8192,2,3,32,40.13671875,1.6552367210388184
8192,2,3,33,40.39306640625,1.6549252271652222
8192,2,3,34,40.52734375,1.6521092653274536
8192,2,3,35,41.02783203125,1.6497092247009277
8192,2,3,36,41.02783203125,1.6485594511032104
8192,2,3,37,41.0888671875,1.6435281038284302
8192,2,3,38,41.9189453125,1.6395654678344727
8192,2,3,39,41.32080078125,1.6421334743499756
8192,2,3,40,41.40625,1.6391472816467285
8192,2,3,41,41.064453125,1.638215184211731
8192,2,3,42,41.2353515625,1.6386146545410156
8192,2,3,43,41.78466796875,1.6368637084960938
8192,2,3,44,41.8212890625,1.6373450756072998
8192,2,3,45,41.5283203125,1.6357111930847168
8192,2,3,46,41.93115234375,1.6254633665084839
8192,2,3,47,41.943359375,1.624467372894287
8192,2,3,48,41.2353515625,1.632332444190979
8192,2,3,49,41.10107421875,1.627098798751831
8192,2,3,50,41.50390625,1.6253368854522705
8192,2,3,51,41.7724609375,1.6211740970611572
8192,2,3,52,41.80908203125,1.6199603080749512
8192,2,3,53,41.8701171875,1.6244338750839233
8192,2,3,54,42.17529296875,1.6190459728240967
8192,2,3,55,41.66259765625,1.622368574142456
8192,2,3,56,42.431640625,1.61452054977417
8192,2,3,57,42.4072265625,1.6133136749267578
8192,2,3,58,41.56494140625,1.6172852516174316
8192,2,3,59,42.44384765625,1.608827829360962
8192,2,3,60,42.66357421875,1.6128348112106323
8192,2,3,61,42.3828125,1.6093480587005615
8192,2,3,62,42.48046875,1.6124753952026367
8192,2,3,63,41.748046875,1.6100866794586182
8192,2,3,64,42.41943359375,1.613000512123108
8192,2,3,65,42.6513671875,1.6092649698257446
8192,2,3,66,42.59033203125,1.6089904308319092
8192,2,3,67,42.61474609375,1.604687213897705
8192,2,3,68,42.626953125,1.599470615386963
8192,2,3,69,42.73681640625,1.6009072065353394
8192,2,3,70,42.63916015625,1.599990963935852
8192,2,3,71,42.51708984375,1.6023383140563965
8192,2,3,72,42.333984375,1.6007397174835205
8192,2,3,73,42.71240234375,1.6015734672546387
8192,2,3,74,42.54150390625,1.5992655754089355
8192,2,3,75,42.48046875,1.596719741821289
8192,2,3,76,42.29736328125,1.599395990371704
8192,2,3,77,42.98095703125,1.5943504571914673
8192,2,3,78,42.626953125,1.5960454940795898
8192,2,3,79,42.34619140625,1.5962092876434326
8192,2,3,80,42.34619140625,1.5926761627197266
8192,2,3,81,42.28515625,1.59454345703125
8192,2,3,82,42.529296875,1.592085599899292
8192,2,3,83,42.5537109375,1.593540072441101
8192,2,3,84,42.51708984375,1.5906845331192017
8192,2,3,85,42.22412109375,1.5915637016296387
8192,2,3,86,42.59033203125,1.588953971862793
8192,2,3,87,42.07763671875,1.5962811708450317
8192,2,3,88,42.56591796875,1.5862799882888794
8192,2,3,89,42.41943359375,1.591228723526001
8192,2,3,90,42.51708984375,1.5833085775375366
8192,2,3,91,42.431640625,1.5869005918502808
8192,2,3,92,42.90771484375,1.5841588973999023
8192,2,3,93,42.68798828125,1.5838468074798584
8192,2,3,94,42.29736328125,1.5920956134796143
8192,2,3,95,42.28515625,1.5880730152130127
8192,2,3,96,42.2607421875,1.585404872894287
8192,2,3,97,42.22412109375,1.5871813297271729
8192,2,3,98,42.63916015625,1.5817663669586182
8192,2,3,99,42.85888671875,1.58380126953125
8192,2,3,100,42.61474609375,1.5847567319869995
8192,2,4,1,43.42041015625,1.5754402875900269
8192,2,4,2,43.84765625,1.5616519451141357
8192,2,4,3,44.93408203125,1.5499508380889893
8192,2,4,4,45.166015625,1.5442862510681152
8192,2,4,5,45.61767578125,1.5335371494293213
8192,2,4,6,46.19140625,1.5228354930877686
8192,2,4,7,46.22802734375,1.5104354619979858
8192,2,4,8,46.630859375,1.5013419389724731
8192,2,4,9,46.6552734375,1.4947189092636108
8192,2,4,10,46.6796875,1.4911571741104126
8192,2,4,11,46.96044921875,1.4829044342041016
8192,2,4,12,47.91259765625,1.47822904586792
8192,2,4,13,47.86376953125,1.4748895168304443
8192,2,4,14,47.59521484375,1.4738578796386719
8192,2,4,15,47.66845703125,1.470719575881958
8192,2,4,16,48.486328125,1.464514136314392
8192,2,4,17,48.76708984375,1.4591962099075317
8192,2,4,18,48.47412109375,1.453053593635559
8192,2,4,19,49.20654296875,1.447126865386963
8192,2,4,20,48.2666015625,1.4514930248260498
8192,2,4,21,49.267578125,1.4417927265167236
8192,2,4,22,49.0478515625,1.4391517639160156
8192,2,4,23,49.2431640625,1.4377844333648682
8192,2,4,24,48.98681640625,1.4338114261627197
8192,2,4,25,49.4140625,1.4314601421356201
8192,2,4,26,49.70703125,1.4310665130615234
8192,2,4,27,49.609375,1.4325008392333984
8192,2,4,28,49.62158203125,1.4307130575180054
8192,2,4,29,49.98779296875,1.4212583303451538
8192,2,4,30,50.1708984375,1.422478199005127
8192,2,4,31,50.48828125,1.4201115369796753
8192,2,4,32,50.146484375,1.416681170463562
8192,2,4,33,50.537109375,1.41377854347229
8192,2,4,34,50.1708984375,1.4128057956695557
8192,2,4,35,49.91455078125,1.4123613834381104
8192,2,4,36,50.32958984375,1.4070894718170166
8192,2,4,37,50.5859375,1.407459020614624
8192,2,4,38,50.23193359375,1.4121553897857666
8192,2,4,39,50.62255859375,1.40852952003479
8192,2,4,40,50.67138671875,1.4041106700897217
8192,2,4,41,51.0498046875,1.4021096229553223
8192,2,4,42,50.732421875,1.4048123359680176
8192,2,4,43,50.3662109375,1.405113697052002
8192,2,4,44,50.68359375,1.3987247943878174
8192,2,4,45,50.76904296875,1.3999788761138916
8192,2,4,46,50.81787109375,1.3938930034637451
8192,2,4,47,51.06201171875,1.3959871530532837
8192,2,4,48,50.79345703125,1.3918639421463013
8192,2,4,49,51.3916015625,1.3896138668060303
8192,2,4,50,50.98876953125,1.3928282260894775
8192,2,4,51,50.96435546875,1.3954620361328125
8192,2,4,52,50.927734375,1.3910130262374878
8192,2,4,53,50.96435546875,1.3906981945037842
8192,2,4,54,50.91552734375,1.3884457349777222
8192,2,4,55,51.03759765625,1.3845643997192383
8192,2,4,56,50.64697265625,1.3848497867584229
8192,2,4,57,50.67138671875,1.388447880744934
8192,2,4,58,51.11083984375,1.3849977254867554
8192,2,4,59,51.1474609375,1.3845751285552979
8192,2,4,60,51.025390625,1.381628155708313
8192,2,4,61,50.96435546875,1.3822507858276367
8192,2,4,62,51.45263671875,1.3779277801513672
8192,2,4,63,51.5380859375,1.3756754398345947
8192,2,4,64,51.74560546875,1.3789745569229126
8192,2,4,65,51.123046875,1.3772025108337402
8192,2,4,66,51.03759765625,1.3761827945709229
8192,2,4,67,51.1962890625,1.3769474029541016
8192,2,4,68,51.2451171875,1.3742215633392334
8192,2,4,69,51.62353515625,1.3713029623031616
8192,2,4,70,51.513671875,1.3742973804473877
8192,2,4,71,51.40380859375,1.3731791973114014
8192,2,4,72,51.4404296875,1.3742072582244873
8192,2,4,73,51.5869140625,1.3699324131011963
8192,2,4,74,51.50146484375,1.369722843170166
8192,2,4,75,50.91552734375,1.3718054294586182
8192,2,4,76,51.1474609375,1.373004674911499
8192,2,4,77,51.0498046875,1.3756582736968994
8192,2,4,78,50.81787109375,1.372909665107727
8192,2,4,79,50.67138671875,1.369703769683838
8192,2,4,80,51.50146484375,1.3689119815826416
8192,2,4,81,51.5380859375,1.3691446781158447
8192,2,4,82,51.91650390625,1.3695456981658936
8192,2,4,83,51.66015625,1.3638666868209839
8192,2,4,84,51.123046875,1.36546790599823
8192,2,4,85,51.7333984375,1.3656924962997437
8192,2,4,86,51.15966796875,1.3697452545166016
8192,2,4,87,51.904296875,1.3618605136871338
8192,2,4,88,51.611328125,1.3632266521453857
8192,2,4,89,51.59912109375,1.3614035844802856
8192,2,4,90,51.5380859375,1.3639824390411377
8192,2,4,91,51.6357421875,1.3633533716201782
8192,2,4,92,51.4892578125,1.36698317527771
8192,2,4,93,51.03759765625,1.3654115200042725
8192,2,4,94,51.416015625,1.364627480506897
8192,2,4,95,51.42822265625,1.3670964241027832
8192,2,4,96,51.416015625,1.362736701965332
8192,2,4,97,51.5869140625,1.3659143447875977
8192,2,4,98,51.72119140625,1.3647862672805786
8192,2,4,99,51.5380859375,1.360492467880249
8192,2,4,100,50.9765625,1.3623149394989014
8192,2,5,1,51.40380859375,1.3537338972091675
8192,2,5,2,52.4658203125,1.3412079811096191
8192,2,5,3,52.52685546875,1.3325912952423096
8192,2,5,4,53.4423828125,1.324320673942566
8192,2,5,5,53.50341796875,1.315983772277832
8192,2,5,6,53.564453125,1.3072402477264404
8192,2,5,7,53.40576171875,1.302959680557251
8192,2,5,8,54.65087890625,1.2912776470184326
8192,2,5,9,54.74853515625,1.2866042852401733
8192,2,5,10,55.078125,1.2783362865447998
8192,2,5,11,55.79833984375,1.276978850364685
8192,2,5,12,55.37109375,1.2725105285644531
8192,2,5,13,55.6884765625,1.265336275100708
8192,2,5,14,56.40869140625,1.2619349956512451
8192,2,5,15,56.15234375,1.2589788436889648
8192,2,5,16,56.26220703125,1.2533997297286987
8192,2,5,17,56.9580078125,1.249553918838501
8192,2,5,18,56.75048828125,1.2471033334732056
8192,2,5,19,56.40869140625,1.2450547218322754
8192,2,5,20,57.03125,1.2379443645477295
8192,2,5,21,56.9580078125,1.2328264713287354
8192,2,5,22,57.01904296875,1.2332208156585693
8192,2,5,23,56.6650390625,1.232530117034912
8192,2,5,24,56.70166015625,1.2317326068878174
8192,2,5,25,56.8359375,1.231288194656372
8192,2,5,26,57.16552734375,1.2257909774780273
8192,2,5,27,56.884765625,1.2233808040618896
8192,2,5,28,57.177734375,1.2207303047180176
8192,2,5,29,57.58056640625,1.217517614364624
8192,2,5,30,57.8125,1.2158777713775635
8192,2,5,31,57.55615234375,1.2127865552902222
8192,2,5,32,57.666015625,1.2153986692428589
8192,2,5,33,57.45849609375,1.2111732959747314
8192,2,5,34,57.373046875,1.2108347415924072
8192,2,5,35,58.21533203125,1.2066383361816406
8192,2,5,36,57.9345703125,1.2065837383270264
8192,2,5,37,57.75146484375,1.2016618251800537
8192,2,5,38,58.23974609375,1.2051925659179688
8192,2,5,39,58.19091796875,1.2005895376205444
8192,2,5,40,57.8857421875,1.200671672821045
8192,2,5,41,58.11767578125,1.1962422132492065
8192,2,5,42,58.251953125,1.1976796388626099
8192,2,5,43,57.861328125,1.1932408809661865
8192,2,5,44,58.09326171875,1.1913440227508545
8192,2,5,45,58.349609375,1.192638635635376
8192,2,5,46,58.26416015625,1.1931484937667847
8192,2,5,47,58.544921875,1.1926542520523071
8192,2,5,48,58.14208984375,1.189914345741272
8192,2,5,49,59.033203125,1.188171148300171
8192,2,5,50,58.30078125,1.1910600662231445
8192,2,5,51,57.84912109375,1.1907410621643066
8192,2,5,52,58.0810546875,1.186497449874878
8192,2,5,53,58.92333984375,1.1865906715393066
8192,2,5,54,58.65478515625,1.1856262683868408
8192,2,5,55,57.77587890625,1.1846096515655518
8192,2,5,56,58.6181640625,1.1850790977478027
8192,2,5,57,58.4716796875,1.1784712076187134
8192,2,5,58,58.23974609375,1.1817710399627686
8192,2,5,59,58.55712890625,1.1797035932540894
8192,2,5,60,58.60595703125,1.1741359233856201
8192,2,5,61,58.9111328125,1.1745073795318604
8192,2,5,62,58.70361328125,1.177710771560669
8192,2,5,63,58.60595703125,1.1760425567626953
8192,2,5,64,58.9111328125,1.1760867834091187
8192,2,5,65,58.85009765625,1.176822543144226
8192,2,5,66,58.67919921875,1.1720143556594849
8192,2,5,67,58.50830078125,1.1700102090835571
8192,2,5,68,59.130859375,1.1683205366134644
8192,2,5,69,58.9111328125,1.1698209047317505
8192,2,5,70,58.45947265625,1.1706095933914185
8192,2,5,71,58.8623046875,1.1726510524749756
8192,2,5,72,58.72802734375,1.1717993021011353
8192,2,5,73,58.60595703125,1.1717119216918945
8192,2,5,74,58.85009765625,1.1675313711166382
8192,2,5,75,59.1796875,1.1657992601394653
8192,2,5,76,59.65576171875,1.1652321815490723
8192,2,5,77,59.26513671875,1.1673803329467773
8192,2,5,78,59.326171875,1.16628098487854
8192,2,5,79,59.66796875,1.1591312885284424
8192,2,5,80,59.1064453125,1.164064884185791
8192,2,5,81,59.47265625,1.1627076864242554
8192,2,5,82,59.326171875,1.16318941116333
8192,2,5,83,59.375,1.159362554550171
8192,2,5,84,59.47265625,1.1580429077148438
8192,2,5,85,59.70458984375,1.1595615148544312
8192,2,5,86,59.72900390625,1.1621873378753662
8192,2,5,87,59.2529296875,1.1580581665039062
8192,2,5,88,59.3505859375,1.1611852645874023
8192,2,5,89,59.28955078125,1.1592228412628174
8192,2,5,90,59.6923828125,1.160247802734375
8192,2,5,91,59.70458984375,1.16013765335083
8192,2,5,92,59.99755859375,1.1574738025665283
8192,2,5,93,59.5703125,1.1609833240509033
8192,2,5,94,59.9609375,1.153516411781311
8192,2,5,95,59.89990234375,1.1567105054855347
8192,2,5,96,59.50927734375,1.1547685861587524
8192,2,5,97,59.77783203125,1.1551240682601929
8192,2,5,98,59.6923828125,1.1550523042678833
8192,2,5,99,59.4970703125,1.1598600149154663
8192,2,5,100,59.5947265625,1.1518173217773438
8192,2,6,1,59.82666015625,1.14517080783844
8192,2,6,2,60.693359375,1.1373299360275269
8192,2,6,3,61.4013671875,1.1241812705993652
8192,2,6,4,61.3525390625,1.1156377792358398
8192,2,6,5,62.1337890625,1.1085091829299927
8192,2,6,6,61.63330078125,1.1022629737854004
8192,2,6,7,62.2314453125,1.0922200679779053
8192,2,6,8,62.79296875,1.0847687721252441
8192,2,6,9,63.19580078125,1.0794602632522583
8192,2,6,10,63.18359375,1.0712850093841553
8192,2,6,11,63.0859375,1.0657129287719727
8192,2,6,12,63.85498046875,1.0602972507476807
8192,2,6,13,63.96484375,1.05457603931427
8192,2,6,14,64.404296875,1.0493830442428589
8192,2,6,15,64.6484375,1.0445491075515747
8192,2,6,16,64.36767578125,1.0431091785430908
8192,2,6,17,64.70947265625,1.041494369506836
8192,2,6,18,64.51416015625,1.0378828048706055
8192,2,6,19,64.88037109375,1.038668155670166
8192,2,6,20,65.31982421875,1.0295056104660034
8192,2,6,21,65.2587890625,1.02629816532135
8192,2,6,22,65.576171875,1.021150827407837
8192,2,6,23,65.625,1.0222924947738647
8192,2,6,24,65.93017578125,1.0239050388336182
8192,2,6,25,65.85693359375,1.0220296382904053
8192,2,6,26,65.7470703125,1.021138310432434
8192,2,6,27,66.0400390625,1.0172350406646729
8192,2,6,28,66.0888671875,1.0166015625
8192,2,6,29,65.90576171875,1.0147862434387207
8192,2,6,30,65.91796875,1.0099133253097534
8192,2,6,31,66.015625,1.011574149131775
8192,2,6,32,66.015625,1.008643627166748
8192,2,6,33,66.0400390625,1.0083208084106445
8192,2,6,34,66.748046875,1.0060205459594727
8192,2,6,35,66.63818359375,1.0045385360717773
8192,2,6,36,66.32080078125,0.9989237785339355
8192,2,6,37,66.24755859375,0.9969409704208374
8192,2,6,38,66.7236328125,0.9954495429992676
8192,2,6,39,66.845703125,0.9958440065383911
8192,2,6,40,66.58935546875,0.9968774318695068
8192,2,6,41,66.80908203125,0.9926853179931641
8192,2,6,42,66.9921875,0.9894440174102783
8192,2,6,43,66.97998046875,0.9925520420074463
8192,2,6,44,66.9189453125,0.9918094277381897
8192,2,6,45,66.40625,0.993000328540802
8192,2,6,46,66.6259765625,0.9891430139541626
8192,2,6,47,66.46728515625,0.9902031421661377
8192,2,6,48,67.3095703125,0.9837418794631958
8192,2,6,49,66.943359375,0.9860275387763977
8192,2,6,50,67.07763671875,0.9850660562515259
8192,2,6,51,66.71142578125,0.9841083288192749
8192,2,6,52,67.02880859375,0.982906699180603
8192,2,6,53,67.10205078125,0.9831513166427612
8192,2,6,54,66.943359375,0.9845902919769287
8192,2,6,55,66.8701171875,0.9851163625717163
8192,2,6,56,67.08984375,0.9813016653060913
8192,2,6,57,67.0654296875,0.9801563620567322
8192,2,6,58,67.61474609375,0.9802740812301636
8192,2,6,59,67.626953125,0.9809099435806274
8192,2,6,60,67.578125,0.9793097376823425
8192,2,6,61,67.5537109375,0.974248468875885
8192,2,6,62,66.85791015625,0.9806727766990662
8192,2,6,63,67.37060546875,0.9771625995635986
8192,2,6,64,67.22412109375,0.9787690043449402
8192,2,6,65,67.02880859375,0.9750018119812012
8192,2,6,66,67.00439453125,0.974678635597229
8192,2,6,67,67.5537109375,0.9706605672836304
8192,2,6,68,67.39501953125,0.9714642763137817
8192,2,6,69,67.28515625,0.9746296405792236
8192,2,6,70,67.333984375,0.9723328351974487
8192,2,6,71,67.49267578125,0.9709573984146118
8192,2,6,72,67.51708984375,0.9682918190956116
8192,2,6,73,67.76123046875,0.9716488122940063
8192,2,6,74,67.19970703125,0.9753271341323853
8192,2,6,75,67.46826171875,0.9708054065704346
8192,2,6,76,66.97998046875,0.9696420431137085
8192,2,6,77,67.15087890625,0.9684075117111206
8192,2,6,78,67.00439453125,0.9675607681274414
8192,2,6,79,67.73681640625,0.9649926424026489
8192,2,6,80,67.98095703125,0.9616061449050903
8192,2,6,81,67.24853515625,0.9648837447166443
8192,2,6,82,67.78564453125,0.9623753428459167
8192,2,6,83,67.3583984375,0.964789628982544
8192,2,6,84,67.61474609375,0.9644097685813904
8192,2,6,85,67.88330078125,0.9635735154151917
8192,2,6,86,67.73681640625,0.964721143245697
8192,2,6,87,67.3583984375,0.9640488624572754
8192,2,6,88,67.67578125,0.9614706039428711
8192,2,6,89,67.626953125,0.9607117772102356
8192,2,6,90,67.48046875,0.9611855149269104
8192,2,6,91,67.68798828125,0.961706817150116
8192,2,6,92,67.51708984375,0.9618237018585205
8192,2,6,93,67.5048828125,0.9604685306549072
8192,2,6,94,67.85888671875,0.9576815366744995
8192,2,6,95,67.8955078125,0.9575790166854858
8192,2,6,96,67.71240234375,0.9614366888999939
8192,2,6,97,67.8955078125,0.9602225422859192
8192,2,6,98,67.54150390625,0.958667516708374
8192,2,6,99,67.5537109375,0.9618293642997742
8192,2,6,100,67.7490234375,0.9584699869155884
8192,2,7,1,68.07861328125,0.9529805183410645
8192,2,7,2,68.64013671875,0.9462138414382935
8192,2,7,3,68.81103515625,0.9385790824890137
8192,2,7,4,68.9697265625,0.9313896894454956
8192,2,7,5,69.61669921875,0.920720100402832
8192,2,7,6,70.01953125,0.9141061305999756
8192,2,7,7,69.83642578125,0.9065549969673157
8192,2,7,8,70.10498046875,0.9008986949920654
8192,2,7,9,70.47119140625,0.8950682878494263
8192,2,7,10,70.32470703125,0.8911235332489014
8192,2,7,11,70.60546875,0.8885535597801208
8192,2,7,12,71.44775390625,0.8806726932525635
8192,2,7,13,71.54541015625,0.8775505423545837
8192,2,7,14,71.91162109375,0.8744747638702393
8192,2,7,15,71.9482421875,0.869035005569458
8192,2,7,16,72.05810546875,0.8644353151321411
8192,2,7,17,71.8505859375,0.8642727732658386
8192,2,7,18,71.61865234375,0.8621758222579956
8192,2,7,19,71.83837890625,0.8581796884536743
8192,2,7,20,72.0947265625,0.8547926545143127
8192,2,7,21,72.18017578125,0.852298378944397
8192,2,7,22,72.2412109375,0.8509187698364258
8192,2,7,23,72.27783203125,0.8488860130310059
8192,2,7,24,72.10693359375,0.8460628986358643
8192,2,7,25,72.2412109375,0.8415964841842651
8192,2,7,26,72.57080078125,0.8401899337768555
8192,2,7,27,72.3876953125,0.8404449224472046
8192,2,7,28,72.74169921875,0.8372348546981812
8192,2,7,29,72.42431640625,0.838750958442688
8192,2,7,30,72.79052734375,0.8340885639190674
8192,2,7,31,72.9248046875,0.831445574760437
8192,2,7,32,73.14453125,0.8295376300811768
8192,2,7,33,73.388671875,0.8282865285873413
8192,2,7,34,72.998046875,0.8294848203659058
8192,2,7,35,73.18115234375,0.8245995044708252
8192,2,7,36,73.37646484375,0.822852611541748
8192,2,7,37,72.8759765625,0.825297474861145
8192,2,7,38,73.37646484375,0.8212945461273193
8192,2,7,39,73.095703125,0.8229405879974365
8192,2,7,40,73.40087890625,0.8227607011795044
8192,2,7,41,73.44970703125,0.8208070993423462
8192,2,7,42,73.76708984375,0.8174264430999756
8192,2,7,43,73.44970703125,0.8175115585327148
8192,2,7,44,73.15673828125,0.8159165382385254
8192,2,7,45,73.6083984375,0.8143009543418884
8192,2,7,46,73.76708984375,0.8114124536514282
8192,2,7,47,73.91357421875,0.8120278120040894
8192,2,7,48,73.64501953125,0.8138132095336914
8192,2,7,49,73.74267578125,0.8135046362876892
8192,2,7,50,73.7060546875,0.811119556427002
8192,2,7,51,73.6328125,0.8107106685638428
8192,2,7,52,73.62060546875,0.813896656036377
8192,2,7,53,74.0234375,0.8073596358299255
8192,2,7,54,74.12109375,0.8051023483276367
8192,2,7,55,73.681640625,0.8086028099060059
8192,2,7,56,74.1455078125,0.8091598153114319
8192,2,7,57,74.10888671875,0.8083028197288513
8192,2,7,58,73.93798828125,0.8100416660308838
8192,2,7,59,74.03564453125,0.8059095740318298
8192,2,7,60,74.03564453125,0.8065195083618164
8192,2,7,61,74.1455078125,0.8046920299530029
8192,2,7,62,74.51171875,0.8033214807510376
8192,2,7,63,74.2431640625,0.8002821207046509
8192,2,7,64,74.23095703125,0.8012604713439941
8192,2,7,65,74.609375,0.8011467456817627
8192,2,7,66,74.06005859375,0.8023077249526978
8192,2,7,67,74.30419921875,0.7987721562385559
8192,2,7,68,74.40185546875,0.7993423342704773
8192,2,7,69,74.0234375,0.8001571893692017
8192,2,7,70,74.18212890625,0.798801064491272
8192,2,7,71,74.365234375,0.7965658903121948
8192,2,7,72,74.3408203125,0.7983869314193726
8192,2,7,73,74.62158203125,0.7960195541381836
8192,2,7,74,74.462890625,0.7961974143981934
8192,2,7,75,74.32861328125,0.7941422462463379
8192,2,7,76,74.79248046875,0.7930663824081421
8192,2,7,77,74.35302734375,0.7918051481246948
8192,2,7,78,74.658203125,0.7936235666275024
8192,2,7,79,74.20654296875,0.7981536984443665
8192,2,7,80,74.49951171875,0.7947063446044922
8192,2,7,81,74.072265625,0.7979336380958557
8192,2,7,82,74.86572265625,0.7931678295135498
8192,2,7,83,74.5849609375,0.7936394214630127
8192,2,7,84,74.52392578125,0.7944085597991943
8192,2,7,85,74.45068359375,0.7935102581977844
8192,2,7,86,74.5361328125,0.7953857183456421
8192,2,7,87,74.90234375,0.7895874977111816
8192,2,7,88,74.69482421875,0.7904110550880432
8192,2,7,89,74.4384765625,0.7922295928001404
8192,2,7,90,74.3896484375,0.7931777238845825
8192,2,7,91,74.755859375,0.7934907674789429
8192,2,7,92,74.609375,0.7915321588516235
8192,2,7,93,74.74365234375,0.7913793325424194
8192,2,7,94,74.32861328125,0.7914294600486755
8192,2,7,95,74.658203125,0.7924519777297974
8192,2,7,96,74.74365234375,0.7912425994873047
8192,2,7,97,75.09765625,0.789423942565918
8192,2,7,98,74.560546875,0.7903658151626587
8192,2,7,99,74.84130859375,0.790107250213623
8192,2,7,100,74.8046875,0.7908430099487305
8192,2,8,1,75.01220703125,0.7861565351486206
8192,2,8,2,75.50048828125,0.7770980000495911
8192,2,8,3,75.6103515625,0.7714118957519531
8192,2,8,4,75.732421875,0.7652969360351562
8192,2,8,5,75.732421875,0.7576327323913574
8192,2,8,6,76.45263671875,0.7521395087242126
8192,2,8,7,76.953125,0.7428709864616394
8192,2,8,8,77.06298828125,0.7354210019111633
8192,2,8,9,77.47802734375,0.7330830693244934
8192,2,8,10,77.3681640625,0.7299433946609497
8192,2,8,11,77.64892578125,0.7214605212211609
8192,2,8,12,77.3681640625,0.7186508774757385
8192,2,8,13,77.880859375,0.7153583765029907
8192,2,8,14,77.9541015625,0.7107346057891846
8192,2,8,15,77.9296875,0.7070760726928711
8192,2,8,16,78.23486328125,0.704608678817749
8192,2,8,17,78.2958984375,0.7022659778594971
8192,2,8,18,78.466796875,0.700239360332489
8192,2,8,19,78.271484375,0.6964612603187561
8192,2,8,20,78.4423828125,0.6959137320518494
8192,2,8,21,78.43017578125,0.6939646005630493
8192,2,8,22,78.5888671875,0.6902989149093628
8192,2,8,23,78.72314453125,0.6863664984703064
8192,2,8,24,78.80859375,0.6869718432426453
8192,2,8,25,79.150390625,0.6821258068084717
8192,2,8,26,79.1015625,0.6816471815109253
8192,2,8,27,79.04052734375,0.6826649904251099
8192,2,8,28,79.052734375,0.6833394169807434
8192,2,8,29,79.345703125,0.6806559562683105
8192,2,8,30,79.23583984375,0.6731082201004028
8192,2,8,31,79.3212890625,0.674178957939148
8192,2,8,32,79.55322265625,0.672490119934082
8192,2,8,33,79.19921875,0.672866702079773
8192,2,8,34,79.69970703125,0.6716756820678711
8192,2,8,35,79.35791015625,0.6693990230560303
8192,2,8,36,79.50439453125,0.668908953666687
8192,2,8,37,79.74853515625,0.6689068078994751
8192,2,8,38,79.8095703125,0.6691816449165344
8192,2,8,39,79.98046875,0.6680826544761658
8192,2,8,40,79.9072265625,0.6672367453575134
8192,2,8,41,80.04150390625,0.6607319712638855
8192,2,8,42,79.98046875,0.6605400443077087
8192,2,8,43,79.9072265625,0.6619322299957275
8192,2,8,44,79.9072265625,0.6619494557380676
8192,2,8,45,79.84619140625,0.6594868898391724
8192,2,8,46,79.67529296875,0.6599018573760986
8192,2,8,47,80.322265625,0.658235490322113
8192,2,8,48,79.84619140625,0.6573317050933838
8192,2,8,49,80.13916015625,0.6553350687026978
8192,2,8,50,80.17578125,0.6545473337173462
8192,2,8,51,80.04150390625,0.6569450497627258
8192,2,8,52,79.99267578125,0.6593164205551147
8192,2,8,53,80.078125,0.655970573425293
8192,2,8,54,80.23681640625,0.6519215703010559
8192,2,8,55,80.28564453125,0.6532908082008362
8192,2,8,56,79.94384765625,0.6535223722457886
8192,2,8,57,80.17578125,0.6527334451675415
8192,2,8,58,80.35888671875,0.6507406234741211
8192,2,8,59,80.04150390625,0.6484888792037964
8192,2,8,60,80.46875,0.6471118927001953
8192,2,8,61,80.712890625,0.6458183526992798
8192,2,8,62,80.46875,0.6471991539001465
8192,2,8,63,80.2734375,0.6483604311943054
8192,2,8,64,80.6884765625,0.6454229354858398
8192,2,8,65,80.48095703125,0.645318865776062
8192,2,8,66,80.82275390625,0.6415150165557861
8192,2,8,67,80.52978515625,0.6402416229248047
8192,2,8,68,80.5908203125,0.643385648727417
8192,2,8,69,80.6640625,0.6416491866111755
8192,2,8,70,80.70068359375,0.6413106322288513
8192,2,8,71,80.517578125,0.6441035270690918
8192,2,8,72,80.712890625,0.6420631408691406
8192,2,8,73,80.57861328125,0.6423438191413879
8192,2,8,74,80.6640625,0.6421407461166382
8192,2,8,75,80.92041015625,0.6391946077346802
8192,2,8,76,80.9326171875,0.6398529410362244
8192,2,8,77,80.9814453125,0.6380285024642944
8192,2,8,78,80.810546875,0.6380136609077454
8192,2,8,79,80.45654296875,0.638055682182312
8192,2,8,80,80.52978515625,0.637450098991394
8192,2,8,81,80.87158203125,0.6363742351531982
8192,2,8,82,80.89599609375,0.6346164345741272
8192,2,8,83,80.76171875,0.6387719511985779
8192,2,8,84,80.95703125,0.6383523941040039
8192,2,8,85,80.96923828125,0.6342477798461914
8192,2,8,86,81.103515625,0.6378400921821594
8192,2,8,87,81.0302734375,0.634965717792511
8192,2,8,88,81.06689453125,0.6307302713394165
8192,2,8,89,80.72509765625,0.6337499022483826
8192,2,8,90,80.95703125,0.6325676441192627
8192,2,8,91,81.1279296875,0.6309636831283569
8192,2,8,92,80.96923828125,0.6322859525680542
8192,2,8,93,80.87158203125,0.6313214302062988
8192,2,8,94,80.8837890625,0.6345282196998596
8192,2,8,95,81.0302734375,0.6321051716804504
8192,2,8,96,81.15234375,0.6330632567405701
8192,2,8,97,80.65185546875,0.6347372531890869
8192,2,8,98,80.87158203125,0.6337339282035828
8192,2,8,99,81.11572265625,0.6281733512878418
8192,2,8,100,81.4208984375,0.62787264585495
